Категорія 0 рівня;Категорія 1 рівня;Категорія 2 рівня;Категорія 3 рівня;Категорія 4 рівня;Рівень категорії;ID категорії;Категорія;Єдина комісія
товари;авіа-, ж/д-, водний транспорт;водний транспорт;системи управління судном;аксесуари для систем управління судном;4;12070905;аксесуари для систем управління судном;9.31%
товари;авіа-, ж/д-, водний транспорт;водний транспорт;байдарки, рафти, каяки;байдарки, рафти, каяки;3;2049;байдарки, рафти, каяки;6.00%
товари;авіа-, ж/д-, водний транспорт;водний транспорт;комплектуючі, запчастини до водного транспорту;буйки, кранці;4;12070610;буйки, кранці;11.09%
товари;авіа-, ж/д-, водний транспорт;водний транспорт;комплектуючі, запчастини до водного транспорту;весла, багори;4;12070609;весла, багори;10.44%
товари;авіа-, ж/д-, водний транспорт;водний транспорт;засоби порятунку на воді;засоби порятунку на воді;3;3006;засоби порятунку на воді;11.00%
товари;авіа-, ж/д-, водний транспорт;водний транспорт;комплектуючі, запчастини до водного транспорту;комплектуючі та аксесуари для човнів;4;12070407;комплектуючі та аксесуари для човнів;7.00%
товари;авіа-, ж/д-, водний транспорт;водний транспорт;комплектуючі, запчастини до водного транспорту;комплектуючі, запчастини до водного транспорту, загальне;4;12070605;комплектуючі, запчастини до водного транспорту, загальне;25.00%
товари;авіа-, ж/д-, водний транспорт;водний транспорт;мотори для човнів;мотори для човнів;3;12070601;мотори для човнів;6.20%
товари;авіа-, ж/д-, водний транспорт;водний транспорт;комплектуючі, запчастини до водного транспорту;паливне обладнання для човнів і катерів;4;12070607;паливне обладнання для човнів і катерів;8.46%
товари;авіа-, ж/д-, водний транспорт;залізничний транспорт і комплектуючі;залізничний інструмент;ручной залізничний інструмент;4;14201301;ручной залізничний інструмент;10.30%
товари;авіа-, ж/д-, водний транспорт;водний транспорт;комплектуючі, запчастини до водного транспорту;суднові сходи, транці;4;12070615;суднові сходи, транці;9.85%
товари;авіа-, ж/д-, водний транспорт;водний транспорт;суднові системи водопостачання та каналізації;трюмні помпи судна;4;12071105;трюмні помпи судна;14.98%
товари;авіа-, ж/д-, водний транспорт;водний транспорт;човни;човни;3;12070402;човни;7.24%
товари;авто-, мото;автомобільна електроніка;gps;gps-навігатори;4;340404;gps-навігатори;14.95%
товари;авто-, мото;автомобільна електроніка;gps;gps-трекери;4;5091001;gps-трекери;16.24%
товари;авто-, мото;автомобільна електроніка;gps;gps, загальне;4;5091003;gps, загальне;25.00%
товари;авто-, мото;автозапчастини;світлові прилади транспорту;led- лампи автомобільні;4;12020613;led- лампи автомобільні;14.62%
товари;авто-, мото;авто-, мото, загальне;авто-, мото, загальне;авто-, мото, загальне;2;5501;авто-, мото, загальне;25.00%
товари;авто-, мото;аксесуари для авто;автоаксесуари, загальне;автоаксесуари, загальне;3;121221;автоаксесуари, загальне;25.00%
товари;авто-, мото;автомобільна електроніка;автозвук;автоакустика, загальне;4;340422;автоакустика, загальне;25.00%
товари;авто-, мото;автозапчастини;автодзеркала і комплектуючі;автодзеркала і комплектуючі;3;550202;автодзеркала і комплектуючі;10.94%
товари;авто-, мото;автомобільна електроніка;автоелектроніка, загальне;автоелектроніка, загальне;3;340499;автоелектроніка, загальне;25.00%
товари;авто-, мото;автозапчастини;автозапчастини, загальне;автозапчастини, загальне;3;341501;автозапчастини, загальне;25.00%
товари;авто-, мото;автоінструмент;автоінструмент, загальне;автоінструмент, загальне;3;12110204;автоінструмент, загальне;25.00%
товари;авто-, мото;автохімія, автокосметика і автомастила;автокраски, автоемалі;автокраски, автоемалі, загальне;4;341613;автокраски, автоемалі, загальне;25.00%
товари;авто-, мото;автомобільна електроніка;автозвук;автомагнітоли;4;340415;автомагнітоли;14.56%
товари;авто-, мото;автомобільна електроніка;автозвук;автомобільна акустика;4;340419;автомобільна акустика;14.75%
товари;авто-, мото;електрообладнання автомобілів;автомобільна проводка, дроти, клеми і роз'єми;автомобільна проводка, дроти, клеми і роз'єми;3;120224;автомобільна проводка, дроти, клеми і роз'єми;10.09%
товари;авто-, мото;автохімія, автокосметика і автомастила;автомобільні поліролі та шампуні;автомобільний віск;4;341203;автомобільний віск;15.51%
товари;авто-, мото;автомобільна електроніка;автомобільні fm трансмітери;автомобільні fm трансмітери;3;340411;автомобільні fm трансмітери;16.58%
товари;авто-, мото;автомобільна електроніка;автомобільні адаптери живлення;автомобільні адаптери живлення;3;121243;автомобільні адаптери живлення;10.67%
товари;авто-, мото;аксесуари для авто;аксесуари для автотюнингу;автомобільні аеродинамічні обвіси;4;12123201;автомобільні аеродинамічні обвіси;11.30%
товари;авто-, мото;електрообладнання автомобілів;автомобільні акумулятори;автомобільні акумулятори;3;120201;автомобільні акумулятори;9.70%
товари;авто-, мото;автомобільна електроніка;автозвук;автомобільні акустичні дроти і перехідники;4;340431;автомобільні акустичні дроти і перехідники;15.79%
товари;авто-, мото;автомобільна електроніка;автомобільні антени;автомобільні антени;3;340409;автомобільні антени;15.66%
товари;авто-, мото;автомобільна електроніка;автомобільні відеореєстратори;автомобільні відеореєстратори;3;340416;автомобільні відеореєстратори;15.23%
товари;авто-, мото;автомобільна електроніка;автомобільні відеосистеми;автомобільні відеосистеми, загальне;4;340418;автомобільні відеосистеми, загальне;25.00%
товари;авто-, мото;аксесуари для авто;аксесуари салону автомобіля;автомобільні вішалки і столики;4;121263;автомобільні вішалки і столики;15.30%
товари;авто-, мото;автозапчастини;система охолодження двигуна;автомобільні водяні насоси;4;12020420;автомобільні водяні насоси;10.75%
товари;авто-, мото;автозапчастини;деталі ходової;автомобільні втулки ;4;341556;автомобільні втулки ;11.03%
товари;авто-, мото;автохімія, автокосметика і автомастила;автомобільні герметики, клеї;автомобільні герметики, клеї;3;341609;автомобільні герметики, клеї;15.47%
товари;авто-, мото;аксесуари для авто;аксесуари салону автомобіля;автомобільні годинники;4;12126402;автомобільні годинники;15.36%
товари;авто-, мото;автозапчастини;кузовні запчастини;автомобільні дахи;4;341594;автомобільні дахи;13.02%
товари;авто-, мото;автозапчастини;кузовні запчастини;автомобільні двері;4;341532;автомобільні двері;10.90%
товари;авто-, мото;автозапчастини;кузовні запчастини;автомобільні дверні ручки;4;341549;автомобільні дверні ручки;13.94%
товари;авто-, мото;аксесуари для авто;аксесуари для автотюнингу;автомобільні декоративні накладки;4;12123206;автомобільні декоративні накладки;15.48%
товари;авто-, мото;аксесуари для авто;аксесуари для кузова автомобіля;автомобільні дефлектори;4;121203;автомобільні дефлектори;11.60%
товари;авто-, мото;диски і шини;автомобільні диски та шини, загальне;автомобільні диски та шини, загальне;3;80120210;автомобільні диски та шини, загальне;25.00%
товари;авто-, мото;автозапчастини;система охолодження двигуна;автомобільні дифузори і вентилятори;4;341540;автомобільні дифузори і вентилятори;10.23%
товари;авто-, мото;автоінструмент;автомобільні домкрати, підставки;автомобільні домкрати, підставки;3;12110201;автомобільні домкрати, підставки;14.69%
товари;авто-, мото;автозапчастини;система запалювання двигуна;автомобільні дроти запалювання;4;12020504;автомобільні дроти запалювання;10.88%
товари;авто-, мото;електрообладнання автомобілів;автомобільні електродвигуни, коректори і приводи;автомобільні електродвигуни, коректори і приводи;3;12020303;автомобільні електродвигуни, коректори і приводи;11.00%
товари;авто-, мото;аксесуари для авто;автомобільні електронні аксесуари;автомобільні електронні аксесуари, загальне;4;12125901;автомобільні електронні аксесуари, загальне;25.00%
товари;авто-, мото;автозапчастини;кузовні запчастини;автомобільні емблеми;4;120235;автомобільні емблеми;13.98%
товари;авто-, мото;автозапчастини;кузовні запчастини;автомобільні замки і ключі;4;341550;автомобільні замки і ключі;14.04%
товари;авто-, мото;електрообладнання автомобілів;автомобільні запобіжники і перемикачі;автомобільні запобіжники і перемикачі;3;12020307;автомобільні запобіжники і перемикачі;10.44%
товари;авто-, мото;автохімія, автокосметика і автомастила;автомобільні засоби для видалення подряпин;автомобільні засоби для видалення подряпин;3;341602;автомобільні засоби для видалення подряпин;16.51%
товари;авто-, мото;аксесуари для авто;аксесуари для автотюнингу;автомобільні захисні обвіси;4;12123204;автомобільні захисні обвіси;12.49%
товари;авто-, мото;електрообладнання автомобілів;автомобільні звукові сигнали і клаксони;автомобільні звукові сигнали і клаксони;3;12020305;автомобільні звукові сигнали і клаксони;10.88%
товари;авто-, мото;електрообладнання автомобілів;автомобільні індикатори, панелі приладів і керування;автомобільні індикатори, панелі приладів і керування;3;120211;автомобільні індикатори, панелі приладів і керування;14.34%
товари;авто-, мото;автомобільна електроніка;автомобільні відеосистеми;автомобільні камери;4;340407;автомобільні камери;15.40%
товари;авто-, мото;аксесуари для авто;аксесуари салону автомобіля;автомобільні килимки;4;121202;автомобільні килимки;11.71%
товари;авто-, мото;електрообладнання автомобілів;автомобільні кнопки та перемикачі;автомобільні кнопки та перемикачі;3;12020311;автомобільні кнопки та перемикачі;11.91%
товари;авто-, мото;автозапчастини;кондиціонери та комплектуючі для кондиціонерів, опалення, охолодження;автомобільні комплектуючі для кондиціонерів, опалення, охолодження, загальне;4;12021601;автомобільні комплектуючі для кондиціонерів, опалення, охолодження, загальне;25.00%
товари;авто-, мото;автозапчастини;система запалювання двигуна;автомобільні комутатори;4;12020507;автомобільні комутатори;11.01%
товари;авто-, мото;автозапчастини;кондиціонери та комплектуючі для кондиціонерів, опалення, охолодження;автомобільні кондиціонери;4;12021607;автомобільні кондиціонери;11.05%
товари;авто-, мото;аксесуари для авто;багажники і кріплення на дах;автомобільні кріплення для лиж;4;121208;автомобільні кріплення для лиж;13.61%
товари;авто-, мото;автозапчастини;кузовні запчастини;автомобільні кронштейни ;4;341631;автомобільні кронштейни ;11.66%
товари;авто-, мото;додаткове обладнання;автомобільні лебідки;автомобільні лебідки;4;341401;автомобільні лебідки;12.00%
товари;авто-, мото;аксесуари для авто;аксесуари салону автомобіля;автомобільні липкі килимки;4;121256;автомобільні липкі килимки;15.36%
товари;авто-, мото;автозапчастини;кузовні запчастини;автомобільні люки;4;121239;автомобільні люки;13.02%
товари;авто-, мото;автозапчастини;система змащування двигуна;автомобільні масляні насоси;4;12020421;автомобільні масляні насоси;11.83%
товари;авто-, мото;аксесуари для авто;аксесуари для кузова автомобіля;автомобільні молдинги;4;121222;автомобільні молдинги;15.19%
товари;авто-, мото;автомобільна електроніка;автомобільні відеосистеми;автомобільні монітори;4;340425;автомобільні монітори;15.40%
товари;авто-, мото;автоінструмент;автомобільні насоси, компресори та манометри;автомобільні насоси, компресори та манометри;3;12110205;автомобільні насоси, компресори та манометри;15.24%
товари;авто-, мото;автохімія, автокосметика і автомастила;авто, мото масла, мастила та рідини;автомобільні оливи і мастила, загальне;4;341005;автомобільні оливи і мастила, загальне;25.00%
товари;авто-, мото;автозапчастини;деталі ходової;автомобільні опори стійок;4;341554;автомобільні опори стійок;11.03%
товари;авто-, мото;аксесуари для авто;автомобільні органайзери;автомобільні органайзери;3;121245;автомобільні органайзери;16.02%
товари;авто-, мото;автохімія, автокосметика і автомастила;авто, мото масла, мастила та рідини;автомобільні охолоджуючі рідини;4;341015;автомобільні охолоджуючі рідини;15.13%
товари;авто-, мото;автохімія, автокосметика і автомастила;автомобільні очищувачі;автомобільні очищувачі;3;341603;автомобільні очищувачі;15.60%
товари;авто-, мото;аксесуари для авто;автомобільні електронні аксесуари;автомобільні очищувачі повітря;4;121247;автомобільні очищувачі повітря;14.92%
товари;авто-, мото;автозапчастини;система живлення двигуна;автомобільні паливні насоси;4;12020419;автомобільні паливні насоси;10.14%
товари;авто-, мото;автозапчастини;органи керування;автомобільні педалі ;4;12023707;автомобільні педалі ;10.47%
товари;авто-, мото;автозапчастини;світлові прилади транспорту;автомобільні передні фари;4;12020601;автомобільні передні фари;13.91%
товари;авто-, мото;аксесуари для авто;автомобільні електронні аксесуари;автомобільні пилососи та повітродуви;4;12125905;автомобільні пилососи та повітродуви;15.38%
товари;авто-, мото;аксесуари для авто;аксесуари салону автомобіля;автомобільні підвіски;4;121262;автомобільні підвіски;16.98%
товари;авто-, мото;автозапчастини;кузовні запчастини;автомобільні підкрилки;4;121235;автомобільні підкрилки;10.98%
товари;авто-, мото;аксесуари для авто;аксесуари салону автомобіля;автомобільні підлокітники;4;121253;автомобільні підлокітники;15.49%
товари;авто-, мото;автомобільна електроніка;автозвук;автомобільні підсилювачі;4;340421;автомобільні підсилювачі;14.04%
товари;авто-, мото;аксесуари для авто;аксесуари для автотюнингу;автомобільні підсилювачі жорсткості;4;121233;автомобільні підсилювачі жорсткості;11.90%
товари;авто-, мото;аксесуари для авто;аксесуари для автотюнингу;автомобільні плівки;4;12123203;автомобільні плівки;15.68%
товари;авто-, мото;автохімія, автокосметика і автомастила;автомобільні поліролі та шампуні;автомобільні поліролі та шампуні, загальне;4;341205;автомобільні поліролі та шампуні, загальне;25.00%
товари;авто-, мото;аксесуари для авто;аксесуари салону автомобіля;автомобільні попільнички;4;121241;автомобільні попільнички;15.36%
товари;авто-, мото;аксесуари для авто;аксесуари для кузова автомобіля;автомобільні пороги, підніжки;4;12121001;автомобільні пороги, підніжки;10.60%
товари;авто-, мото;автозапчастини;двигуни і деталі двигуна;автомобільні приводні ремені  ;4;34160103;автомобільні приводні ремені  ;11.10%
товари;авто-, мото;автомобільна електроніка;автомобільні проектори;автомобільні проектори;3;340438;автомобільні проектори;15.55%
товари;авто-, мото;аксесуари для авто;автомобільні електронні аксесуари;автомобільні пуско-зарядні пристрої;4;410202;автомобільні пуско-зарядні пристрої;14.66%
товари;авто-, мото;аксесуари для авто;багажники і кріплення на дах;автомобільні рейлінги;4;12125702;автомобільні рейлінги;14.33%
товари;авто-, мото;електрообладнання автомобілів;автомобільні реле і датчики;автомобільні реле і датчики;3;12020304;автомобільні реле і датчики;11.01%
товари;авто-, мото;автозапчастини;деталі салону автомобіля;автомобільні ремені і подушки безпеки;4;341547;автомобільні ремені і подушки безпеки;12.07%
товари;авто-, мото;аксесуари для авто;аксесуари для автотюнингу;автомобільні решітки на бампери і радіатори;4;121227;автомобільні решітки на бампери і радіатори;14.90%
товари;авто-, мото;аксесуари для авто;автомобільні електронні аксесуари;автомобільні салонні вентилятори;4;12125904;автомобільні салонні вентилятори;14.58%
товари;авто-, мото;автохімія, автокосметика і автомастила;автомобільні серветки та губки;автомобільні серветки та губки;3;341607;автомобільні серветки та губки;15.42%
товари;авто-, мото;автозапчастини;деталі салону автомобіля;автомобільні сидіння ;4;120233;автомобільні сидіння ;12.07%
товари;авто-, мото;автохімія, автокосметика і автомастила;авто, мото масла, мастила та рідини;автомобільні універсальні мастила;4;341019;автомобільні універсальні мастила;15.26%
товари;авто-, мото;аксесуари для авто;автомобільні утеплювачі;автомобільні утеплювачі;3;121236;автомобільні утеплювачі;14.97%
товари;авто-, мото;аксесуари для авто;аксесуари для кузова автомобіля;автомобільні ущільнювачі;4;12126803;автомобільні ущільнювачі;11.87%
товари;авто-, мото;автохімія, автокосметика і автомастила;автокраски, автоемалі;автомобільні фарби, лаки та грунтовки;4;81103;автомобільні фарби, лаки та грунтовки;13.55%
товари;авто-, мото;автозапчастини;фільтри для авто-, мото- і вантажної техніки;автомобільні фільтри, загальне;4;12021005;автомобільні фільтри, загальне;25.00%
товари;авто-, мото;аксесуари для авто;аксесуари для кузова автомобіля;автомобільні чохли;4;121224;автомобільні чохли;15.25%
товари;авто-, мото;аксесуари для авто;аксесуари для кузова автомобіля;автомобільні шашки;4;121228;автомобільні шашки;14.28%
товари;авто-, мото;автозапчастини;деталі ходової;автомобільні шкворені;4;341587;автомобільні шкворені;10.51%
товари;авто-, мото;автохімія, автокосметика і автомастила;автокраски, автоемалі;автомобільні шпаклівки;4;341611;автомобільні шпаклівки;15.74%
товари;авто-, мото;аксесуари для авто;аксесуари салону автомобіля;автомобільні шторки;4;121251;автомобільні шторки;15.95%
товари;авто-, мото;аксесуари для авто;автомобільні щітки та скребки;автомобільні щітки та скребки;3;121250;автомобільні щітки та скребки;15.04%
товари;авто-, мото;автомобільна електроніка;протиугінні системи і аксесуари;автосигналізації;4;340406;автосигналізації;14.43%
товари;авто-, мото;автозапчастини;автоскло;автоскло;3;120212;автоскло;9.20%
товари;авто-, мото;аксесуари для авто;автомобільні електронні аксесуари;автохолодильники;4;240403;автохолодильники;13.43%
товари;авто-, мото;аксесуари для авто;автомобільні електронні аксесуари;авточайники;4;12125903;авточайники;15.18%
товари;авто-, мото;автохімія, автокосметика і автомастила;автомобільні поліролі та шампуні;автошампуні;4;341201;автошампуні;15.70%
товари;авто-, мото;аксесуари для авто;аксесуари для автотюнингу;аксесуари для автотюнингу, загальне;4;121218;аксесуари для автотюнингу, загальне;25.00%
товари;авто-, мото;аксесуари для авто;аксесуари для кузова автомобіля;аксесуари для кузова автомобіля, загальне;4;12126801;аксесуари для кузова автомобіля, загальне;25.00%
товари;авто-, мото;мототехніка;аксесуари для мототехніки;аксесуари для мототехніки;3;3407;аксесуари для мототехніки;15.90%
товари;авто-, мото;мототехніка;аксесуари для мототехніки;аксесуари для мототехніки;3;120312;аксесуари для мототехніки;15.90%
товари;авто-, мото;автомобільна електроніка;протиугінні системи і аксесуари;аксесуари до протиугінних систем;4;340434;аксесуари до протиугінних систем;14.43%
товари;авто-, мото;аксесуари для авто;аксесуари салону автомобіля;аксесуари салону автомобіля, загальне;4;12126401;аксесуари салону автомобіля, загальне;25.00%
товари;авто-, мото;мототехніка;запчастини для мототехніки;акумулятори для мототехніки;4;340602;акумулятори для мототехніки;11.60%
товари;авто-, мото;аксесуари для авто;аксесуари салону автомобіля;акустичні полки, корпусу, платформи і подіуми;4;121254;акустичні полки, корпусу, платформи і подіуми;15.43%
товари;авто-, мото;аксесуари для авто;аксесуари для автотюнингу;альтернативна оптика;4;12123208;альтернативна оптика;13.66%
товари;авто-, мото;автозапчастини;кузовні запчастини;амортизатори капота, багажника;4;341585;амортизатори капота, багажника;10.98%
товари;авто-, мото;автозапчастини;деталі ходової;амортизатори, стійки, подушки стійок;4;120220;амортизатори, стійки, подушки стійок;10.58%
товари;авто-, мото;автохімія, автокосметика і автомастила;антикорозійний захист;антикорозійний захист;3;341604;антикорозійний захист;15.70%
товари;авто-, мото;автомобільна електроніка;антирадари;антирадари;3;340405;антирадари;7.70%
товари;авто-, мото;аксесуари для авто;аксесуари салону автомобіля;ароматизатори автомобільні;4;121231;ароматизатори автомобільні;15.43%
товари;авто-, мото;аксесуари для авто;багажники і кріплення на дах;багажники і кріплення на дах, загальне;4;12125701;багажники і кріплення на дах, загальне;25.00%
товари;авто-, мото;аксесуари для авто;багажники і кріплення на дах;багажники на дах;4;121205;багажники на дах;13.42%
товари;авто-, мото;мототехніка;аксесуари для мототехніки;багажні системи та аксесуари для мототехніки;4;12031202;багажні системи та аксесуари для мототехніки;13.02%
товари;авто-, мото;автозапчастини;деталі ходової;балки передньої і задньої підвіски;4;341584;балки передньої і задньої підвіски;11.08%
товари;авто-, мото;автозапчастини;кузовні запчастини;бампери;4;121214;бампери;10.90%
товари;авто-, мото;автозапчастини;деталі салону автомобіля;бардачки та органайзери салону;4;341593;бардачки та органайзери салону;11.19%
товари;авто-, мото;автозапчастини;система охолодження двигуна;бачки радіатора;4;120245;бачки радіатора;11.07%
товари;авто-, мото;автозапчастини;система очищення вікон і фар автомобіля;бачки, баки, ємності;4;120221;бачки, баки, ємності;12.33%
товари;авто-, мото;автозапчастини;світлові прилади транспорту;блоки розпалювання;4;390303;блоки розпалювання;14.69%
товари;авто-, мото;електрообладнання автомобілів;блоки управління;блоки управління;3;12020306;блоки управління;10.26%
товари;авто-, мото;автозапчастини;кондиціонери та комплектуючі для кондиціонерів, опалення, охолодження;блоки управління кондиціонером;4;12021604;блоки управління кондиціонером;9.82%
товари;авто-, мото;автозапчастини;кузовні запчастини;боковини кузова;4;341586;боковини кузова;10.90%
товари;авто-, мото;диски і шини;болти, секретні болти, гайки;болти, секретні болти, гайки;3;341576;болти, секретні болти, гайки;15.21%
товари;авто-, мото;автомобільна електроніка;бортові комп'ютери;бортові комп'ютери;3;340408;бортові комп'ютери;14.17%
товари;авто-, мото;автозапчастини;кузовні запчастини;бризковики;4;12122901;бризковики;14.04%
товари;авто-, мото;автозапчастини;деталі ходової;важелі, тяги;4;341600;важелі, тяги;9.93%
товари;авто-, мото;автозапчастини;деталі трансмісії транспорту;вали для коробки передач і редуктора;4;12023806;вали для коробки передач і редуктора;12.43%
товари;авто-, мото;аксесуари для авто;багажники і кріплення на дах;вантажні бокси;4;121204;вантажні бокси;12.83%
товари;авто-, мото;диски і шини;шини;вантажні шини;4;801228;вантажні шини;6.60%
товари;авто-, мото;аксесуари для авто;багажники і кріплення на дах;велокріплення;4;121206;велокріплення;13.61%
товари;авто-, мото;автозапчастини;система випуску відпрацьованих газів;випускні колектори;4;12021502;випускні колектори;11.78%
товари;авто-, мото;автохімія, автокосметика і автомастила;витратні матеріали, автохімія й автокосметика, загальне;витратні матеріали, автохімія й автокосметика, загальне;3;341605;витратні матеріали, автохімія й автокосметика, загальне;25.00%
товари;авто-, мото;автозапчастини;система випуску відпрацьованих газів;вихлопна система, загальне;4;12021504;вихлопна система, загальне;25.00%
товари;авто-, мото;автозапчастини;система випуску відпрацьованих газів;вихлопні системи в зборі;4;12021510;вихлопні системи в зборі;10.74%
товари;авто-, мото;автозапчастини;світлові прилади транспорту;відбивачі, корпуса фар і ліхтарів;4;12020611;відбивачі, корпуса фар і ліхтарів;14.62%
товари;авто-, мото;автозапчастини;кривошипно-шатунний механізм (кшм);вкладиші корінні і шатунні;4;12020406;вкладиші корінні і шатунні;10.40%
товари;авто-, мото;аксесуари для авто;аксесуари для кузова автомобіля;внутрішні накладки на пороги;4;121220;внутрішні накладки на пороги;15.38%
товари;авто-, мото;автозапчастини;система живлення двигуна;впускні колектори;4;12021511;впускні колектори;11.24%
товари;авто-, мото;все для то;все для то, загальне;все для то, загальне;3;550601;все для то, загальне;25.00%
товари;авто-, мото;додаткове обладнання;газобалонне обладнання і комплектуючі для автотранспорту;газобалонне обладнання і комплектуючі для автотранспорту;3;3419;газобалонне обладнання і комплектуючі для автотранспорту;11.01%
товари;авто-, мото;автозапчастини;газорозподільний механізм (грм);газорозподільний механізм, загальне;4;550210;газорозподільний механізм, загальне;25.00%
товари;авто-, мото;автозапчастини;запчастини гальмівної системи;гальмівні барабани;4;120230;гальмівні барабани;10.65%
товари;авто-, мото;автозапчастини;запчастини гальмівної системи;гальмівні диски;4;120228;гальмівні диски;10.84%
товари;авто-, мото;автозапчастини;запчастини гальмівної системи;гальмівні колодки;4;120229;гальмівні колодки;10.97%
товари;авто-, мото;автохімія, автокосметика і автомастила;авто, мото масла, мастила та рідини;гальмівні рідини;4;341016;гальмівні рідини;15.20%
товари;авто-, мото;автозапчастини;запчастини гальмівної системи;гальмівні супорти, ремкомплекти супорта;4;120239;гальмівні супорти, ремкомплекти супорта;10.97%
товари;авто-, мото;автозапчастини;запчастини гальмівної системи;гальмівні циліндри;4;120231;гальмівні циліндри;10.78%
товари;авто-, мото;автозапчастини;запчастини гальмівної системи;гальмівні шланги, труби;4;120222;гальмівні шланги, труби;10.91%
товари;авто-, мото;електрообладнання автомобілів;генератори, альтернатори і комплектуючі;генератори, альтернатори і комплектуючі;3;12020302;генератори, альтернатори і комплектуючі;10.16%
товари;авто-, мото;автозапчастини;газорозподільний механізм (грм);гідрокомпенсатори;4;12020417;гідрокомпенсатори;8.90%
товари;авто-, мото;автозапчастини;органи керування;гідропідсилювач керма і комплектуючі;4;12023704;гідропідсилювач керма і комплектуючі;11.77%
товари;авто-, мото;автозапчастини;кривошипно-шатунний механізм (кшм);гільзи двигуна;4;12020413;гільзи двигуна;9.36%
товари;авто-, мото;автозапчастини;система випуску відпрацьованих газів;глушники;4;120217;глушники;10.74%
товари;авто-, мото;мототехніка;запчастини для мототехніки;деталі двигуна для мототехніки;5;340627;головка циліндра та грм для мототехніки;11.10%
товари;авто-, мото;автозапчастини;кривошипно-шатунний механізм (кшм);головки блоку циліндрів;4;12020410;головки блоку циліндрів;10.08%
товари;авто-, мото;автозапчастини;система живлення двигуна;горловини, пробки паливного бака;4;341567;горловини, пробки паливного бака;10.85%
товари;авто-, мото;автозапчастини;система випуску відпрацьованих газів;гофри для вихлопних систем;4;12021506;гофри для вихлопних систем;10.41%
товари;авто-, мото;мототехніка;запчастини для мототехніки;двигуни мототехніки в зборі;4;340624;двигуни мототехніки в зборі;11.10%
товари;авто-, мото;мототехніка;запчастини для мототехніки;деталі вихлопної системи мототехніки;4;340611;деталі вихлопної системи мототехніки;11.04%
товари;авто-, мото;автозапчастини;запчастини гальмівної системи;деталі гальмівних систем abs, ebd;4;341618;деталі гальмівних систем abs, ebd;10.66%
товари;авто-, мото;автозапчастини;запчастини гальмівної системи;деталі гальмівної системи вантажівок;4;342216;деталі гальмівної системи вантажівок;10.66%
товари;авто-, мото;мототехніка;запчастини для мототехніки;деталі гальмівної системи мототехніки;4;340604;деталі гальмівної системи мототехніки;15.04%
товари;авто-, мото;мототехніка;запчастини для мототехніки;деталі двигуна для мототехніки;4;340622;деталі двигуна для мототехніки;11.10%
товари;авто-, мото;мототехніка;запчастини для мототехніки;деталі двигуна мототехніки;4;340610;деталі двигуна мототехніки;11.10%
товари;авто-, мото;автозапчастини;двигуни і деталі двигуна;деталі двигуна, загальне;4;12020418;деталі двигуна, загальне;25.00%
товари;авто-, мото;автозапчастини;кондиціонери та комплектуючі для кондиціонерів, опалення, охолодження;деталі для автокондиціонерів;4;12021606;деталі для автокондиціонерів;11.45%
товари;авто-, мото;автозапчастини;кривошипно-шатунний механізм (кшм);деталі кшм;4;550208;деталі кшм;10.40%
товари;авто-, мото;мототехніка;запчастини для мототехніки;деталі приводу для мототехніки;4;340608;деталі приводу для мототехніки;14.74%
товари;авто-, мото;мототехніка;запчастини для мототехніки;деталі рами і облицювання;4;340603;деталі рами і облицювання;15.04%
товари;авто-, мото;мототехніка;запчастини для мототехніки;деталі рульового управління мототехніки;4;340616;деталі рульового управління мототехніки;14.55%
товари;авто-, мото;автозапчастини;деталі салону автомобіля;деталі салону автомобіля, загальне;4;341590;деталі салону автомобіля, загальне;25.00%
товари;авто-, мото;автозапчастини;система змащування двигуна;деталі системи змащення, загальне;4;550204;деталі системи змащення, загальне;25.00%
товари;авто-, мото;мототехніка;запчастини для мототехніки;деталі системи охолодження мототехніки;4;340607;деталі системи охолодження мототехніки;12.89%
товари;авто-, мото;автозапчастини;система живлення двигуна;деталі системи живлення, загальне;4;341580;деталі системи живлення, загальне;25.00%
товари;авто-, мото;автозапчастини;деталі трансмісії транспорту;деталі трансмісії, загальний;4;1202071;деталі трансмісії, загальний;25.00%
товари;авто-, мото;мототехніка;запчастини для мототехніки;деталі ходової частини мототехніки;4;340619;деталі ходової частини мототехніки;15.04%
товари;авто-, мото;автозапчастини;деталі ходової;деталі ходової, загальне;4;341537;деталі ходової, загальне;25.00%
товари;авто-, мото;додаткове обладнання;додаткове обладнання, загальне;додаткове обладнання, загальне;3;342601;додаткове обладнання, загальне;25.00%
товари;авто-, мото;автозапчастини;світлові прилади транспорту;додаткові, протитуманні фари;4;12020603;додаткові, протитуманні фари;14.69%
товари;авто-, мото;автозапчастини;система живлення двигуна;дросельні заслінки;4;12020428;дросельні заслінки;10.27%
товари;авто-, мото;аксесуари для авто;засоби аварійної безпеки;дроти прикурювання;4;121265;дроти прикурювання;15.08%
товари;авто-, мото;аксесуари для авто;аксесуари для автотюнингу;еквалайзери на скло;4;12123210;еквалайзери на скло;14.38%
товари;авто-, мото;електромобільні зарядні пристрої та станції;електромобільні зарядні пристрої та станції;електромобільні зарядні пристрої та станції;2;5505;електромобільні зарядні пристрої та станції;12.21%
товари;авто-, мото;електрообладнання автомобілів;електрообладнання автомобілів, загальне;електрообладнання автомобілів, загальне;3;12020399;електрообладнання автомобілів, загальне;25.00%
товари;авто-, мото;мототехніка;запчастини для мототехніки;електрообладнання для мототехніки;4;340609;електрообладнання для мототехніки;14.48%
товари;авто-, мото;мототехніка;електроскутери, електромотоцикли;електроскутери, електромотоцикли;3;3405;електроскутери, електромотоцикли;9.61%
товари;авто-, мото;автозапчастини;запчастини гальмівної системи;елементи гальмівної системи, загальне;4;120202;елементи гальмівної системи, загальне;25.00%
товари;авто-, мото;мототехніка;запчастини для мототехніки;елементи зчеплення для мототехніки;4;340606;елементи зчеплення для мототехніки;15.04%
товари;авто-, мото;автозапчастини;деталі трансмісії транспорту;елементи механізму зчеплення;4;120213;елементи механізму зчеплення;11.41%
товари;авто-, мото;автомобільна електроніка;автозвук;емулятори чейнджера;4;340424;емулятори чейнджера;13.20%
товари;авто-, мото;автозапчастини;світлові прилади транспорту;задні ліхтарі, ліхтарі видимості;4;12020602;задні ліхтарі, ліхтарі видимості;14.62%
товари;авто-, мото;автозапчастини;кузовні запчастини;задні панелі кузова;4;341565;задні панелі кузова;10.90%
товари;авто-, мото;автозапчастини;деталі мостів і приводу трансмісії;задній міст автомобіля;4;341572;задній міст автомобіля;9.46%
товари;авто-, мото;автозапчастини;система запалювання двигуна;замки запалювання і ключі;4;12020505;замки запалювання і ключі;10.82%
товари;авто-, мото;мототехніка;запчастини для мототехніки;деталі двигуна для мототехніки;5;340623;запчастини двигуна мототехніки, загальне;25.00%
товари;авто-, мото;мототехніка;запчастини для мототехніки;запчастини для мототехніки, загальне;4;340601;запчастини для мототехніки, загальне;25.00%
товари;авто-, мото;аксесуари для авто;засоби аварійної безпеки;засоби аварійної безпеки, загальне;4;12126901;засоби аварійної безпеки, загальне;25.00%
товари;авто-, мото;автохімія, автокосметика і автомастила;засоби від запітніння і розморожувачі стекол;засоби від запітніння і розморожувачі стекол;3;341610;засоби від запітніння і розморожувачі стекол;15.60%
товари;авто-, мото;автохімія, автокосметика і автомастила;авто, мото масла, мастила та рідини;засоби догляду за мототехнікою;4;341020;засоби догляду за мототехнікою;15.52%
товари;авто-, мото;диски і шини;засоби підвищення прохідності;засоби підвищення прохідності;3;121215;засоби підвищення прохідності;14.54%
товари;авто-, мото;автохімія, автокосметика і автомастила;засоби по догляду за шинами;засоби по догляду за шинами;3;341626;засоби по догляду за шинами;13.55%
товари;авто-, мото;мототехніка;запчастини для мототехніки;захисні накладки для мототехніки;4;340615;захисні накладки для мототехніки;15.04%
товари;авто-, мото;автозапчастини;кузовні запчастини;захист картера і кпп;4;120225;захист картера і кпп;11.79%
товари;авто-, мото;автомобільна електроніка;протиугінні системи і аксесуари;іммобілайзери;4;340430;іммобілайзери;14.43%
товари;авто-, мото;мототехніка;інструмент для ремонту мототехніки;інструмент для ремонту мототехніки;3;3408;інструмент для ремонту мототехніки;10.78%
товари;авто-, мото;диски і шини;камери для шин та ободні стрічки;камери для шин та ободні стрічки;3;801219;камери для шин та ободні стрічки;15.42%
товари;авто-, мото;аксесуари для авто;каністри, лійки для палива;каністри, лійки для палива;3;121270;каністри, лійки для палива;15.17%
товари;авто-, мото;автозапчастини;кузовні запчастини;капоти;4;341530;капоти;10.90%
товари;авто-, мото;автозапчастини;система живлення двигуна;карбюратори і комплектуючі;4;12020415;карбюратори і комплектуючі;10.72%
товари;авто-, мото;автозапчастини;деталі мостів і приводу трансмісії;карданна передача;4;12023805;карданна передача;10.31%
товари;авто-, мото;автозапчастини;система випуску відпрацьованих газів;каталізатори для транспорту;4;12021501;каталізатори для транспорту;11.00%
товари;авто-, мото;автозапчастини;деталі салону автомобіля;кермо;4;121216;кермо;11.19%
товари;авто-, мото;автозапчастини;органи керування;кермові тяги;4;12023701;кермові тяги;10.86%
товари;авто-, мото;автозапчастини;газорозподільний механізм (грм);клапани, осі, коромисла двигуна, штовхачі клапанів;4;12020407;клапани, осі, коромисла двигуна, штовхачі клапанів;10.45%
товари;авто-, мото;диски і шини;ковпаки для дисків;ковпаки для дисків;3;80120209;ковпаки для дисків;14.53%
товари;авто-, мото;мототехніка;запчастини для мототехніки;колеса для мототехніки;4;340620;колеса для мототехніки;10.70%
товари;авто-, мото;мототехніка;запчастини для мототехніки;деталі двигуна для мототехніки;5;340626;колінвал і шатунний механізм (кшм) для мототехніки;9.36%
товари;авто-, мото;диски і шини;колісні диски;колісні диски;3;801220;колісні диски;4.20%
товари;авто-, мото;автозапчастини;фільтри для авто-, мото- і вантажної техніки;комплекти автомобільних фільтрів;4;12021006;комплекти автомобільних фільтрів;9.30%
товари;авто-, мото;диски і шини;комплекти коліс в зборі;комплекти коліс в зборі;3;341509;комплекти коліс в зборі;7.04%
товари;авто-, мото;автозапчастини;світлові прилади транспорту;комплекти ксенону;4;121207;комплекти ксенону;14.69%
товари;авто-, мото;автозапчастини;запчастини гальмівної системи;комплектуючі гальмівної системи;4;341633;комплектуючі гальмівної системи;10.13%
товари;авто-, мото;автозапчастини;система живлення двигуна;комплектуючі системи живлення;4;341632;комплектуючі системи живлення;10.85%
товари;авто-, мото;автозапчастини;система запалювання двигуна;комплектуючі системи запалювання;4;12020508;комплектуючі системи запалювання;11.01%
товари;авто-, мото;автозапчастини;система змащування двигуна;комплектуючі системи змащення;4;550205;комплектуючі системи змащення;11.05%
товари;авто-, мото;автозапчастини;кондиціонери та комплектуючі для кондиціонерів, опалення, охолодження;комплектуючі системи опалення;4;12021605;комплектуючі системи опалення;10.14%
товари;авто-, мото;автозапчастини;система очищення вікон і фар автомобіля;комплектуючі системи склоочисника;4;120242;комплектуючі системи склоочисника;13.81%
товари;авто-, мото;автозапчастини;кондиціонери та комплектуючі для кондиціонерів, опалення, охолодження;компресори кондиціонера;4;12021603;компресори кондиціонера;9.00%
товари;авто-, мото;автозапчастини;кондиціонери та комплектуючі для кондиціонерів, опалення, охолодження;конденсатори кондиціонера;4;12021602;конденсатори кондиціонера;11.05%
товари;авто-, мото;автозапчастини;деталі трансмісії транспорту;коробки відбору потужності;4;342203;коробки відбору потужності;9.50%
товари;авто-, мото;автозапчастини;система запалювання двигуна;котушки запалювання, модулі запалювання;4;12020502;котушки запалювання, модулі запалювання;10.88%
товари;авто-, мото;автозапчастини;кузовні запчастини;крила, арки автомобільні;4;341531;крила, арки автомобільні;11.01%
товари;авто-, мото;автозапчастини;кузовні запчастини;кришки багажника;4;341533;кришки багажника;13.02%
товари;авто-, мото;автозапчастини;кривошипно-шатунний механізм (кшм);кришки головки блоку циліндрів;4;12020425;кришки головки блоку циліндрів;8.32%
товари;авто-, мото;автозапчастини;система запалювання двигуна;кришки розподільника запалювання;4;12020509;кришки розподільника запалювання;11.24%
товари;авто-, мото;автозапчастини;деталі ходової;кріплення вузлів підвіски;4;341588;кріплення вузлів підвіски;11.08%
товари;авто-, мото;автозапчастини;система випуску відпрацьованих газів;кріплення елементів вихлопної системи;4;12021512;кріплення елементів вихлопної системи;10.87%
товари;авто-, мото;аксесуари для авто;аксесуари для кузова автомобіля;кронштейни запасного колеса;4;12126802;кронштейни запасного колеса;13.56%
товари;авто-, мото;автозапчастини;кузовні запчастини;кузови легкових автомобілів;4;341624;кузови легкових автомобілів;13.02%
товари;авто-, мото;автозапчастини;кузовні запчастини;кузовні запчастини, загальне;4;120227;кузовні запчастини, загальне;25.00%
товари;авто-, мото;автозапчастини;деталі ходової;кульові опори;4;341528;кульові опори;10.84%
товари;авто-, мото;аксесуари для авто;аксесуари для автотюнингу;кунги і хардтопи для позашляховиків;4;12123202;кунги і хардтопи для позашляховиків;14.30%
товари;авто-, мото;автозапчастини;світлові прилади транспорту;лампочки для світлових приладів автомобіля;4;12020604;лампочки для світлових приладів автомобіля;14.62%
товари;авто-, мото;додаткове обладнання;автомобільні лебідки;лебідки автомобільні та аксесуари, загальне;4;341404;лебідки автомобільні та аксесуари, загальне;25.00%
товари;авто-, мото;автозапчастини;кузовні запчастини;лонжерони, підрамники;4;341625;лонжерони, підрамники;10.90%
товари;авто-, мото;автозапчастини;кузовні запчастини;люки, кришки бензобака;4;341627;люки, кришки бензобака;11.66%
товари;авто-, мото;автозапчастини;система змащування двигуна;масляні фільтри ;4;12021001;масляні фільтри ;11.05%
товари;авто-, мото;аксесуари для авто;аксесуари для автотюнингу;матеріали для вібро і шумоізоляції автомобіля;4;12123207;матеріали для вібро і шумоізоляції автомобіля;15.61%
товари;авто-, мото;автозапчастини;деталі ходової;маточини;4;341535;маточини;10.51%
товари;авто-, мото;автозапчастини;кривошипно-шатунний механізм (кшм);маховики двигунів;4;12020426;маховики двигунів;8.97%
товари;авто-, мото;додаткове обладнання;механічні протиугонні системи;механічні протиугонні системи;3;120219;механічні протиугонні системи;14.72%
товари;авто-, мото;мототехніка;аксесуари для мототехніки;мотоаксесуари, загальне;4;12031201;мотоаксесуари, загальне;25.00%
товари;авто-, мото;мототехніка;мотоекіпірування;мотоботи;4;3220401;мотоботи;13.70%
товари;авто-, мото;мототехніка;мотоекіпірування;мотоекіпіровка, загальне;4;33805;мотоекіпіровка, загальне;25.00%
товари;авто-, мото;мототехніка;аксесуари для мототехніки;мотоелектроніка та гаджети;4;12031207;мотоелектроніка та гаджети;15.44%
товари;авто-, мото;мототехніка;мотоекіпірування;мотозахист;4;33807;мотозахист;15.44%
товари;авто-, мото;мототехніка;аксесуари для мототехніки;мотозахист і обвіс;4;12031204;мотозахист і обвіс;15.44%
товари;авто-, мото;мототехніка;мотоекіпірування;мотокомбінезони;4;33808;мотокомбінезони;14.39%
товари;авто-, мото;мототехніка;аксесуари для мототехніки;мотокріплення та фурнітура;4;12031206;мотокріплення та фурнітура;15.44%
товари;авто-, мото;мототехніка;мотоекіпірування;мотокуртки;4;33803;мотокуртки;12.71%
товари;авто-, мото;мототехніка;мотоекіпірування;мотоокуляри;4;33809;мотоокуляри;15.51%
товари;авто-, мото;автохімія, автокосметика і автомастила;авто, мото масла, мастила та рідини;моторні мастила;4;341022;моторні мастила;14.74%
товари;авто-, мото;мототехніка;мотоекіпірування;моторукавиці;4;33802;моторукавиці;15.44%
товари;авто-, мото;мототехніка;аксесуари для мототехніки;мотостайлінг;4;12031205;мотостайлінг;14.66%
товари;авто-, мото;мототехніка;мототехніка, загальне;мототехніка, загальне;3;120302;мототехніка, загальне;25.00%
товари;авто-, мото;мототехніка;моточохли;моточохли;3;121267;моточохли;10.01%
товари;авто-, мото;диски і шини;шини;мотошини;4;801226;мотошини;5.70%
товари;авто-, мото;мототехніка;мотоекіпірування;мотошоломи;4;33804;мотошоломи;14.66%
товари;авто-, мото;мототехніка;мотоекіпірування;мотоштани;4;33806;мотоштани;14.01%
товари;авто-, мото;автозапчастини;деталі мостів і приводу трансмісії;муфти вільного ходу;4;12023820;муфти вільного ходу;8.42%
товари;авто-, мото;автозапчастини;деталі мостів і приводу трансмісії;муфти карданного валу;4;12023811;муфти карданного валу;10.57%
товари;авто-, мото;аксесуари для авто;засоби аварійної безпеки;набори і аксесуари для автомобіліста;4;121246;набори і аксесуари для автомобіліста;15.47%
товари;авто-, мото;аксесуари для авто;аксесуари для автотюнингу;наклейки для транспорту;4;12123205;наклейки для транспорту;15.55%
товари;авто-, мото;автозапчастини;органи керування;наконечники рульових тяг;4;12023702;наконечники рульових тяг;11.25%
товари;авто-, мото;автозапчастини;система випуску відпрацьованих газів;насадки і наконечники на глушник;4;12021508;насадки і наконечники на глушник;13.79%
товари;авто-, мото;автозапчастини;деталі салону автомобіля;обшивки дверей, багажника, стель, накладки салону;4;341553;обшивки дверей, багажника, стель, накладки салону;10.10%
товари;авто-, мото;автохімія, автокосметика і автомастила;авто, мото масла, мастила та рідини;оливи і рідини для гідропідсилювача;4;341018;оливи і рідини для гідропідсилювача;11.90%
товари;авто-, мото;мототехніка;аксесуари для мототехніки;органи керування та дзеркала для мототехніки;4;12031203;органи керування та дзеркала для мототехніки;10.94%
товари;авто-, мото;мототехніка;запчастини для мототехніки;паливна система мототехніки;4;340614;паливна система мототехніки;13.30%
товари;авто-, мото;автозапчастини;система живлення двигуна;паливні насоси високого тиску;4;341505;паливні насоси високого тиску;10.33%
товари;авто-, мото;автозапчастини;система живлення двигуна;паливні насоси низького тиску;4;341503;паливні насоси низького тиску;10.14%
товари;авто-, мото;автохімія, автокосметика і автомастила;паливні присадки;паливні присадки;3;83205;паливні присадки;15.15%
товари;авто-, мото;автозапчастини;система живлення двигуна;паливні трубки, магістралі і рампи;4;341598;паливні трубки, магістралі і рампи;10.53%
товари;авто-, мото;автозапчастини;система живлення двигуна;паливні, масляні баки;4;341578;паливні, масляні баки;8.90%
товари;авто-, мото;автомобільна електроніка;парктроніки;парктроніки;3;1210;парктроніки;15.20%
товари;авто-, мото;автозапчастини;кузовні запчастини;передні панелі кузова;4;341557;передні панелі кузова;10.90%
товари;авто-, мото;автозапчастини;деталі мостів і приводу трансмісії;передній міст автомобіля;4;341570;передній міст автомобіля;8.42%
товари;авто-, мото;автозапчастини;передпускові підігрівачі та автономні обігрівачі;передпускові підігрівачі та автономні обігрівачі;3;341520;передпускові підігрівачі та автономні обігрівачі;8.10%
товари;авто-, мото;автомобільна електроніка;автозвук;перехідні рамки для автомагнітол;4;121238;перехідні рамки для автомагнітол;15.27%
товари;авто-, мото;автозапчастини;кузовні запчастини;петлі, обмежувачі автомобільні;4;341551;петлі, обмежувачі автомобільні;11.64%
товари;авто-, мото;автозапчастини;деталі ходової;пильовики, відбійники;4;341523;пильовики, відбійники;11.10%
товари;авто-, мото;автозапчастини;система змащування двигуна;піддони двигуна;4;12020424;піддони двигуна;11.18%
товари;авто-, мото;автомобільна електроніка;підігрів автомобільних сидінь і дзеркал;підігрів автомобільних сидінь і дзеркал;3;340414;підігрів автомобільних сидінь і дзеркал;13.05%
товари;авто-, мото;мототехніка;запчастини для мототехніки;підніжки для мототехніки;4;340613;підніжки для мототехніки;15.04%
товари;авто-, мото;електрообладнання автомобілів;підрульові шлейфи;підрульові шлейфи;3;12020310;підрульові шлейфи;10.67%
товари;авто-, мото;аксесуари для авто;аксесуари для автотюнингу;підсвічування салону, дверей, днища;4;12123209;підсвічування салону, дверей, днища;14.38%
товари;авто-, мото;автохімія, автокосметика і автомастила;автокраски, автоемалі;підсилювачі адгезії;4;341621;підсилювачі адгезії;15.55%
товари;авто-, мото;автозапчастини;кузовні запчастини;підсилювачі бампера, буфер бампера;4;120234;підсилювачі бампера, буфер бампера;12.12%
товари;авто-, мото;автозапчастини;запчастини гальмівної системи;підсилювачі гальм;4;341581;підсилювачі гальм;10.78%
товари;авто-, мото;автозапчастини;деталі ходової;підшипники для транспорту;4;120209;підшипники для транспорту;11.10%
товари;авто-, мото;автозапчастини;деталі салону автомобіля;пістони, заглушки, кріпильні елементи;4;341539;пістони, заглушки, кріпильні елементи;11.07%
товари;авто-, мото;автозапчастини;світлові прилади транспорту;плафони внутрішнього освітлення;4;12020606;плафони внутрішнього освітлення;14.62%
товари;авто-, мото;додаткове обладнання;пневматична підвіска;пневматична підвіска;3;342603;пневматична підвіска;10.07%
товари;авто-, мото;автозапчастини;деталі ходової;пневморессори, пневмоподушки;4;342206;пневморессори, пневмоподушки;9.93%
товари;авто-, мото;аксесуари для авто;аксесуари для автотюнингу;повітрозабірники;4;121213;повітрозабірники;11.90%
товари;авто-, мото;автозапчастини;система живлення двигуна;повітряні фільтри ;4;12021002;повітряні фільтри ;10.79%
товари;авто-, мото;автозапчастини;деталі ходової;поворотні кулаки;4;341583;поворотні кулаки;10.64%
товари;авто-, мото;автозапчастини;світлові прилади транспорту;повторювачі поворотів;4;12020605;повторювачі поворотів;14.49%
товари;авто-, мото;автозапчастини;двигуни і деталі двигуна;подушки двигуна;4;12020416;подушки двигуна;10.97%
товари;авто-, мото;автохімія, автокосметика і автомастила;автомобільні поліролі та шампуні;поліролі;4;341202;поліролі;15.51%
товари;авто-, мото;автозапчастини;система випуску відпрацьованих газів;полум'ягасники;4;12021507;полум'ягасники;11.00%
товари;авто-, мото;автозапчастини;кривошипно-шатунний механізм (кшм);поршневі групи;4;12020402;поршневі групи;9.36%
товари;авто-, мото;автозапчастини;кривошипно-шатунний механізм (кшм);поршневі кільця;4;12020403;поршневі кільця;10.01%
товари;авто-, мото;автозапчастини;кривошипно-шатунний механізм (кшм);поршневі пальці;4;12020422;поршневі пальці;9.36%
товари;авто-, мото;автозапчастини;кривошипно-шатунний механізм (кшм);поршні;4;12020401;поршні;9.36%
товари;авто-, мото;автозапчастини;система випуску відпрацьованих газів;прийомні труби глушника;4;12021503;прийомні труби глушника;10.74%
товари;авто-, мото;автохімія, автокосметика і автомастила;авто, мото масла, мастила та рідини;присадки в масла й змащення;4;341024;присадки в масла й змащення;15.33%
товари;авто-, мото;аксесуари для авто;пристрої для економії палива;пристрої для економії палива;3;121244;пристрої для економії палива;15.40%
товари;авто-, мото;аксесуари для авто;засоби аварійної безпеки;проблискові маячки, спецсигнали та сирени;4;300402;проблискові маячки, спецсигнали та сирени;14.23%
товари;авто-, мото;автозапчастини;двигуни і деталі двигуна;прокладки для техніки;4;12020404;прокладки для техніки;10.84%
товари;авто-, мото;мототехніка;запчастини для мототехніки;деталі двигуна для мототехніки;5;340629;прокладки та сальники для мототехніки;11.10%
товари;авто-, мото;автохімія, автокосметика і автомастила;авто, мото масла, мастила та рідини;промивні рідини для авто, мото техніки;4;341021;промивні рідини для авто, мото техніки;15.39%
товари;авто-, мото;додаткове обладнання;проставки для збільшення кліренсу;проставки для збільшення кліренсу;3;342604;проставки для збільшення кліренсу;10.70%
товари;авто-, мото;диски і шини;проставки, центрувальні кільця для дисків;проставки, центрувальні кільця для дисків;3;801224;проставки, центрувальні кільця для дисків;11.30%
товари;авто-, мото;автозапчастини;деталі ходової;пружини, ресори для техніки;4;341599;пружини, ресори для техніки;11.03%
товари;авто-, мото;автозапчастини;система охолодження двигуна;радіатори автомобільні;4;120218;радіатори автомобільні;10.42%
товари;авто-, мото;аксесуари для авто;аксесуари для кузова автомобіля;рамки для номерних знаків;4;121230;рамки для номерних знаків;14.99%
товари;авто-, мото;автозапчастини;система живлення двигуна;регулятори тиску палива;4;341579;регулятори тиску палива;10.59%
товари;авто-, мото;автозапчастини;деталі мостів і приводу трансмісії;редуктори мостів;4;12023818;редуктори мостів;8.42%
товари;авто-, мото;автозапчастини;система випуску відпрацьованих газів;резонатори;4;12021505;резонатори;10.74%
товари;авто-, мото;автозапчастини;двигуни і деталі двигуна;ремені вариаторні;4;34160104;ремені вариаторні;13.22%
товари;авто-, мото;автозапчастини;газорозподільний механізм (грм);ремені грм, ланцюги грм;4;34160101;ремені грм, ланцюги грм;10.52%
товари;авто-, мото;автозапчастини;ремкомплекти автомобільні;ремкомплекти автомобільні;3;341568;ремкомплекти автомобільні;12.10%
товари;авто-, мото;автохімія, автокосметика і автомастила;рідини для склоочисника;рідини для склоочисника;3;341608;рідини для склоочисника;15.03%
товари;авто-, мото;автохімія, автокосметика і автомастила;рідка гума;рідка гума;3;341630;рідка гума;15.89%
товари;авто-, мото;автомобільна електроніка;розгалужувачі для прикурювача;розгалужувачі для прикурювача;3;121240;розгалужувачі для прикурювача;15.63%
товари;авто-, мото;автозапчастини;деталі мостів і приводу трансмісії;роздавальні коробки;4;12023809;роздавальні коробки;9.48%
товари;авто-, мото;автозапчастини;система живлення двигуна;розпилювачі і паливні форсунки;4;12020414;розпилювачі і паливні форсунки;10.14%
товари;авто-, мото;автозапчастини;газорозподільний механізм (грм);розподільний вал, шестерні розподільного валу;4;12020408;розподільний вал, шестерні розподільного валу;10.58%
товари;авто-, мото;автозапчастини;двигуни і деталі двигуна;ролики та натягувачі;4;12020412;ролики та натягувачі;10.71%
товари;авто-, мото;автозапчастини;органи керування;рульовий механізм;4;12023703;рульовий механізм;8.60%
товари;авто-, мото;автозапчастини;деталі салону автомобіля;ручки кпп і ручника;4;341564;ручки кпп і ручника;14.85%
товари;авто-, мото;автозапчастини;деталі ходової;сайлентблоки;4;120236;сайлентблоки;11.23%
товари;авто-, мото;автозапчастини;двигуни і деталі двигуна;сальники;4;12020405;сальники;10.91%
товари;авто-, мото;аксесуари для авто;самоклеючі кишені для талонів;самоклеючі кишені для талонів;3;121242;самоклеючі кишені для талонів;15.08%
товари;авто-, мото;мототехніка;запчастини для мототехніки;світлові прилади для мототехніки;4;340617;світлові прилади для мототехніки;15.04%
товари;авто-, мото;автозапчастини;світлові прилади транспорту;світлові прилади транспорту, загальне;4;12020612;світлові прилади транспорту, загальне;25.00%
товари;авто-, мото;мототехніка;запчастини для мототехніки;свічки запалювання для мототехніки;4;340621;свічки запалювання для мототехніки;11.36%
товари;авто-, мото;автозапчастини;система запалювання двигуна;свічки розжарювання і запалювання;4;12020501;свічки розжарювання і запалювання;9.40%
товари;авто-, мото;автозапчастини;деталі мостів і приводу трансмісії;середній міст автомобіля;4;341571;середній міст автомобіля;9.48%
товари;авто-, мото;мототехніка;запчастини для мототехніки;сидіння для мототехніки;4;340618;сидіння для мототехніки;15.04%
товари;авто-, мото;автозапчастини;деталі трансмісії транспорту;синхронізатори коробки передач;4;12023808;синхронізатори коробки передач;9.50%
товари;авто-, мото;автозапчастини;система очищення вікон і фар автомобіля;система очищення вікон і фар автомобіля, загальне;4;341596;система очищення вікон і фар автомобіля, загальне;25.00%
товари;авто-, мото;автомобільна електроніка;системи круїз-контролю;системи круїз-контролю;3;340423;системи круїз-контролю;11.41%
товари;авто-, мото;автозапчастини;світлові прилади транспорту;скло фар і ліхтарів;4;12020610;скло фар і ліхтарів;14.43%
товари;авто-, мото;автозапчастини;склоочисники, двірники;склоочисники, двірники;3;120223;склоочисники, двірники;14.36%
товари;авто-, мото;автозапчастини;кузовні запчастини;склопідйомники;4;341552;склопідйомники;11.66%
товари;авто-, мото;мототехніка;снігоходи;снігоходи;3;120306;снігоходи;11.70%
товари;авто-, мото;аксесуари для авто;аксесуари салону автомобіля;сонцезахисні козирки для салону автомобіля;4;121248;сонцезахисні козирки для салону автомобіля;14.91%
товари;авто-, мото;аксесуари для авто;аксесуари для автотюнингу;спойлери;4;121209;спойлери;15.35%
товари;авто-, мото;автозапчастини;деталі ходової;стабілізатори, тяги стабілізатора, стійки стабілізатора;4;341536;стабілізатори, тяги стабілізатора, стійки стабілізатора;10.84%
товари;авто-, мото;електрообладнання автомобілів;стартери і комплектуючі;стартери і комплектуючі;3;12020301;стартери і комплектуючі;10.24%
товари;авто-, мото;аксесуари для авто;аксесуари для кузова автомобіля;стрічки для контурного маркування транспортних засобів, катафоти;4;121225;стрічки для контурного маркування транспортних засобів, катафоти;14.15%
товари;авто-, мото;автозапчастини;деталі ходової;ступичні болти, шпильки і гайки;4;341566;ступичні болти, шпильки і гайки;14.08%
товари;авто-, мото;аксесуари для авто;засоби аварійної безпеки;стяжні, буксирувальні гаки та троси;4;121249;стяжні, буксирувальні гаки та троси;15.21%
товари;авто-, мото;автозапчастини;система охолодження двигуна;термостати і комплектуючі системи охолодження;4;120214;термостати і комплектуючі системи охолодження;10.81%
товари;авто-, мото;аксесуари для авто;аксесуари для автотюнингу;тканини для оббивки салону автомобілів;4;121237;тканини для оббивки салону автомобілів;15.03%
товари;авто-, мото;автозапчастини;деталі салону автомобіля;торпедо, накладки на торпедо, повітроводи;4;341597;торпедо, накладки на торпедо, повітроводи;12.07%
товари;авто-, мото;автозапчастини;деталі ходової;торсіони;4;120232;торсіони;9.93%
товари;авто-, мото;автозапчастини;система запалювання двигуна;трамблер автомобільні;4;12020506;трамблер автомобільні;11.01%
товари;авто-, мото;автохімія, автокосметика і автомастила;авто, мото масла, мастила та рідини;трансмісійні та гідравлічні оливи;4;341023;трансмісійні та гідравлічні оливи;15.00%
товари;авто-, мото;мототехніка;запчастини для мототехніки;деталі двигуна для мототехніки;5;340628;трансмісія та система пуску для мототехніки;11.10%
товари;авто-, мото;автозапчастини;органи керування;троси автомобільні;4;12023705;троси автомобільні;11.06%
товари;авто-, мото;мототехніка;запчастини для мототехніки;троси для мототехніки;4;340605;троси для мототехніки;15.04%
товари;авто-, мото;додаткове обладнання;автомобільні лебідки;троси та запасні частини для автомобільних лебідок;4;341403;троси та запасні частини для автомобільних лебідок;12.30%
товари;авто-, мото;автозапчастини;двигуни і деталі двигуна;турбіни, турбокомпресори;4;341524;турбіни, турбокомпресори;9.40%
товари;авто-, мото;аксесуари для авто;засоби аварійної безпеки;противідкатні упори, черевики;4;121255;противідкатні упори, черевики;14.75%
товари;авто-, мото;автозапчастини;кузовні запчастини;фаркопи;4;121212;фаркопи;14.24%
товари;авто-, мото;мототехніка;запчастини для мототехніки;фільтри для мототехніки;4;340612;фільтри для мототехніки;13.30%
товари;авто-, мото;автозапчастини;система живлення двигуна;фільтри паливні;4;12021003;фільтри паливні;10.59%
товари;авто-, мото;автозапчастини;фільтри для авто-, мото- і вантажної техніки;фільтри салону;4;12021004;фільтри салону;10.58%
товари;авто-, мото;автозапчастини;деталі трансмісії транспорту;фільтри трансмісійні;4;12021007;фільтри трансмісійні;10.67%
товари;авто-, мото;автохімія, автокосметика і автомастила;хімічні засоби для двигуна;хімічні засоби для двигуна;3;341606;хімічні засоби для двигуна;14.43%
товари;авто-, мото;автохімія, автокосметика і автомастила;хімічні засоби для трансмісії;хімічні засоби для трансмісії;3;341616;хімічні засоби для трансмісії;15.03%
товари;авто-, мото;автомобільна електроніка;протиугінні системи і аксесуари;центральні замки;4;340433;центральні замки;14.43%
товари;авто-, мото;мототехніка;запчастини для мототехніки;деталі двигуна для мототехніки;5;340625;циліндро-поршнева група (цпг) мототехніки;10.78%
товари;авто-, мото;автомобільна електроніка;gps;чохли для навігаторів;4;380250;чохли для навігаторів;15.60%
товари;авто-, мото;аксесуари для авто;аксесуари салону автомобіля;чохли і ручки керма;4;121217;чохли і ручки керма;15.49%
товари;авто-, мото;аксесуари для авто;аксесуари салону автомобіля;чохли ручок кпп;4;12120103;чохли ручок кпп;15.43%
товари;авто-, мото;аксесуари для авто;аксесуари салону автомобіля;чохли, ковпаки для запасного колеса;4;12120102;чохли, ковпаки для запасного колеса;15.36%
товари;авто-, мото;аксесуари для авто;аксесуари салону автомобіля;чохли, накидки, майки для автокрісел;4;121234;чохли, накидки, майки для автокрісел;15.10%
товари;авто-, мото;автозапчастини;деталі мостів і приводу трансмісії;шарніри рівних кутових швидкостей, привідні вали;4;12023803;шарніри рівних кутових швидкостей, привідні вали;9.46%
товари;авто-, мото;автозапчастини;кривошипно-шатунний механізм (кшм);шатуни;4;12020409;шатуни;10.40%
товари;авто-, мото;автозапчастини;деталі трансмісії транспорту;шестерні трансмісії;4;12023807;шестерні трансмісії;9.50%
товари;авто-, мото;диски і шини;шини;шини для легкових авто;4;801227;шини для легкових авто;5.70%
товари;авто-, мото;диски і шини;шини;шини для спецтехніки;4;801225;шини для спецтехніки;6.74%
товари;авто-, мото;диски і шини;шини;шини, загальне;4;801230;шини, загальне;25.00%
товари;авто-, мото;диски і шини;шинні ремкомплекти;шинні ремкомплекти;3;121261;шинні ремкомплекти;15.00%
товари;авто-, мото;автозапчастини;двигуни і деталі двигуна;шківи двигунів;4;12020427;шківи двигунів;9.40%
товари;авто-, мото;автозапчастини;система живлення двигуна;штатні повітрозабірники і комплектуючі;4;120243;штатні повітрозабірники і комплектуючі;10.92%
товари;аксесуари та прикраси;aксесуари;автомобільні рукавички;автомобільні рукавички;3;203101;автомобільні рукавички;17.09%
товари;аксесуари та прикраси;aксесуари;аксесуари для волосся;аксесуари для волосся, загальне;4;3390199;аксесуари для волосся, загальне;25.00%
товари;аксесуари та прикраси;aксесуари;аксесуари для волосся;аксесуари для створення зачісок;4;3390114;аксесуари для створення зачісок;16.02%
товари;аксесуари та прикраси;сумки, валізи, портфелі;аксесуари для сумок;аксесуари для сумок;3;152415;аксесуари для сумок;19.30%
товари;аксесуари та прикраси;аксесуари та прикраси;аксесуари та прикраси;аксесуари та прикраси;2;381001;аксесуари та прикраси;21.60%
товари;аксесуари та прикраси;aксесуари;головні убори;бандани і бафи;4;3390101;бандани і бафи;20.24%
товари;аксесуари та прикраси;aксесуари;головні убори;бейсболки і кепки;4;32708;бейсболки і кепки;19.85%
товари;аксесуари та прикраси;aксесуари;головні убори;берети;4;32702;берети;19.79%
товари;аксесуари та прикраси;біжутерія;біжутерія, загальне;біжутерія, загальне;3;36090399;біжутерія, загальне;25.00%
товари;аксесуари та прикраси;біжутерія;браслети;браслети;3;36090301;браслети;18.16%
товари;аксесуари та прикраси;біжутерія;брошки;брошки;3;36090303;брошки;18.97%
товари;аксесуари та прикраси;прикраси з натурального каменю;брошки із натуральним камінням;брошки із натуральним камінням;3;1360511;брошки із натуральним камінням;18.44%
товари;аксесуари та прикраси;aксесуари;візитівки та картхолдери;візитівки та картхолдери;3;211115;візитівки та картхолдери;17.27%
товари;аксесуари та прикраси;aксесуари;віяла;віяла;3;33904;віяла;21.08%
товари;аксесуари та прикраси;aксесуари;галантерея та аксесуари, загальне;галантерея та аксесуари, загальне;3;33911;галантерея та аксесуари, загальне;25.00%
товари;аксесуари та прикраси;aксесуари;гаманці та портмоне;гаманці та портмоне;3;152405;гаманці та портмоне;19.88%
товари;аксесуари та прикраси;aксесуари;головні убори;головні убори, загальне;4;32716;головні убори, загальне;25.00%
товари;аксесуари та прикраси;сумки, валізи, портфелі;господарські сумки;господарські сумки;3;380530;господарські сумки;15.38%
товари;аксесуари та прикраси;дитячі аксесуари;дитячі аксесуари, загальне;дитячі аксесуари, загальне;3;36308;дитячі аксесуари, загальне;25.00%
товари;аксесуари та прикраси;дитячі аксесуари;дитячі гаманці;дитячі гаманці;3;15240504;дитячі гаманці;16.32%
товари;аксесуари та прикраси;дитячі аксесуари;дитячі головні убори ;дитячі головні убори ;3;32705;дитячі головні убори ;19.36%
товари;аксесуари та прикраси;дитячі аксесуари;дитячі дощовики ;дитячі дощовики ;3;31126;дитячі дощовики ;20.66%
товари;аксесуари та прикраси;дитячі аксесуари;дитячі комплекти шарф-шапка-рукавички;дитячі комплекти шарф-шапка-рукавички;3;36304;дитячі комплекти шарф-шапка-рукавички;19.55%
товари;аксесуари та прикраси;дитячі аксесуари;дитячі краватки і шийні аксесуари;дитячі краватки і шийні аксесуари;3;36307;дитячі краватки і шийні аксесуари;10.93%
товари;аксесуари та прикраси;дитячі аксесуари;дитячі парасолі;дитячі парасолі;3;36305;дитячі парасолі;14.63%
товари;аксесуари та прикраси;біжутерія;дитячі прикраси;дитячі прикраси;3;15090305;дитячі прикраси;13.20%
товари;аксесуари та прикраси;дитячі аксесуари;дитячі ремені і підтяжки ;дитячі ремені і підтяжки ;3;36301;дитячі ремені і підтяжки ;19.62%
товари;аксесуари та прикраси;дитячі аксесуари;дитячі рукавички, рукавиці;дитячі рукавички, рукавиці;3;36302;дитячі рукавички, рукавиці;17.42%
товари;аксесуари та прикраси;дитячі аксесуари;дитячі сумки і рюкзаки;дитячі сумки і рюкзаки;3;380501;дитячі сумки і рюкзаки;15.26%
товари;аксесуари та прикраси;дитячі аксесуари;дитячі шарфи, манішки;дитячі шарфи, манішки;3;36306;дитячі шарфи, манішки;19.51%
товари;аксесуари та прикраси;aксесуари;аксесуари для волосся;діадеми;4;3390112;діадеми;17.12%
товари;аксесуари та прикраси;сумки, валізи, портфелі;дорожні сумки та валізи;дорожні сумки та валізи;3;152404;дорожні сумки та валізи;18.43%
товари;аксесуари та прикраси;aксесуари;дощовики;дощовики;3;33915;дощовики;13.30%
товари;аксесуари та прикраси;сумки, валізи, портфелі;жіночі сумочки і клатчі;жіночі сумочки і клатчі;3;152403;жіночі сумочки і клатчі;19.36%
товари;аксесуари та прикраси;біжутерія;запонки та затискачі для краватки;запонки та затискачі для краватки;3;36090310;запонки та затискачі для краватки;19.68%
товари;аксесуари та прикраси;aксесуари;захисні маски для обличчя;захисні маски для обличчя;3;33918;захисні маски для обличчя;16.01%
товари;аксесуари та прикраси;aксесуари;знімні рукави;знімні рукави;3;33914;знімні рукави;17.09%
товари;аксесуари та прикраси;ювелірні вироби;ювелірні вироби з золота;золоті браслети;4;15090205;золоті браслети;18.96%
товари;аксесуари та прикраси;ювелірні вироби;ювелірні вироби з золота;золоті брошки;4;15090207;золоті брошки;19.12%
товари;аксесуари та прикраси;ювелірні вироби;ювелірні вироби з золота;золоті булавки;4;15090213;золоті булавки;19.90%
товари;аксесуари та прикраси;ювелірні вироби;ювелірні вироби з золота;золоті каблучки;4;15090201;золоті каблучки;16.58%
товари;аксесуари та прикраси;ювелірні вироби;ювелірні вироби з золота;золоті кольє;4;15090208;золоті кольє;18.96%
товари;аксесуари та прикраси;ювелірні вироби;ювелірні вироби з золота;золоті кулони;4;15090204;золоті кулони;18.53%
товари;аксесуари та прикраси;ювелірні вироби;ювелірні вироби з золота;золоті ланцюжки;4;15090206;золоті ланцюжки;17.10%
товари;аксесуари та прикраси;ювелірні вироби;ювелірні вироби з золота;золоті сережки;4;15090202;золоті сережки;17.88%
товари;аксесуари та прикраси;aксесуари;головні убори;капелюхи;4;32715;капелюхи;20.11%
товари;аксесуари та прикраси;біжутерія;кільця та ​​персні;кільця та ​​персні;3;36090309;кільця та ​​персні;16.48%
товари;аксесуари та прикраси;біжутерія;кольє та намисто;кольє та намисто;3;36090308;кольє та намисто;19.89%
товари;аксесуари та прикраси;aксесуари;коміри і манжети;коміри і манжети;3;33908;коміри і манжети;19.79%
товари;аксесуари та прикраси;біжутерія;комплекти біжутерії;комплекти біжутерії;3;36090306;комплекти біжутерії;19.85%
товари;аксесуари та прикраси;ювелірні вироби;ювелірні вироби з золота;комплекти прикрас з золота;4;15090210;комплекти прикрас з золота;16.19%
товари;аксесуари та прикраси;ювелірні вироби;ювелірні вироби зі срібла;комплекти прикрас зі срібла;4;15091308;комплекти прикрас зі срібла;16.20%
товари;аксесуари та прикраси;aксесуари;комплекти шарф-шапка-рукавички;комплекти шарф-шапка-рукавички;3;33906;комплекти шарф-шапка-рукавички;18.89%
товари;аксесуари та прикраси;сумки, валізи, портфелі;косметички і кейси для косметики;косметички і кейси для косметики;3;152407;косметички і кейси для косметики;19.85%
товари;аксесуари та прикраси;aксесуари;краватки та краватки-метелики;краватки та краватки-метелики;3;3261;краватки та краватки-метелики;19.66%
товари;аксесуари та прикраси;біжутерія;кулони;кулони;3;15090303;кулони;20.04%
товари;аксесуари та прикраси;прикраси з натурального каменю;кулони із натуральним камінням;кулони із натуральним камінням;3;1360513;кулони із натуральним камінням;12.63%
товари;аксесуари та прикраси;aксесуари;маски для сну;маски для сну;3;32602;маски для сну;19.95%
товари;аксесуари та прикраси;ювелірні вироби;намиста і браслети з дорогоцінних каменів;намиста і браслети з дорогоцінних каменів;3;150908;намиста і браслети з дорогоцінних каменів;16.27%
товари;аксесуари та прикраси;прикраси з натурального каменю;намиста і браслети з натуральних каменів;намиста і браслети з натуральних каменів;3;1360510;намиста і браслети з натуральних каменів;16.79%
товари;аксесуари та прикраси;aксесуари;наручні та кишенькові годинники;наручні та кишенькові годинники;3;151105;наручні та кишенькові годинники;23.53%
товари;аксесуари та прикраси;aксесуари;обкладинки для документів;обкладинки для документів;3;152413;обкладинки для документів;23.80%
товари;аксесуари та прикраси;aксесуари;аксесуари для волосся;обручі і вінки на голову;4;3390109;обручі і вінки на голову;15.43%
товари;аксесуари та прикраси;aксесуари;парасолі;парасолі;3;1527;парасолі;20.14%
товари;аксесуари та прикраси;прикраси з натурального каменю;перстні з натуральними каменями;перстні з натуральними каменями;3;1360509;перстні з натуральними каменями;14.98%
товари;аксесуари та прикраси;aксесуари;перуки і шиньйони;перуки і шиньйони;3;3390113;перуки і шиньйони;15.99%
товари;аксесуари та прикраси;aксесуари;підтяжки для штанів;підтяжки для штанів;3;33905;підтяжки для штанів;19.57%
товари;аксесуари та прикраси;aксесуари;головні убори;пов'язки і теплі навушники;4;32717;пов'язки і теплі навушники;19.85%
товари;аксесуари та прикраси;сумки, валізи, портфелі;портфелі ділові;портфелі ділові;3;152402;портфелі ділові;15.62%
товари;аксесуари та прикраси;біжутерія;прикраси для пірсингу;прикраси для пірсингу;3;36090302;прикраси для пірсингу;19.78%
товари;аксесуари та прикраси;aксесуари;аксесуари для волосся;резинки і банти для волосся;4;3390103;резинки і банти для волосся;15.43%
товари;аксесуари та прикраси;aксесуари;ремені та пояси;ремені та пояси;3;32801;ремені та пояси;20.34%
товари;аксесуари та прикраси;наручні і кишенькові годинники;ремінці та браслети для годинників;ремінці та браслети для годинників;3;36110710;ремінці та браслети для годинників;20.80%
товари;аксесуари та прикраси;aксесуари;рукавиці;рукавиці;3;324;рукавиці;18.93%
товари;аксесуари та прикраси;біжутерія;сережки;сережки;3;36090305;сережки;20.11%
товари;аксесуари та прикраси;прикраси з натурального каменю;сережки із натуральним камінням;сережки із натуральним камінням;3;1360512;сережки із натуральним камінням;17.86%
товари;аксесуари та прикраси;наручні і кишенькові годинники;скриньки для годинників;скриньки для годинників;3;36110730;скриньки для годинників;22.49%
товари;аксесуари та прикраси;aксесуари;сонцезахисні окуляри;сонцезахисні окуляри;3;33902;сонцезахисні окуляри;19.41%
товари;аксесуари та прикраси;ювелірні вироби;ювелірні вироби зі срібла;срібні браслети;4;15091304;срібні браслети;18.02%
товари;аксесуари та прикраси;ювелірні вироби;ювелірні вироби зі срібла;срібні брошки;4;15091306;срібні брошки;19.13%
товари;аксесуари та прикраси;ювелірні вироби;ювелірні вироби зі срібла;срібні каблучки;4;15091301;срібні каблучки;16.59%
товари;аксесуари та прикраси;ювелірні вироби;ювелірні вироби зі срібла;срібні кольє;4;15091307;срібні кольє;17.31%
товари;аксесуари та прикраси;ювелірні вироби;ювелірні вироби зі срібла;срібні кулони;4;15091303;срібні кулони;18.54%
товари;аксесуари та прикраси;ювелірні вироби;ювелірні вироби зі срібла;срібні ланцюжки;4;15091305;срібні ланцюжки;17.11%
товари;аксесуари та прикраси;ювелірні вироби;ювелірні вироби зі срібла;срібні сережки;4;15091302;срібні сережки;17.89%
товари;аксесуари та прикраси;aксесуари;аксесуари для волосся;стрічки і пов'язки для волосся;4;3390107;стрічки і пов'язки для волосся;15.63%
товари;аксесуари та прикраси;сумки, валізи, портфелі;сумки і портфелі, загальне;сумки і портфелі, загальне;3;152499;сумки і портфелі, загальне;25.00%
товари;аксесуари та прикраси;aксесуари;головні убори;тюбетейки;4;32719;тюбетейки;19.59%
товари;аксесуари та прикраси;ювелірні вироби;футляри та підставки для коштовностей;футляри та підставки для коштовностей;3;152406;футляри та підставки для коштовностей;15.77%
товари;аксесуари та прикраси;aксесуари;холдери для документів;холдери для документів;3;33916;холдери для документів;19.95%
товари;аксесуари та прикраси;шарфи, хустки, шалі;хустки, шалі, палантини;хустки, шалі, палантини;3;31307;хустки, шалі, палантини;18.59%
товари;аксесуари та прикраси;сумки, валізи, портфелі;чоловічі сумки ;чоловічі сумки ;3;152411;чоловічі сумки ;19.36%
товари;аксесуари та прикраси;aксесуари;чохли для ключів;чохли для ключів;3;380310;чохли для ключів;19.33%
товари;аксесуари та прикраси;aксесуари;головні убори;шапки;4;32710;шапки;19.59%
товари;аксесуари та прикраси;ювелірні вироби;ювелірні вироби зі срібла;шарми;4;15091310;шарми;18.02%
товари;аксесуари та прикраси;шарфи, хустки, шалі;шарфи;шарфи;3;32503;шарфи;19.36%
товари;аксесуари та прикраси;шарфи, хустки, шалі;шарфи, шалі, загальне;шарфи, шалі, загальне;3;32599;шарфи, шалі, загальне;25.00%
товари;аксесуари та прикраси;дитячі аксесуари;шкільні рюкзаки та портфелі ;шкільні рюкзаки та портфелі ;3;380520;шкільні рюкзаки та портфелі ;15.47%
товари;аксесуари та прикраси;aксесуари;аксесуари для волосся;шпильки і затискачі для волосся;4;3390104;шпильки і затискачі для волосся;15.50%
товари;аксесуари та прикраси;ювелірні вироби;ювелірна фурнітура;ювелірна фурнітура;3;360950;ювелірна фурнітура;8.93%
товари;аксесуари та прикраси;ювелірні вироби;ювелірне каміння;ювелірне каміння;3;360930;ювелірне каміння;19.26%
товари;аксесуари та прикраси;ювелірні вироби;ювелірні вироби з золота;ювелірні вироби з золота, загальне;4;15090211;ювелірні вироби з золота, загальне;25.00%
товари;аксесуари та прикраси;ювелірні вироби;ювелірні вироби з платини;ювелірні вироби з платини;3;150909;ювелірні вироби з платини;12.14%
товари;аксесуари та прикраси;ювелірні вироби;ювелірні вироби зі срібла;ювелірні вироби з срібла, загальне;4;15091309;ювелірні вироби з срібла, загальне;25.00%
товари;аксесуари та прикраси;ювелірні вироби;ювелірні вироби, загальне;ювелірні вироби, загальне;3;150911;ювелірні вироби, загальне;25.00%
товари;антикваріат і колекціонування;антикваріат для дому;антикваріат для дому;антикваріат для дому;2;170308;антикваріат для дому;7.66%
товари;антикваріат і колекціонування;антикварне мистецтво;антикварне мистецтво;антикварне мистецтво;2;170312;антикварне мистецтво;7.66%
товари;антикваріат і колекціонування;антикварні відзнаки та нагороди;антикварні відзнаки та нагороди;антикварні відзнаки та нагороди;2;170310;антикварні відзнаки та нагороди;7.66%
товари;антикваріат і колекціонування;антикварні та колекційні шаблі, пістолети та обладунки;антикварні та колекційні шаблі, пістолети та обладунки;антикварні та колекційні шаблі, пістолети та обладунки;2;170307;антикварні та колекційні шаблі, пістолети та обладунки;7.66%
товари;антикваріат і колекціонування;колекційні мінерали;колекційні мінерали;колекційні мінерали;2;370706;колекційні мінерали;7.66%
товари;антикваріат і колекціонування;колекційні моделі транспорту;колекційні моделі транспорту;колекційні моделі транспорту;2;370705;колекційні моделі транспорту;14.94%
товари;антикваріат і колекціонування;моделізм;моделізм;моделізм;2;370703;моделізм;8.93%
товари;антикваріат і колекціонування;нумізматика, боністика;нумізматика, боністика;нумізматика, боністика;2;3809;нумізматика, боністика;14.43%
товари;антикваріат і колекціонування;філателія;філателія;філателія;2;370701;філателія;13.94%
товари;безпека та захист;безпека та захист, загальне;безпека та захист, загальне;безпека та захист, загальне;2;3016;безпека та захист, загальне;25.00%
товари;безпека та захист;системи охорони та оповіщення;брелоки, пульти для охоронних систем;брелоки, пульти для охоронних систем;3;302307;брелоки, пульти для охоронних систем;11.86%
товари;безпека та захист;засоби індивідуального захисту;будівельні каски ;будівельні каски ;3;301911;будівельні каски ;11.86%
товари;безпека та захист;засоби зберігання і транспортування цінностей;пломби та пломбіратори;витратні матеріали для опломбування;4;302007;витратні матеріали для опломбування;12.78%
товари;безпека та захист;технічні засоби відеоспостереження;відеокамери-обманки, муляжі;відеокамери-обманки, муляжі;3;301107;відеокамери-обманки, муляжі;16.02%
товари;безпека та захист;системи і засоби пожежної безпеки;пожежне обладнання, інвентар та комплектуючі;вогнегасники;4;300902;вогнегасники;11.20%
товари;безпека та захист;системи охорони та оповіщення;гучномовці;гучномовці;3;6371818;гучномовці;15.44%
товари;безпека та захист;засоби організації дорожнього руху;дорожні знаки;дорожні знаки;3;301502;дорожні знаки;8.93%
товари;безпека та захист;обладнання електронне, прилади захисту й безпеки;електронне обладнання, прилади захисту й безпеки, загальне;електронне обладнання, прилади захисту й безпеки, загальне;3;300414;електронне обладнання, прилади захисту й безпеки, загальне;25.00%
товари;безпека та захист;засоби індивідуального захисту;засоби безпеки праці;засоби безпеки праці, загальне;4;14201801;засоби безпеки праці, загальне;25.00%
товари;безпека та захист;засоби індивідуального захисту;засоби захисту від падінь та лази;засоби захисту від падінь та лази;3;301916;засоби захисту від падінь та лази;11.86%
товари;безпека та захист;засоби індивідуального захисту;засоби захисту органів дихання;засоби захисту органів дихання;3;301901;засоби захисту органів дихання;1.00%
товари;безпека та захист;засоби індивідуального захисту;засоби безпеки праці;засоби захисту очей;4;301908;засоби захисту очей;12.33%
товари;безпека та захист;засоби індивідуального захисту;засоби індивідуального захисту, загальне;засоби індивідуального захисту, загальне;3;301906;засоби індивідуального захисту, загальне;25.00%
товари;безпека та захист;засоби індивідуального захисту;захисні дерматологічні засоби;захисні дерматологічні засоби;3;301912;захисні дерматологічні засоби;8.58%
товари;безпека та захист;засоби індивідуального захисту;засоби безпеки праці;зварювальні маски;4;301902;зварювальні маски;10.10%
товари;безпека та захист;системи і засоби пожежної безпеки;знаки і таблички безпеки;знаки і таблички безпеки;3;3017;знаки і таблички безпеки;9.64%
товари;безпека та захист;технічні засоби відеоспостереження;камери відеоспостереження;камери відеоспостереження;3;301105;камери відеоспостереження;17.06%
товари;безпека та захист;засоби індивідуального захисту;килимки діелектричні;килимки діелектричні;3;301905;килимки діелектричні;10.32%
товари;безпека та захист;технічні засоби відеоспостереження;комплектуючі для систем відеоспостереження;кожухи і кронштейни;4;301112;кожухи і кронштейни;14.53%
товари;безпека та захист;системи і засоби пожежної безпеки;блискавкозахист і заземлення;комплектуючі для блискавкозахисту/заземлення;4;300307;комплектуючі для блискавкозахисту/заземлення;11.00%
товари;безпека та захист;технічні засоби відеоспостереження;комплектуючі для систем відеоспостереження;комплектуючі для систем відеоспостереження, загальне;4;301109;комплектуючі для систем відеоспостереження, загальне;25.00%
товари;безпека та захист;системи охорони та оповіщення;короби та корпуси для охоронних систем;короби та корпуси для охоронних систем;3;302309;короби та корпуси для охоронних систем;9.39%
товари;безпека та захист;пістолети, гвинтівки і револьвери;пневматична гвинтівки і пістолети;кулі для пневматичних пістолетів і гвинтівок;4;302109;кулі для пневматичних пістолетів і гвинтівок;11.84%
товари;безпека та захист;засоби організації дорожнього руху;маркувальні позначення і знаки небезпеки;маркувальні позначення і знаки небезпеки;3;301510;маркувальні позначення і знаки небезпеки;8.93%
товари;безпека та захист;пістолети, гвинтівки і револьвери;міні-тири, мішені для стрільби;міні-тири, мішені для стрільби;3;302120;міні-тири, мішені для стрільби;10.47%
товари;безпека та захист;системи і засоби пожежної безпеки;пожежна автоматика;модулі контролю та управління;4;300934;модулі контролю та управління;11.70%
товари;безпека та захист;засоби організації дорожнього руху;наліпки та світловідбивні елементи;наліпки та світловідбивні елементи;3;301514;наліпки та світловідбивні елементи;18.59%
товари;безпека та захист;системи охорони та оповіщення;оглядові дзеркала безпеки;оглядові дзеркала безпеки;3;301507;оглядові дзеркала безпеки;10.78%
товари;безпека та захист;системи охорони та оповіщення;охоронні голосові сповіщувачі;охоронні голосові сповіщувачі;3;302304;охоронні голосові сповіщувачі;9.86%
товари;безпека та захист;системи охорони та оповіщення;охоронні сповіщувачі;охоронні сповіщувачі;3;302302;охоронні сповіщувачі;10.32%
товари;безпека та захист;системи і засоби пожежної безпеки;блискавкозахист і заземлення;пзіп;4;300303;пзіп;15.04%
товари;безпека та захист;технічні засоби відеоспостереження;комплектуючі для систем відеоспостереження;плати і карти відеоспостереження;4;301111;плати і карти відеоспостереження;14.16%
товари;безпека та захист;засоби зберігання і транспортування цінностей;пломби та пломбіратори;пломби для контролю і збереження;4;302006;пломби для контролю і збереження;12.78%
товари;безпека та захист;засоби зберігання і транспортування цінностей;пломби та пломбіратори;пломбіратори;4;302003;пломбіратори;12.78%
товари;безпека та захист;пістолети, гвинтівки і револьвери;пневматична гвинтівки і пістолети;пневматичні пістолети і гвинтівки;4;181603;пневматичні пістолети і гвинтівки;10.54%
товари;безпека та захист;системи і засоби пожежної безпеки;пожежне обладнання, інвентар та комплектуючі;пожежний інвентар;4;300940;пожежний інвентар;10.40%
товари;безпека та захист;системи і засоби пожежної безпеки;пожежне обладнання, інвентар та комплектуючі;пожежний інструмент;4;300905;пожежний інструмент;10.40%
товари;безпека та захист;спеціальні технічні засоби;пристрої виявлення прихованих відеокамер і жучків;пристрої виявлення прихованих відеокамер і жучків;3;300406;пристрої виявлення прихованих відеокамер і жучків;13.90%
товари;безпека та захист;системи охорони та оповіщення;протикрадіжні системи;протикрадіжні системи;3;300405;протикрадіжні системи;10.63%
товари;безпека та захист;системи охорони та оповіщення;протикражні датчики і мітки;протикражні датчики і мітки;3;300422;протикражні датчики і мітки;10.47%
товари;безпека та захист;пістолети, гвинтівки і револьвери;револьвери під патрон флобера;револьвери під патрон флобера;3;181604;револьвери під патрон флобера;10.58%
товари;безпека та захист;засоби зберігання і транспортування цінностей;сейфи;сейфи;3;301201;сейфи;13.37%
товари;безпека та захист;обладнання електронне, прилади захисту й безпеки;системи захисту від потопу;системи захисту від потопу;3;300418;системи захисту від потопу;13.25%
товари;безпека та захист;системи і засоби пожежної безпеки;блискавкозахист і заземлення;системи і комплекти блискавкозахисту/заземлення;4;300308;системи і комплекти блискавкозахисту/заземлення;14.91%
товари;безпека та захист;системи охорони та оповіщення;системи охорони та оповіщення, загальне;системи охорони та оповіщення, загальне;3;302301;системи охорони та оповіщення, загальне;25.00%
товари;безпека та захист;спеціальні технічні засоби;скануючі приймачі;скануючі приймачі;3;300417;скануючі приймачі;10.32%
товари;безпека та захист;засоби індивідуального захисту;тактичні ручки;тактичні ручки;3;301917;тактичні ручки;9.88%
товари;безпека та захист;спеціальні технічні засоби;технічний захист інформації;технічний захист інформації;3;300404;технічний захист інформації;14.03%
товари;безпека та захист;технічні засоби відеоспостереження;технічні засоби відеоспостереження, загальне;технічні засоби відеоспостереження, загальне;3;301103;технічні засоби відеоспостереження, загальне;25.00%
товари;безпека та захист;засоби організації дорожнього руху;тимчасові дорожні огорожі;тимчасові дорожні огорожі;3;301501;тимчасові дорожні огорожі;15.53%
товари;безпека та захист;пістолети, гвинтівки і револьвери;тренувальні пістолети і ножі;тренувальні пістолети і ножі;3;302122;тренувальні пістолети і ножі;10.79%
товари;безпека та захист;системи і засоби пожежної безпеки;пожежне обладнання, інвентар та комплектуючі;шафи пожежні;4;300915;шафи пожежні;10.40%
товари;будівництво;будівельні матеріали;ворота, огорожі, шлагбауми та комплектуючі;автоматика для воріт;4;13560902;автоматика для воріт;13.94%
товари;будівництво;водо-, газо-, теплозабезпечення;автоматичні регулятори;автоматичні регулятори тиску;4;13240902;автоматичні регулятори тиску;15.29%
товари;будівництво;будівельні матеріали;теплоізоляційні матеріали;азбестова теплоізоляція;4;133415;азбестова теплоізоляція;8.84%
товари;будівництво;будівельні матеріали;ворота, огорожі, шлагбауми та комплектуючі;аксесуари для воріт і шлагбаумів;4;13560901;аксесуари для воріт і шлагбаумів;6.65%
товари;будівництво;будівельні матеріали;теплоізоляційні матеріали;алюмінієвий скотч;4;133416;алюмінієвий скотч;10.32%
товари;будівництво;басейни;басейни, загальне;басейни, загальне;3;180802;басейни, загальне;25.00%
товари;будівництво;будівельна техніка та обладнання;машини та обладнання для бетонних робіт;бетономішалки;4;132604;бетономішалки;8.60%
товари;будівництво;будівельні матеріали;пиломатеріали;блок-хаус;4;131120;блок-хаус;5.17%
товари;будівництво;будівельні матеріали;в'яжучі матеріали, сухі будівельні суміші;будівельна, кормова крейда;4;13070606;будівельна, кормова крейда;11.00%
товари;будівництво;будівельні матеріали;будівельний металопрокат;будівельний металопрокат, загальне;4;13120601;будівельний металопрокат, загальне;25.00%
товари;будівництво;будівельні матеріали;будівельні матеріали, загальне;будівельні матеріали, загальне;3;130740;будівельні матеріали, загальне;25.00%
товари;будівництво;будівельні матеріали;в'яжучі матеріали, сухі будівельні суміші;будівельні ремонтні суміші;4;13070511;будівельні ремонтні суміші;9.50%
товари;будівництво;будівельна техніка та обладнання;риштування та інші конструкції для ремонтно-будівельних робіт;будівельні та садові драбини;4;13070703;будівельні та садові драбини;11.82%
товари;будівництво;оздоблювальні матеріали;лакофарбові будівельні матеріали;будівельні фарби;4;13071002;будівельні фарби;11.75%
товари;будівництво;водо-, газо-, теплозабезпечення;запірна арматура;вентилі;4;13100613;вентилі;15.29%
товари;будівництво;вентиляційні системи;вентиляційне обладнання, загальне;вентиляційне обладнання, загальне;3;142211;вентиляційне обладнання, загальне;25.00%
товари;будівництво;басейни;витратні матеріали для басейнів;витратні матеріали для басейнів;3;180807;витратні матеріали для басейнів;15.38%
товари;будівництво;водо-, газо-, теплозабезпечення;фітинги для труб;відводи, обходи;4;13100603;відводи, обходи;14.94%
товари;будівництво;будівельні матеріали;вогнезахисні матеріали;вогнезахисні матеріали;3;130709;вогнезахисні матеріали;11.22%
товари;будівництво;водо-, газо-, теплозабезпечення;запірна арматура;водоструминні елеватори;4;13100641;водоструминні елеватори;13.88%
товари;будівництво;водо-, газо-, теплозабезпечення;фітинги для труб;втулки під фланець;4;13100623;втулки під фланець;14.94%
товари;будівництво;будівельні матеріали;гідроізоляційні матеріали;гідроізоляційні матеріали, загальне;4;132307;гідроізоляційні матеріали, загальне;25.00%
товари;будівництво;будівельні матеріали;гідроізоляційні матеріали;гідроізоляційні ущільнювачі;4;132308;гідроізоляційні ущільнювачі;6.00%
товари;будівництво;будівельні матеріали;гідроізоляційні матеріали;гідрофобні просочення, гідрофобізатори;4;132303;гідрофобні просочення, гідрофобізатори;5.85%
товари;будівництво;будівельні матеріали;в'яжучі матеріали, сухі будівельні суміші;гіпс;4;1309;гіпс;9.50%
товари;будівництво;будівельна техніка та обладнання;машини та обладнання для бетонних робіт;глибинні вібратори;4;13040305;глибинні вібратори;10.04%
товари;будівництво;водо-, газо-, теплозабезпечення;труби;гофровані нержавіючі труби;4;131024;гофровані нержавіючі труби;7.00%
товари;будівництво;оздоблювальні матеріали;лакофарбові будівельні матеріали;ґрунтовки;4;81112;ґрунтовки;10.45%
товари;будівництво;водо-, газо-, теплозабезпечення;опалювальне обладнання;групи безпеки;4;13240130;групи безпеки;14.12%
товари;будівництво;оздоблювальні матеріали;лакофарбові будівельні матеріали;декоративні покриття;4;13073606;декоративні покриття;11.01%
товари;будівництво;будівельні матеріали;пиломатеріали;дерев'яні рейки;4;131123;дерев'яні рейки;5.17%
товари;будівництво;будівельні матеріали;пиломатеріали;деревна тирса та стружка;4;131125;деревна тирса та стружка;5.70%
товари;будівництво;будівельна техніка та обладнання;риштування та інші конструкції для ремонтно-будівельних робіт;драбини;4;13070701;драбини;11.82%
товари;будівництво;водо-, газо-, теплозабезпечення;обладнання для газопостачання;електромагнітні клапани для води, газу;4;13240606;електромагнітні клапани для води, газу;9.86%
товари;будівництво;оздоблювальні матеріали;лакофарбові будівельні матеріали;емалі;4;13073604;емалі;11.81%
товари;будівництво;водо-, газо-, теплозабезпечення;фітинги для труб;з'єднання «американка»;4;13100648;з'єднання «американка»;14.94%
товари;будівництво;водо-, газо-, теплозабезпечення;фітинги для труб;заглушки;4;13100602;заглушки;14.94%
товари;будівництво;водо-, газо-, теплозабезпечення;запірна арматура;засувки;4;13100615;засувки;14.97%
товари;будівництво;оздоблювальні матеріали;лакофарбові будівельні матеріали;затверджувач;4;13073605;затверджувач;14.13%
товари;будівництво;будівельні матеріали;звукоізоляційні матеріали;звукоізоляційні матеріали;3;1322;звукоізоляційні матеріали;12.33%
товари;будівництво;водо-, газо-, теплозабезпечення;фітинги для труб;згони;4;13100624;згони;14.94%
товари;будівництво;водо-, газо-, теплозабезпечення;каналізаційне обладнання;зливоприймачі;4;13240503;зливоприймачі;16.39%
товари;будівництво;будівельні матеріали;гідроізоляційні матеріали;ін'єкційні гідроізоляційні матеріали;4;132311;ін'єкційні гідроізоляційні матеріали;6.00%
товари;будівництво;водо-, газо-, теплозабезпечення;каналізаційне обладнання;каналізаційне обладнання, загальне;4;13240508;каналізаційне обладнання, загальне;25.00%
товари;будівництво;водо-, газо-, теплозабезпечення;каналізаційне обладнання;каналізаційні люки;4;13240504;каналізаційні люки;14.94%
товари;будівництво;будівельні матеріали;сипкі матеріали;керамзит, шунгізит;4;13070603;керамзит, шунгізит;6.00%
товари;будівництво;будівельні матеріали;теплоізоляційні матеріали;керамічні теплоізоляційні матеріали;4;146703;керамічні теплоізоляційні матеріали;8.84%
товари;будівництво;водо-, газо-, теплозабезпечення;запірна арматура;клапани;4;13100633;клапани;14.97%
товари;будівництво;оздоблювальні матеріали;лакофарбові будівельні матеріали;колери;4;13071007;колери;11.92%
товари;будівництво;водо-, газо-, теплозабезпечення;фітинги для труб;компенсаційні петлі та патрубки;4;13100650;компенсаційні петлі та патрубки;14.94%
товари;будівництво;оздоблювальні матеріали;матеріали для гіпсокартонних робіт;комплектуючі для гіпсокартону;4;13260703;комплектуючі для гіпсокартону;12.17%
товари;будівництво;будівельна техніка та обладнання;комплектуючі для будівельного обладнання;комплектуючі для оздоблювального та покрівельного обладнання;4;13040704;комплектуючі для оздоблювального та покрівельного обладнання;12.80%
товари;будівництво;будівельні матеріали;ворота, огорожі, шлагбауми та комплектуючі;комплектуючі для парканів;4;130726;комплектуючі для парканів;9.16%
товари;будівництво;будівельні матеріали;покрівельні матеріали;комплектуючі для покрівлі;4;135021;комплектуючі для покрівлі;5.26%
товари;будівництво;будівельні матеріали;пластикові будівельні матеріали;комплектуючі для полікарбонату та панелей пвх;4;131714;комплектуючі для полікарбонату та панелей пвх;6.65%
товари;будівництво;будівельна техніка та обладнання;комплектуючі для будівельного обладнання;комплектуючі для садово-будівельних тачок;4;13040703;комплектуючі для садово-будівельних тачок;14.59%
товари;будівництво;вентиляційні системи;комплектуючі для систем вентиляції;комплектуючі для систем вентиляції;3;142217;комплектуючі для систем вентиляції;12.96%
товари;будівництво;будівельні матеріали;сходи та комплектуючі для сходів;комплектуючі для сходів;4;1358;комплектуючі для сходів;5.26%
товари;будівництво;будівельна техніка та обладнання;риштування та інші конструкції для ремонтно-будівельних робіт;комплектуючі для сходів та будівельних риштувань;4;1354;комплектуючі для сходів та будівельних риштувань;9.84%
товари;будівництво;водо-, газо-, теплозабезпечення;запірна арматура;комплектуючі до запірної арматури;4;13100647;комплектуючі до запірної арматури;14.97%
товари;будівництво;будівельна техніка та обладнання;машини та обладнання для бетонних робіт;комплектуючі обладнання для бетонних робіт;4;13040313;комплектуючі обладнання для бетонних робіт;14.43%
товари;будівництво;будівельні матеріали;пластикові будівельні матеріали;композитна арматура та прути;4;131711;композитна арматура та прути;5.17%
товари;будівництво;водо-, газо-, теплозабезпечення;труби;композитні труби;4;131002;композитні труби;7.00%
товари;будівництво;водо-, газо-, теплозабезпечення;фітинги для труб;контргайки;4;13100646;контргайки;14.94%
товари;будівництво;водо-, газо-, теплозабезпечення;фітинги для труб;косинці для труб;4;13100601;косинці для труб;14.94%
товари;будівництво;водо-, газо-, теплозабезпечення;запірна арматура;кульові, коркові крани;4;13100606;кульові, коркові крани;15.29%
товари;будівництво;оздоблювальні матеріали;лакофарбові будівельні матеріали;лаки;4;81106;лаки;11.42%
товари;будівництво;оздоблювальні матеріали;лакофарбові будівельні матеріали;лакофарбові будівельні матеріали, загальне;4;13073602;лакофарбові будівельні матеріали, загальне;25.00%
товари;будівництво;будівельні матеріали;пиломатеріали;ліс-кругляк, колоди;4;131121;ліс-кругляк, колоди;5.70%
товари;будівництво;водо-, газо-, теплозабезпечення;лічильники для водо-, газо-, теплозабезпечення (побутові);лічильники води;4;15370405;лічильники води;15.21%
товари;будівництво;оздоблювальні матеріали;матеріали для гіпсокартонних робіт;матеріали для гіпсокартонних робіт, загальне;4;13260701;матеріали для гіпсокартонних робіт, загальне;25.00%
товари;будівництво;будівельні матеріали;пиломатеріали;меблеві щити;4;131128;меблеві щити;5.17%
товари;будівництво;будівельні матеріали;в'яжучі матеріали, сухі будівельні суміші;мурувальні суміші та розчини;4;13070509;мурувальні суміші та розчини;10.10%
товари;будівництво;водо-, газо-, теплозабезпечення;фітинги для труб;муфти для труб, монтажні гільзи;4;13100610;муфти для труб, монтажні гільзи;14.94%
товари;будівництво;будівельні матеріали;покрівельні матеріали;натуральні матеріали для покрівлі та декору;4;135016;натуральні матеріали для покрівлі та декору;6.00%
товари;будівництво;водо-, газо-, теплозабезпечення;фітинги для труб;ніпелі;4;13100625;ніпелі;14.94%
товари;будівництво;водо-, газо-, теплозабезпечення;обладнання для водо-, газо-, теплозабезпечення, загальне;обладнання для водо-, газо-, теплозабезпечення, загальне;3;132408;обладнання для водо-, газо-, теплозабезпечення, загальне;25.00%
товари;будівництво;будівельна техніка та обладнання;обладнання для нанесення, звуко-, гідро-, теплоізоляції;обладнання для нанесення, звуко-, гідро-, теплоізоляції;3;130412;обладнання для нанесення, звуко-, гідро-, теплоізоляції;9.24%
товари;будівництво;басейни;обладнання та аксесуари для басейнів;обладнання та аксесуари для басейнів;3;180803;обладнання та аксесуари для басейнів;15.22%
товари;будівництво;будівельні матеріали;теплоізоляційні матеріали;обмащувальна теплоізоляція;4;133419;обмащувальна теплоізоляція;8.84%
товари;будівництво;будівельні матеріали;гідроізоляційні матеріали;обмащувальні гідроізоляційні матеріали;4;132309;обмащувальні гідроізоляційні матеріали;5.91%
товари;будівництво;водо-, газо-, теплозабезпечення;фітинги для труб;опори для труб;4;13100622;опори для труб;14.94%
товари;будівництво;будівельні матеріали;теплоізоляційні матеріали;пакля;4;133403;пакля;10.32%
товари;будівництво;будівельні матеріали;пластикові будівельні матеріали;панелі та вагонка пвх;4;131702;панелі та вагонка пвх;5.17%
товари;будівництво;водо-, газо-, теплозабезпечення;фітинги для труб;перехідники;4;13100607;перехідники;14.94%
товари;будівництво;будівельні матеріали;теплоізоляційні матеріали;пінополіуретанова теплоізоляція;4;133413;пінополіуретанова теплоізоляція;8.84%
товари;будівництво;будівельні матеріали;пластикові будівельні матеріали;пластикові будівельні матеріали, загальне;4;131708;пластикові будівельні матеріали, загальне;25.00%
товари;будівництво;будівельні матеріали;в'яжучі матеріали, сухі будівельні суміші;пластифікатори і добавки в розчини;4;13070502;пластифікатори і добавки в розчини;11.66%
товари;будівництво;водо-, газо-, теплозабезпечення;обладнання для газопостачання;побутові газові балони;4;13240607;побутові газові балони;9.86%
товари;будівництво;водо-, газо-, теплозабезпечення;обладнання для газопостачання;побутові газові фільтри;4;13240601;побутові газові фільтри;9.86%
товари;будівництво;водо-, газо-, теплозабезпечення;автоматичні регулятори;побутові терморегулятори;4;13240901;побутові терморегулятори;15.09%
товари;будівництво;водо-, газо-, теплозабезпечення;запірна арматура;повітровідводи;4;13100627;повітровідводи;14.97%
товари;будівництво;водо-, газо-, теплозабезпечення;фітинги для труб;подовжувачі для труб;4;13100645;подовжувачі для труб;14.94%
товари;будівництво;оздоблювальні матеріали;лакофарбові будівельні матеріали;покриття на основі олій, воску для дерев'яних виробів;4;13073603;покриття на основі олій, воску для дерев'яних виробів;11.79%
товари;будівництво;будівельні матеріали;покрівельні матеріали;покрівельні матеріали, загальне;4;135009;покрівельні матеріали, загальне;25.00%
товари;будівництво;будівельні матеріали;сходи та комплектуючі для сходів;протиковзкі накладки;4;133005;протиковзкі накладки;7.53%
товари;будівництво;оздоблювальні матеріали;лакофарбові будівельні матеріали;розчинники, очисники;4;81114;розчинники, очисники;12.13%
товари;будівництво;будівельні матеріали;гідроізоляційні матеріали;рулонні і листові гідроізоляційні матеріали;4;135014;рулонні і листові гідроізоляційні матеріали;6.63%
товари;будівництво;водо-, газо-, теплозабезпечення;опалювальне обладнання;системи антизледеніння та сніготанення;4;135015;системи антизледеніння та сніготанення;14.38%
товари;будівництво;водо-, газо-, теплозабезпечення;каналізаційне обладнання;системи водовідведення та комплектуючі;4;13240501;системи водовідведення та комплектуючі;10.81%
товари;будівництво;будівельні матеріали;скло та кріплення до нього;системи кріплення для скла та скляних конструкцій;4;131503;системи кріплення для скла та скляних конструкцій;14.76%
товари;будівництво;водо-, газо-, теплозабезпечення;фітинги для труб;сіделки для труб;4;13100643;сіделки для труб;14.94%
товари;будівництво;будівельні матеріали;скло та кріплення до нього;скло;4;90903;скло;13.60%
товари;будівництво;будівельні матеріали;скло та кріплення до нього;скло для вітражів, фацетні елементи;4;131501;скло для вітражів, фацетні елементи;13.60%
товари;будівництво;будівельні матеріали;скло та кріплення до нього;склопакети;4;131505;склопакети;11.33%
товари;будівництво;будівельні матеріали;гідроізоляційні матеріали;сухі гідроізоляційні матеріали;4;132302;сухі гідроізоляційні матеріали;5.91%
товари;будівництво;будівельні матеріали;сходи та комплектуючі для сходів;сходи на горище;4;133006;сходи на горище;10.54%
товари;будівництво;будівельні матеріали;сходи та комплектуючі для сходів;сходи та комплектуючі для сходів, загальне;4;133099;сходи та комплектуючі для сходів, загальне;25.00%
товари;будівництво;будівельні матеріали;дорожні матеріали;тактильні плитки та індикатори;4;13072904;тактильні плитки та індикатори;15.93%
товари;будівництво;будівельні матеріали;теплоізоляційні матеріали;теплоізоляційний вермикуліт, перліт;4;133412;теплоізоляційний вермикуліт, перліт;6.00%
товари;будівництво;будівельні матеріали;теплоізоляційні матеріали;теплоізоляційний пінополіетилен;4;133406;теплоізоляційний пінополіетилен;5.26%
товари;будівництво;будівельні матеріали;теплоізоляційні матеріали;теплоізоляційні матеріали, загальне;4;133411;теплоізоляційні матеріали, загальне;25.00%
товари;будівництво;будівельні матеріали;теплоізоляційні матеріали;теплоізоляція для труб;4;133409;теплоізоляція для труб;13.26%
товари;будівництво;водо-, газо-, теплозабезпечення;лічильники для водо-, газо-, теплозабезпечення (побутові);теплолічильники;4;153723;теплолічильники;14.50%
товари;будівництво;водо-, газо-, теплозабезпечення;запірна арматура;термостатичні радіаторні клапани;4;13100626;термостатичні радіаторні клапани;14.84%
товари;будівництво;водо-, газо-, теплозабезпечення;фітинги для труб;трійники;4;13100611;трійники;14.94%
товари;будівництво;водо-, газо-, теплозабезпечення;труби;труби, загальне;4;131099;труби, загальне;25.00%
товари;будівництво;будівельні матеріали;в'яжучі матеріали, сухі будівельні суміші;універсальні будівельні суміші;4;13070510;універсальні будівельні суміші;9.50%
товари;будівництво;будівельні матеріали;фасадні матеріали;фасадні матеріали, загальне;4;13070301;фасадні матеріали, загальне;25.00%
товари;будівництво;водо-, газо-, теплозабезпечення;запірна арматура;фільтри грубої очистки;4;13100629;фільтри грубої очистки;14.97%
товари;будівництво;водо-, газо-, теплозабезпечення;фітинги для труб;фітинги для труб, загальне;4;13100609;фітинги для труб, загальне;25.00%
товари;будівництво;будівельна техніка та обладнання;машини та обладнання для оздоблювальних і покрівельних робіт;фрезерувальні машини;4;13040608;фрезерувальні машини;10.38%
товари;будівництво;будівельні матеріали;ворота, огорожі, шлагбауми та комплектуючі;хвіртки;4;135610;хвіртки;5.17%
товари;будівництво;водо-, газо-, теплозабезпечення;фітинги для труб;хрестовини;4;13100642;хрестовини;14.94%
товари;будівництво;будівельні матеріали;в'яжучі матеріали, сухі будівельні суміші;шпаклівки;4;81113;шпаклівки;10.10%
товари;будівництво;будівельні матеріали;пиломатеріали;шпон;4;131106;шпон;5.17%
товари;будівництво;будівельні матеріали;в'яжучі матеріали, сухі будівельні суміші;штукатурка;4;13070503;штукатурка;10.10%
товари;будівництво;будівельні матеріали;в'яжучі матеріали, сухі будівельні суміші;штукатурні маяки і куточки;4;1340;штукатурні маяки і куточки;11.32%
товари;будівництво;водо-, газо-, теплозабезпечення;фітинги для труб;штуцери для труб;4;13100644;штуцери для труб;14.94%
товари;вантажівки, автобуси, спецтехніка;автобуси, спецтехніка, загальне;автобуси, спецтехніка, загальне;автобуси, спецтехніка, загальне;2;3402;автобуси, спецтехніка, загальне;25.00%
товари;вантажівки, автобуси, спецтехніка;автозапчастини та комплектуючі;автозапчастини та комплектуючі, загальне;автозапчастини та комплектуючі, загальне;3;1223;автозапчастини та комплектуючі, загальне;25.00%
товари;вантажівки, автобуси, спецтехніка;автозапчастини та комплектуючі;автомобільне рефрижераторне обладнання;автомобільне рефрижераторне обладнання;3;340105;автомобільне рефрижераторне обладнання;12.43%
товари;вантажівки, автобуси, спецтехніка;автозапчастини та комплектуючі;автомобільні гідравлічні компоненти;автомобільні гідравлічні компоненти;3;341636;автомобільні гідравлічні компоненти;10.30%
товари;вантажівки, автобуси, спецтехніка;автозапчастини та комплектуючі;запчастини до автотракторної, сільськогосподарської спецтехніки;відвали;4;341542;відвали;9.97%
товари;вантажівки, автобуси, спецтехніка;автозапчастини та комплектуючі;гідроциліндри;гідроциліндри;3;341619;гідроциліндри;12.63%
товари;вантажівки, автобуси, спецтехніка;автозапчастини та комплектуючі;запчастини до автотракторної, сільськогосподарської спецтехніки;диски на борони;4;341541;диски на борони;11.55%
товари;вантажівки, автобуси, спецтехніка;автозапчастини та комплектуючі;запчастини до автотракторної, сільськогосподарської спецтехніки;диски сошників;4;341641;диски сошників;11.55%
товари;вантажівки, автобуси, спецтехніка;автозапчастини та комплектуючі;електрообладнання для вантажних автомобілів;електрообладнання для вантажних автомобілів;3;342218;електрообладнання для вантажних автомобілів;9.24%
товари;вантажівки, автобуси, спецтехніка;автозапчастини та комплектуючі;запчастини для землерийної спецтехніки;запасні частини до екскаваторів;4;341513;запасні частини до екскаваторів;15.84%
товари;вантажівки, автобуси, спецтехніка;автозапчастини та комплектуючі;запчастини до автотракторної, сільськогосподарської спецтехніки;запасні частини до тракторів;4;341511;запасні частини до тракторів;8.30%
товари;вантажівки, автобуси, спецтехніка;автозапчастини та комплектуючі;запчастини до дорожньо-будівельної спецтехніки;запчастини до дорожньо-будівельної спецтехніки;3;341518;запчастини до дорожньо-будівельної спецтехніки;12.63%
товари;вантажівки, автобуси, спецтехніка;автозапчастини та комплектуючі;кузова, кабіни, рами;кабіни та рами для вантажних автомобілів;4;342201;кабіни та рами для вантажних автомобілів;8.05%
товари;вантажівки, автобуси, спецтехніка;автобуси, мікроавтобуси;комерційні автомобілі і мікроавтобуси, загальне;комерційні автомобілі і мікроавтобуси, загальне;3;340104;комерційні автомобілі і мікроавтобуси, загальне;25.00%
товари;вантажівки, автобуси, спецтехніка;причепи та напівпричепи;комплектуючі та аксесуари для причепів;комплектуючі та аксесуари для причепів;3;3425;комплектуючі та аксесуари для причепів;10.63%
товари;вантажівки, автобуси, спецтехніка;автозапчастини та комплектуючі;кузова, кабіни, рами;крила, підкрилки, накладки крил для вантажних автомобілів;4;342211;крила, підкрилки, накладки крил для вантажних автомобілів;9.39%
товари;вантажівки, автобуси, спецтехніка;автозапчастини та комплектуючі;кузова, кабіни, рами;кронштейни вантажних автомобілів;4;342214;кронштейни вантажних автомобілів;9.39%
товари;вантажівки, автобуси, спецтехніка;автозапчастини та комплектуючі;кузова, кабіни, рами;кутові панелі кабін;4;342208;кутові панелі кабін;8.05%
товари;вантажівки, автобуси, спецтехніка;автозапчастини та комплектуючі;кузова, кабіни, рами;механізми підйому кабіни;4;342202;механізми підйому кабіни;9.04%
товари;вантажівки, автобуси, спецтехніка;автозапчастини та комплектуючі;запчастини до автотракторної, сільськогосподарської спецтехніки;ножі до сільгосптехніки;4;341563;ножі до сільгосптехніки;11.55%
товари;вантажівки, автобуси, спецтехніка;автозапчастини та комплектуючі;кузова, кабіни, рами;підніжки, накладки на підніжки до вантажних автомобілів;4;342210;підніжки, накладки на підніжки до вантажних автомобілів;8.05%
товари;вантажівки, автобуси, спецтехніка;автозапчастини та комплектуючі;запчастини до автотракторної, сільськогосподарської спецтехніки;пружини для сільгосптехніки;4;341546;пружини для сільгосптехніки;11.55%
товари;вантажівки, автобуси, спецтехніка;автозапчастини та комплектуючі;запчастини до автотракторної, сільськогосподарської спецтехніки;розпилювачі;4;341504;розпилювачі;9.90%
товари;весільні товари;весільні аксесуари;аксесуари для весільних конкурсів;аксесуари для весільних конкурсів;3;3200609;аксесуари для весільних конкурсів;18.79%
товари;весільні товари;вбрання та аксесуари для нареченої;аксесуари для нареченої;аксесуари для нареченої;3;32001;аксесуари для нареченої;12.94%
товари;весільні товари;весільні аксесуари;бонбоньєрки;бонбоньєрки;3;1754;бонбоньєрки;20.33%
товари;весільні товари;вбрання та аксесуари для нареченого;вбрання та аксесуари для нареченого, загальне;вбрання та аксесуари для нареченого, загальне;3;281815;вбрання та аксесуари для нареченого, загальне;25.00%
товари;весільні товари;вбрання та аксесуари для нареченої;вбрання та аксесуари для нареченої, загальне;вбрання та аксесуари для нареченої, загальне;3;3600104;вбрання та аксесуари для нареченої, загальне;25.00%
товари;весільні товари;вбрання та аксесуари для нареченої;весільна фата;весільна фата;3;32002;весільна фата;19.92%
товари;весільні товари;весільні аксесуари;весільні аксесуари, загальне;весільні аксесуари, загальне;3;3200603;весільні аксесуари, загальне;25.00%
товари;весільні товари;весільні аксесуари;весільні альбоми;весільні альбоми;3;281807;весільні альбоми;16.44%
товари;весільні товари;весільні арки;весільні арки;весільні арки;2;281805;весільні арки;15.40%
товари;весільні товари;весільні аксесуари;весільні букети та бутоньєрки;весільні букети та бутоньєрки;3;281803;весільні букети та бутоньєрки;18.48%
товари;весільні товари;весільні аксесуари;весільні запрошення та розсаджувальні картки;весільні запрошення та розсаджувальні картки;3;281801;весільні запрошення та розсаджувальні картки;21.41%
товари;весільні товари;весільні аксесуари;весільні келихи;весільні келихи;3;281804;весільні келихи;16.40%
товари;весільні товари;весільні аксесуари;весільні коробки для грошей;весільні коробки для грошей;3;3200606;весільні коробки для грошей;23.85%
товари;весільні товари;весільні аксесуари;весільні кошики та сита;весільні кошики та сита;3;3200605;весільні кошики та сита;16.10%
товари;весільні товари;весільні аксесуари;весільні рушники;весільні рушники;3;281808;весільні рушники;17.86%
товари;весільні товари;весільні аксесуари;весільні сувеніри;весільні сувеніри;3;281809;весільні сувеніри;19.10%
товари;весільні товари;вбрання та аксесуари для нареченої;весільні сукні;весільні сукні;3;32005;весільні сукні;17.18%
товари;весільні товари;весільні товари, загальне;весільні товари, загальне;весільні товари, загальне;2;281802;весільні товари, загальне;25.00%
товари;весільні товари;вбрання та аксесуари для нареченої;жіноче весільне взуття;жіноче весільне взуття;3;281810;жіноче весільне взуття;19.45%
товари;весільні товари;весільні аксесуари;набори весільних аксесуарів;набори весільних аксесуарів;3;3200608;набори весільних аксесуарів;18.17%
товари;весільні товари;об'ємні літери та весільні декорації;об'ємні літери та весільні декорації;об'ємні літери та весільні декорації;2;281813;об'ємні літери та весільні декорації;21.25%
товари;весільні товари;обручки;обручки;обручки;2;150901;обручки;16.83%
товари;весільні товари;весільні аксесуари;подушечки для обручок;подушечки для обручок;3;3200601;подушечки для обручок;23.68%
товари;весільні товари;прикраси для весільних машин;прикраси для весільних машин;прикраси для весільних машин;2;281812;прикраси для весільних машин;16.50%
товари;весільні товари;весільні аксесуари;фігурки для весільних тортів;фігурки для весільних тортів;3;3200607;фігурки для весільних тортів;21.41%
товари;вироби з металу, пластику, гуми;металовироби будівельного призначення;антивандальні решітки, козирки;антивандальні решітки, козирки;3;421408;антивандальні решітки, козирки;11.08%
товари;вироби з металу, пластику, гуми;гумотехнічні вироби;брудознімачі гумові;брудознімачі гумові;3;801212;брудознімачі гумові;18.35%
товари;вироби з металу, пластику, гуми;вироби з металу, пластику, гуми, загальне;вироби з металу, пластику, гуми, загальне;вироби з металу, пластику, гуми, загальне;2;4299;вироби з металу, пластику, гуми, загальне;25.00%
товари;вироби з металу, пластику, гуми;гумотехнічні вироби;гумові ремені;гумові ремені;3;801207;гумові ремені;11.70%
товари;вироби з металу, пластику, гуми;гумові вироби;гумові шланги;гумові шланги;3;801209;гумові шланги;13.45%
товари;вироби з металу, пластику, гуми;гумотехнічні вироби;гумовотехнічні вироби, загальне;гумовотехнічні вироби, загальне;3;801215;гумовотехнічні вироби, загальне;25.00%
товари;вироби з металу, пластику, гуми;металовироби промислового призначення;дріт;дріт;3;421002;дріт;5.26%
товари;вироби з металу, пластику, гуми;гумотехнічні вироби;кільця гумові;кільця гумові;3;801214;кільця гумові;10.92%
товари;вироби з металу, пластику, гуми;кування, литво, відливка;художня ковка;ковані декоративні вироби;4;42020103;ковані декоративні вироби;5.26%
товари;вироби з металу, пластику, гуми;кування, литво, відливка;художня ковка;ковані люстри і світильники;4;420204;ковані люстри і світильники;7.00%
товари;вироби з металу, пластику, гуми;вироби з пластику;пластикові трубки, шланги;пластикові трубки, шланги;3;800510;пластикові трубки, шланги;14.17%
товари;вироби з металу, пластику, гуми;гумотехнічні вироби;прокладки гумові;прокладки гумові;3;801216;прокладки гумові;10.76%
товари;вироби з металу, пластику, гуми;металовироби промислового призначення;пружини і амортизатори;пружини і амортизатори;3;1466;пружини і амортизатори;10.15%
товари;вироби з металу, пластику, гуми;металовироби будівельного призначення;ревізійні люки;ревізійні люки;3;421406;ревізійні люки;14.49%
товари;воєнторг;тактичний захист та екіпірування;аксесуари та комплектуючі для касок та бронежилетів;аксесуари та комплектуючі для касок та бронежилетів;3;300508;аксесуари та комплектуючі для касок та бронежилетів;1.00%
товари;воєнторг;тактичний захист та екіпірування;армійські спецсумки і рюкзаки;армійські спецсумки і рюкзаки;3;152401;армійські спецсумки і рюкзаки;1.00%
товари;воєнторг;оптичні прилади і системи;біноклі, моноклі;біноклі, моноклі;3;1911;біноклі, моноклі;1.00%
товари;воєнторг;тактичний захист та екіпірування;бронежилети та бронеплити;бронежилети та бронеплити;3;300501;бронежилети та бронеплити;1.00%
товари;воєнторг;тактичний одяг та взуття;військове обмундирування, загальне;військове обмундирування, загальне;3;3082001;військове обмундирування, загальне;25.00%
товари;воєнторг;заборонені товари військторг;заборонені товари військторг;заборонені товари військторг;2;6907;заборонені товари військторг;10.20%
товари;воєнторг;засоби зв'язку і позиціонування;засоби зв'язку та позиціонування, загальне;засоби зв'язку та позиціонування, загальне;3;690301;засоби зв'язку та позиціонування, загальне;25.00%
товари;воєнторг;тактичний захист та екіпірування;засоби індивідуального захисту, загальне;засоби індивідуального захисту, загальне;3;690403;засоби індивідуального захисту, загальне;25.00%
товари;воєнторг;тактичний захист та екіпірування;засоби тактичної медицини;засоби тактичної медицини;3;300510;засоби тактичної медицини;1.00%
товари;воєнторг;тактичний одяг та взуття;знаки відмінності;знаки відмінності;3;300504;знаки відмінності;1.00%
товари;воєнторг;тактичний захист та екіпірування;комплектуючі та аксесуари для пістолетів і рушниць;комплектуючі та аксесуари для пістолетів і рушниць;3;302121;комплектуючі та аксесуари для пістолетів і рушниць;1.00%
товари;воєнторг;тактичний одяг та взуття;маскувальний одяг;маскувальний одяг;3;180307;маскувальний одяг;1.00%
товари;воєнторг;облаштування побуту;маскування для полювання, засидження;маскування для полювання, засидження;3;180303;маскування для полювання, засидження;1.00%
товари;воєнторг;тактичний захист та екіпірування;навісні підсумки і аксесуари до них;навісні підсумки і аксесуари до них;3;240455;навісні підсумки і аксесуари до них;1.00%
товари;воєнторг;тактичний захист та екіпірування;навушники та беруші;навушники та беруші;3;301915;навушники та беруші;1.00%
товари;воєнторг;тактичний одяг та взуття;натільна білизна;натільна білизна;3;3081803;натільна білизна;1.00%
товари;воєнторг;облаштування побуту;облаштування побуту, загальне;облаштування побуту, загальне;3;690601;облаштування побуту, загальне;25.00%
товари;воєнторг;оптичні прилади і системи;оптичні прибори та системи, загальне;оптичні прибори та системи, загальне;3;690501;оптичні прибори та системи, загальне;25.00%
товари;воєнторг;засоби зв'язку і позиціонування;переговорні пристрої;переговорні пристрої;3;50906;переговорні пристрої;1.00%
товари;воєнторг;оптичні прилади і системи;прилади нічного бачення;прилади нічного бачення;3;15370706;прилади нічного бачення;1.00%
товари;воєнторг;оптичні прилади і системи;приціли і мушки;приціли і мушки;3;181613;приціли і мушки;1.00%
товари;воєнторг;тактичний одяг та взуття;ремені тактичні;ремені тактичні;3;30806;ремені тактичні;1.00%
товари;воєнторг;тактичний захист та екіпірування;розвантажувальні жилети та плитоноски без плит;розвантажувальні жилети та плитоноски без плит;3;3082002;розвантажувальні жилети та плитоноски без плит;1.00%
товари;воєнторг;тактичний одяг та взуття;тактичне взуття;тактичне взуття;3;690102;тактичне взуття;1.00%
товари;воєнторг;тактичний одяг та взуття;тактичний і формений одяг;тактичний і формений одяг;3;30807;тактичний і формений одяг;1.00%
товари;воєнторг;тактичний одяг та взуття;тактичний одяг та взуття, загальне;тактичний одяг та взуття, загальне;3;690101;тактичний одяг та взуття, загальне;25.00%
товари;воєнторг;тактичний захист та екіпірування;тактичні джгути та турнікети;тактичні джгути та турнікети;3;300509;тактичні джгути та турнікети;1.00%
товари;воєнторг;тактичний захист та екіпірування;тактичні наколінники та налокітники;тактичні наколінники та налокітники;3;300506;тактичні наколінники та налокітники;1.00%
товари;воєнторг;тактичний захист та екіпірування;тактичні окуляри;тактичні окуляри;3;181301;тактичні окуляри;1.00%
товари;воєнторг;тактичний одяг та взуття;тактичні рукавички;тактичні рукавички;3;182202;тактичні рукавички;1.00%
товари;воєнторг;оптичні прилади і системи;тактичні тепловізори;тактичні тепловізори;3;153729;тактичні тепловізори;1.00%
товари;воєнторг;тактичний одяг та взуття;формені головні убори;формені головні убори;3;32714;формені головні убори;1.00%
товари;воєнторг;тактичний захист та екіпірування;шоломи, бронешоломи і каски;шоломи, бронешоломи і каски;3;300503;шоломи, бронешоломи і каски;1.00%
товари;товари для дому;освітлення для дому;led підсвітка інтер'єрів;led підсвітка інтер'єрів;3;15040606;led підсвітка інтер'єрів;15.37%
товари;товари для дому;посуд;посуд для приготування;автоклави побутові;4;151902;автоклави побутові;14.37%
товари;дача, сад і город;мінісільгосптехніка;адаптери до мотоблоків;адаптери до мотоблоків;3;125031805;адаптери до мотоблоків;10.17%
товари;дача, сад і город;інструменти для обробки грунту;аератори, скарифікатори;аератори, скарифікатори;3;1250341;аератори, скарифікатори;10.76%
товари;товари для дому;посуд;аксесуари для бару;аксесуари для бару, загальне;4;152906;аксесуари для бару, загальне;25.00%
товари;товари для дому;приналежності для ванної та туалету;аксесуари для ванних кімнат;аксесуари для ванних кімнат;3;154003;аксесуари для ванних кімнат;16.09%
товари;товари для дому;розумний будинок;аксесуари для домофонного обладнання;аксесуари для домофонного обладнання;3;153502;аксесуари для домофонного обладнання;13.55%
товари;товари для дому;меблі;надувні меблі;аксесуари для надувних меблів;4;370605;аксесуари для надувних меблів;13.30%
товари;товари для дому;посуд;кухонне приладдя;аксесуари для обробки м'яса;4;15230434;аксесуари для обробки м'яса;15.66%
товари;товари для дому;аксесуари для саун і лазень;аксесуари для саун і лазень, загальне;аксесуари для саун і лазень, загальне;3;15050211;аксесуари для саун і лазень, загальне;25.00%
товари;товари для дому;текстиль;оформлення вікон;аксесуари для штор;4;4050206;аксесуари для штор;15.96%
товари;дача, сад і город;аксесуари для барбекю;аксесуари та витратні матеріали для запальничок;аксесуари та витратні матеріали для запальничок;3;152609;аксесуари та витратні матеріали для запальничок;18.44%
товари;товари для дому;догляд за будинком;догляд за особистими речами;антистатики та просочення для одягу;4;82111;антистатики та просочення для одягу;15.52%
товари;товари для дому;декор для дому;інтер'єрні аксесуари;аромалампи;4;1731;аромалампи;15.63%
товари;товари для дому;посуд;аксесуари для бару;багаторазовий лід;4;152912;багаторазовий лід;15.30%
товари;товари для дому;меблі;крісла;банкетки і пуфики;4;15030315;банкетки і пуфики;13.30%
товари;товари для дому; все для консервації;банки для консервації;банки для консервації;3;16103;банки для консервації;14.53%
товари;товари для дому; все для консервації;мішки для засолювання;мішки для засолювання;4;16104;мішки для засолювання;14.53%
товари;товари для дому;текстиль;рушники;банні рушники;4;40305;банні рушники;16.16%
товари;дача, сад і город;аксесуари для барбекю;барбекю приналежності, загальне;барбекю приналежності, загальне;3;151701;барбекю приналежності, загальне;25.00%
товари;товари для дому;декор для дому;інтер'єрні аксесуари;бари для будинку;4;37034005;бари для будинку;13.61%
товари;товари для дому;декор для дому;годинники та барометри;барометри;4;153901;барометри;11.06%
товари;дача, сад і город;інструменти для обрізки;бензопили і електропили;бензопили і електропили;3;1250302;бензопили і електропили;10.00%
товари;товари для дому;посуд;столовий посуд;блюда, стійки для тортів;4;152301;блюда, стійки для тортів;14.95%
товари;товари для дому;посуд;столовий посуд;тортівниці та підставки для тортів;;152222;тортівниці та підставки для тортів;14.95%
товари;товари для дому;посуд;аксесуари для бару;бочки та діжки;4;152911;бочки та діжки;15.24%
товари;товари для дому;освітлення для дому;бра, настінні світильники;бра, настінні світильники;3;39050501;бра, настінні світильники;15.05%
товари;товари для дому;дім і сад, загальне;дім і сад, загальне;дім і сад, загальне;2;1533;дім і сад, загальне;25.00%
товари;товари для дому;меблі;шафи;буфети і серванти;4;37033001;буфети і серванти;13.61%
товари;товари для дому;декор для дому;вази;вази;3;172805;вази;15.43%
товари;дача, сад і город;садовий декор;вазони садові;вазони садові;3;130111;вазони садові;15.53%
товари;товари для дому;рішення для зберігання;вакуумні системи зберігання;вакуумні системи зберігання;3;15230501;вакуумні системи зберігання;16.19%
товари;товари для дому;приналежності для ванної та туалету;вантузи;вантузи;3;154010;вантузи;15.47%
товари;товари для дому;догляд за будинком;догляд за особистими речами;взуттєві щітки і губки;4;322100303;взуттєві щітки і губки;18.28%
товари;товари для дому;посуд;кухонне приладдя;виймачі кісточок;4;15230427;виймачі кісточок;16.25%
товари;дача, сад і город;інструменти для обробки грунту;вила;вила;3;1250303;вила;14.73%
товари;товари для дому;посуд;столовий посуд;виделки;4;152216;виделки;15.08%
товари;товари для дому;посуд;кухонне приладдя;вимірювальні ємності;4;15230420;вимірювальні ємності;15.66%
товари;товари для дому;посуд;аксесуари для бару;винні набори;4;152908;винні набори;15.24%
товари;товари для дому;меблі;комплектуючі для меблів;висувні ящики для ліжок;4;370828;висувні ящики для ліжок;13.30%
товари;товари для дому;посуд;аксесуари для бару;відерця і щипці для льоду;4;15230407;відерця і щипці для льоду;15.24%
товари;товари для дому;догляд за будинком;захист від комах і гризунів;відлякувачі і пастки для комах;4;151802;відлякувачі і пастки для комах;15.50%
товари;товари для дому;догляд за будинком;захист від комах і гризунів;відлякувачі тварин;4;301904;відлякувачі тварин;15.50%
товари;товари для дому;догляд за будинком;прибирання;відра для сміття;4;151412;відра для сміття;14.58%
товари;товари для дому;аксесуари для саун і лазень;відра і ковші для лазні та сауни;відра і ковші для лазні та сауни;3;15050212;відра і ковші для лазні та сауни;10.71%
товари;товари для дому;аксесуари для саун і лазень;віники для лазні та сауни;віники для лазні та сауни;3;15050209;віники для лазні та сауни;10.50%
товари;товари для дому;посуд;кухонне приладдя;вінчики;4;15230416;вінчики;15.60%
товари;товари для дому;декор для дому;інтер'єрні аксесуари;вітражі;4;371007;вітражі;14.65%
товари;товари для дому;декор для дому;декор для дому;аромати для дому;4;371039;аромати для дому;25.00%
товари;товари для дому;декор для дому;декор для дому;декор для дому;3;371038;декор для дому;14.97%
товари;товари для дому;декор для дому;настінний декор;настінний декор;3;371040;настінний декор;15.00%
товари;товари для дому;декор для дому;настінний декор;настінний декор;4;371041;настінний декор;25.00%
товари;товари для дому;декор для дому;настінний декор;постери і плакати;4;371042;постери і плакати;15.00%
товари;товари для дому;декор для дому;настінний декор;панно;4;371043;панно;15.00%
товари;товари для дому;декор для дому;настінний декор;мудборди;4;371044;мудборди;15.00%
товари;товари для дому;декор для дому;настінний декор;магнітні дошки;4;371045;магнітні дошки;15.00%
товари;товари для дому;меблі;шафи;вітрини для вітальні;4;37034014;вітрини для вітальні;13.61%
товари;товари для дому;меблі;вішалки та підставки для одягу та аксесуарів;вішалки для одягу;4;37034006;вішалки для одягу;13.30%
товари;товари для дому;меблі;вішалки та підставки для одягу та аксесуарів;вішалки та підставки для одягу та аксесуарів;3;150342;вішалки та підставки для одягу та аксесуарів;13.30%
товари;товари для дому;меблі;вішалки та підставки для одягу та аксесуарів;вішалки та підставки для одягу та аксесуарів, загальне;4;15034201;вішалки та підставки для одягу та аксесуарів, загальне;25.00%
товари;товари для дому;догляд за будинком;догляд за меблями;воски для дерева і дерев'яних виробів;4;15031502;воски для дерева і дерев'яних виробів;11.05%
товари;товари для дому; все для консервації; все для консервації, загальне; все для консервації, загальне;3;16101; все для консервації, загальне;25.00%
товари;дача, сад і город;обладнання для поливу;все для поливу, загальне;все для поливу, загальне;3;1250330;все для поливу, загальне;25.00%
товари;дача, сад і город;снігоприбиральний інвентар;вуличні льодоруби;вуличні льодоруби;3;1250332;вуличні льодоруби;13.55%
товари;дача, сад і город;садові рослини і ґрунти;газони рулонні;газони рулонні;3;1140108;газони рулонні;15.86%
товари;дача, сад і город;інструмент для скошування трави;газонокосарки;газонокосарки;3;1250308;газонокосарки;9.47%
товари;товари для дому;меблі;садові й пляжні меблі;гамаки;4;12509;гамаки;13.30%
товари;товари для дому;догляд за будинком;прибирання;ганчірки і серветки для прибирання;4;151403;ганчірки і серветки для прибирання;15.03%
товари;товари для дому;меблі;комплектуючі для меблів;гардеробні системи;4;370812;гардеробні системи;13.30%
товари;товари для дому;текстиль;оформлення вікон;тюль;4;4050202;тюль;14.96%
товари;дача, сад і город;садовий інвентар і освітлення;гасові та газові лампи;гасові та газові лампи;3;152306;гасові та газові лампи;14.82%
товари;товари для дому;декор для дому;годинники та барометри;годинники для дому;4;152805;годинники для дому;15.00%
товари;товари для дому;декор для дому;годинники та барометри;годинники, загальне;4;152899;годинники, загальне;25.00%
товари;товари для дому;декор для дому;годинники та барометри;годинникові механізми та деталі;4;36110740;годинникові механізми та деталі;20.59%
товари;товари для дому;догляд за будинком;прибирання;господарські відра ;4;151413;господарські відра ;15.29%
товари;товари для дому;догляд за будинком;прибирання;господарські рукавички ;4;151406;господарські рукавички ;15.23%
товари;товари для дому;догляд за будинком;прання і прасування;господарські тази ;4;151407;господарські тази ;15.03%
товари;дача, сад і город;інструменти для обробки грунту;граблі;граблі;3;1250313;граблі;14.73%
товари;товари для дому;посуд;столовий посуд;графини, глечики, питні набори;4;152102;графини, глечики, питні набори;15.41%
товари;товари для дому;догляд за будинком;прибирання;губки для посуду;4;151409;губки для посуду;15.03%
товари;товари для дому;посуд;посуд для приготування;гусятниці;4;15230314;гусятниці;15.28%
товари;товари для дому;розумний будинок;датчики для розумного будинку;датчики для розумного будинку;3;153504;датчики для розумного будинку;14.93%
товари;товари для дому;догляд за будинком;догляд за особистими речами;дезодоранти для взуття;4;322100301;дезодоранти для взуття;18.28%
товари;товари для дому;посуд;кухонне приладдя;дека;4;15230430;дека;15.60%
товари;товари для дому;меблі;комплектуючі для меблів;декор для меблів;4;370826;декор для меблів;14.97%
товари;товари для дому;декор для дому;декор, загальне;декор, загальне;3;371003;декор, загальне;25.00%
товари;дача, сад і город;садовий декор;декоративна тріска;декоративна тріска;3;151908;декоративна тріска;15.66%
товари;товари для дому;декор для дому;інтер'єрні аксесуари;декоративний посуд;4;131404;декоративний посуд;15.30%
товари;товари для дому;декор для дому;інтер'єрні аксесуари;декоративні екрани для радіаторів;4;371019;декоративні екрани для радіаторів;15.24%
товари;товари для дому;освітлення для дому;декоративні світильники;декоративні світильники;3;15040607;декоративні світильники;15.44%
товари;товари для дому;текстиль;оформлення вікон;декорація вікон, загальне;4;153804;декорація вікон, загальне;25.00%
товари;дача, сад і город;інструменти для обробки грунту;держаки для інструменту;держаки для інструменту;3;1250319;держаки для інструменту;14.73%
товари;товари для дому;меблі;дзеркала та аксесуари;дзеркала;4;1534;дзеркала;15.47%
товари;товари для дому;меблі;дзеркала та аксесуари;аксесуари для дзеркал;4;371037;аксесуари для дзеркал;15.47%
товари;товари для дому;меблі;дзеркала та аксесуари;дзеркала для ванних кімнат;4;130102;дзеркала для ванних кімнат;14.82%
товари;товари для дому;меблі;дзеркала та аксесуари;дзеркала, загальне;4;371033;дзеркала, загальне;25.00%
товари;дача, сад і город;обладнання для фермерських продуктів;дистилятори побутові та комплектуючі до них;дистилятори побутові та комплектуючі до них;3;151907;дистилятори побутові та комплектуючі до них;14.32%
товари;товари для дому;догляд за будинком;догляд за будинком, загальне;догляд за будинком, загальне;3;82106;догляд за будинком, загальне;25.00%
товари;товари для дому;догляд за будинком;догляд за кімнатними рослинами;догляд за кімнатними рослинами, загальне;4;8211401;догляд за кімнатними рослинами, загальне;25.00%
товари;товари для дому;догляд за будинком;догляд за меблями;догляд за меблями, загальне;4;15031503;догляд за меблями, загальне;25.00%
товари;товари для дому;догляд за будинком;догляд за особистими речами;догляд за особистими речами, загальне;4;322100399;догляд за особистими речами, загальне;25.00%
товари;товари для дому;догляд за будинком;догляд за побутовою технікою;догляд за побутовою технікою, загальне;4;8211301;догляд за побутовою технікою, загальне;25.00%
товари;товари для дому;догляд за будинком;прибирання;дозатори для миючих засобів;4;151415;дозатори для миючих засобів;15.03%
товари;товари для дому;розумний будинок;домофони;домофони;3;3029;домофони;15.03%
товари;дача, сад і город;обладнання для поливу;дощувателі, зрошувачі, крапельниці для поливу;дощувателі, зрошувачі, крапельниці для поливу;3;1250342;дощувателі, зрошувачі, крапельниці для поливу;15.52%
товари;дача, сад і город;мінісільгосптехніка;думпери, міні-самоскиди;думпери, міні-самоскиди;3;1250360;думпери, міні-самоскиди;10.57%
товари;дача, сад і город;санвузли дачні;душові кабіни дачні та рукомийники;душові кабіни дачні та рукомийники;3;13240209;душові кабіни дачні та рукомийники;9.86%
товари;товари для дому;текстиль;текстиль для спальні;електричні простирадла та ковдри;4;16252401;електричні простирадла та ковдри;15.00%
товари;товари для дому;декор для дому;інтер'єрні аксесуари;електронні свічки;4;371020;електронні свічки;17.28%
товари;товари для дому;меблі;полиці та стелажі;етажерки і тумби;4;1503030102;етажерки і тумби;13.61%
товари;дача, сад і город;санвузли дачні;ємності для душа;ємності для душа;3;13240210;ємності для душа;9.86%
товари;товари для дому;рішення для зберігання;ємності для зберігання харчових продуктів;ємності для зберігання харчових продуктів;3;150204;ємності для зберігання харчових продуктів;15.00%
товари;товари для дому;декор для дому;кімнатні рослини;ємності для рослин;4;1140112;ємності для рослин;15.00%
товари;товари для дому;декор для дому;кімнатні рослини;кімнатні рослини, загальне;4;371031;кімнатні рослини, загальне;25.00%
товари;товари для дому;меблі;столи;журнальні столики;4;37034007;журнальні столики;13.61%
товари;товари для дому; все для консервації;закаточні машинки ;закаточні машинки ;3;15230437;закаточні машинки ;15.14%
товари;дача, сад і город;аксесуари для барбекю;запальнички;запальнички;3;152605;запальнички;16.50%
товари;дача, сад і город;інструмент для скошування трави;запчастини для тримерів і газонокосарок;запчастини для тримерів і газонокосарок;3;1250357;запчастини для тримерів і газонокосарок;11.94%
товари;товари для дому;догляд за будинком;захист від комах і гризунів;засоби від гризунів і птахів;4;12508;засоби від гризунів і птахів;15.96%
товари;товари для дому;догляд за будинком;захист від комах і гризунів;засоби від комах;4;151804;засоби від комах;15.00%
товари;товари для дому;догляд за будинком;прибирання;засоби для миття посуду;4;8210502;засоби для миття посуду;14.72%
товари;товари для дому;догляд за будинком;догляд за побутовою технікою;засоби для очищення побутової техніки;4;8210510;засоби для очищення побутової техніки;14.43%
товари;товари для дому;догляд за будинком;прання і прасування;засоби для прання;4;82104;засоби для прання;14.72%
товари;товари для дому;догляд за будинком;прибирання;засоби для прибирання шерсті;4;151404;засоби для прибирання шерсті;15.03%
товари;дача, сад і город;аксесуари для барбекю;засоби для розпалювання вогню;засоби для розпалювання вогню;3;240428;засоби для розпалювання вогню;15.41%
товари;товари для дому;аксесуари для саун і лазень;засоби для саун і лазень;засоби для саун і лазень;3;15050213;засоби для саун і лазень;11.30%
товари;товари для дому;догляд за будинком;догляд за особистими речами;засоби для чищення дорогоцінних металів;4;8210512;засоби для чищення дорогоцінних металів;15.58%
товари;товари для дому;текстиль;килими та килимові доріжки;захисні килимки під крісла;4;1523;захисні килимки під крісла;15.34%
товари;товари для дому;догляд за будинком;захист від комах і гризунів;захист від комах і гризунів, загальне;4;1520;захист від комах і гризунів, загальне;25.00%
товари;дача, сад і город;обладнання для фермерських продуктів;інкубатори побутові, обладнання для побутових інкубаторів;інкубатори побутові, обладнання для побутових інкубаторів;3;151901;інкубатори побутові, обладнання для побутових інкубаторів;14.97%
товари;дача, сад і город;інструмент для скошування трави;інструмент для скошування трави, загальне;інструмент для скошування трави, загальне;3;1250322;інструмент для скошування трави, загальне;25.00%
товари;дача, сад і город;інструменти для обрізки;інструменти для обрізки, загальне;інструменти для обрізки, загальне;3;1250328;інструменти для обрізки, загальне;25.00%
товари;товари для дому;декор для дому;інтер'єрні аксесуари;інтер'єрні аксесуари, загальне;4;371027;інтер'єрні аксесуари, загальне;25.00%
товари;товари для дому;декор для дому;інтер'єрні аксесуари;інтер'єрні водоспади та фонтани;4;371018;інтер'єрні водоспади та фонтани;15.12%
товари;товари для дому;декор для дому;інтер'єрні аксесуари;інтер'єрні дошки для написів;4;371024;інтер'єрні дошки для написів;15.43%
товари;товари для дому;декор для дому;інтер'єрні аксесуари;інтер'єрні наліпки;4;371006;інтер'єрні наліпки;15.24%
товари;дача, сад і город;обладнання для саун і лазень;сауни та обладнання для кріотерапії;сауни та обладнання для кріотерапії;3;150507;сауни та обладнання для кріотерапії;10.39%
товари;товари для дому;приналежності для ванної та туалету;йоржики для унітазу;йоржики для унітазу;3;154001;йоржики для унітазу;14.81%
товари;товари для дому;посуд;столовий посуд;кавники та заварювальні чайники;4;152208;кавники та заварювальні чайники;15.21%
товари;товари для дому;посуд;столовий посуд;кавові і чайні сервізи;4;152105;кавові і чайні сервізи;15.34%
товари;товари для дому;посуд;посуд для приготування;турки;4;6300406;турки;15.28%
товари;товари для дому;аксесуари для саун і лазень;камені для саун і лазень;камені для саун і лазень;3;150508;камені для саун і лазень;10.71%
товари;дача, сад і город;ландшафтні будови;канатні комплекси;канатні комплекси;3;130126;канатні комплекси;10.94%
товари;дача, сад і город;мобільні басейни;каркасні басейни;каркасні басейни;3;180806;каркасні басейни;11.56%
товари;товари для дому;приналежності для ванної та туалету;карнизи для ванної;карнизи для ванної;3;154008;карнизи для ванної;15.47%
товари;товари для дому;текстиль;оформлення вікон;карнизи для штор;4;15380302;карнизи для штор;15.63%
товари;товари для дому;декор для дому;картини;картини;3;170408;картини;15.00%
товари;товари для дому;посуд;посуд для приготування;каструлі;4;15230307;каструлі;15.00%
товари;товари для дому;посуд;посуд для приготування;каструлі-пароварки;4;15230317;каструлі-пароварки;15.93%
товари;товари для дому;посуд;кухонне приладдя;качалки;4;15230505;качалки;15.34%
товари;товари для дому;посуд;столовий посуд;келихи і фужери;4;152108;келихи і фужери;15.34%
товари;товари для дому;текстиль;килими та килимові доріжки;килими;4;4050702;килими;15.00%
товари;товари для дому;текстиль;килими та килимові доріжки;килими та килимові доріжки, загальне;4;4050701;килими та килимові доріжки, загальне;25.00%
товари;товари для дому;текстиль;килими та килимові доріжки;килимки для ванної та туалету;4;154002;килимки для ванної та туалету;15.40%
товари;дача, сад і город;інструменти для обробки грунту;кирки;кирки;3;1250310;кирки;14.31%
товари;дача, сад і город;ландшафтні будови;клумби і грядки;клумби і грядки;3;130127;клумби і грядки;15.32%
товари;товари для дому;декор для дому;інтер'єрні аксесуари;ключниці, ящики для ключів;4;371013;ключниці, ящики для ключів;16.04%
товари;товари для дому;меблі;шафи;книжкові шафи й полиці;4;37034001;книжкові шафи й полиці;13.61%
товари;товари для дому;текстиль;текстиль для спальні;ковдри;4;40602;ковдри;15.50%
товари;дача, сад і город;ландшафтні будови;колодязі;колодязі;3;12513;колодязі;10.94%
товари;товари для дому;меблі;комоди;комоди;3;37032005;комоди;13.90%
товари;товари для дому;меблі;столи;комп'ютерні столи;4;37013001;комп'ютерні столи;13.56%
товари;товари для дому;меблі;меблі для ванних;комплекти меблів для ванної;4;13018001;комплекти меблів для ванної;13.21%
товари;товари для дому;текстиль;текстиль для спальні;комплекти постільної білизни;4;40601;комплекти постільної білизни;15.80%
товари;товари для дому;текстиль;оформлення вікон;комплектуючі для карнизів;4;15380322;комплектуючі для карнизів;15.95%
товари;товари для дому;посуд;посуд для приготування;кришки та ручки для посуду;4;15230302;кришки та ручки для посуду;15.47%
товари;товари для дому;меблі;комплектуючі для меблів;комплектуючі для меблів, загальне;4;3708099;комплектуючі для меблів, загальне;25.00%
товари;дача, сад і город;мінісільгосптехніка;комплектуючі для мінісільгосптехніки;комплектуючі для мінісільгосптехніки;3;1250349;комплектуючі для мінісільгосптехніки;10.00%
товари;товари для дому;освітлення для дому;комплектуючі для світильників;комплектуючі для світильників;3;15040603;комплектуючі для світильників;15.63%
товари;товари для дому;освітлення для дому;комплектуючі для світильників;монтаж та корпусні елементи світильників;4;15040612;монтаж та корпусні елементи світильників;15.63%
товари;товари для дому;освітлення для дому;комплектуючі для світильників;led-драйвери;4;15040615;led-драйвери;15.63%
товари;товари для дому;освітлення для дому;комплектуючі для світильників;комплектуючі для світильників, загальне;4;15040614;комплектуючі для світильників, загальне;25.00%
товари;товари для дому;посуд;кухонне приладдя;кондитерські інструменти та аксесуари;4;15230431;кондитерські інструменти та аксесуари;14.89%
товари;товари для дому;посуд;кухонне приладдя;консервні ножі;4;15230426;консервні ножі;15.60%
товари;товари для дому;розумний будинок;контролери розумного будинку;контролери розумного будинку;3;153503;контролери розумного будинку;15.47%
товари;дача, сад і город;обладнання для фермерських продуктів;коптильні;коптильні;3;6300402;коптильні;14.41%
товари;дача, сад і город;обладнання для поливу;котушки, візки для шлангів;котушки, візки для шлангів;3;1250339;котушки, візки для шлангів;15.65%
товари;товари для дому;догляд за будинком;прання і прасування;кошики для білизни;4;151606;кошики для білизни;14.64%
товари;товари для дому;рішення для зберігання;кошики, плетені вироби;кошики, плетені вироби;3;1708;кошики, плетені вироби;15.63%
товари;товари для дому;посуд;столовий посуд;креманки, соусниці, лимонниці;4;152210;креманки, соусниці, лимонниці;15.41%
товари;товари для дому;догляд за будинком;догляд за особистими речами;креми та просочення для взуття;4;322100302;креми та просочення для взуття;18.28%
товари;товари для дому; все для консервації;кришки для консервації;кришки для консервації;3;16102;кришки для консервації;15.56%
товари;товари для дому;меблі;крісла;крісла-гойдалки;4;15030321;крісла-гойдалки;13.61%
товари;товари для дому;меблі;крісла;крісла-мішки;4;150319;крісла-мішки;13.30%
товари;товари для дому;посуд;кухонне приладдя;кухонне приладдя, загальне;4;15230499;кухонне приладдя, загальне;25.00%
товари;товари для дому;посуд;посуд для приготування;посуд для приготування, загальне;4;15230399;посуд для приготування, загальне;25.00%
товари;товари для дому;посуд;кухонне приладдя;кухонні дошки ;4;15230405;кухонні дошки ;15.60%
товари;товари для дому;посуд;посуд для приготування;кухонні ковші;4;15230316;кухонні ковші;15.41%
товари;товари для дому;меблі;кухонні меблі;кухонні куточки;4;15030302;кухонні куточки;12.73%
товари;товари для дому;посуд;кухонне приладдя;кухонні лопатки і ложки, кухонні вилки;4;15230422;кухонні лопатки і ложки, кухонні вилки;15.60%
товари;товари для дому;посуд;столовий посуд;кухонні маслянки ;4;152209;кухонні маслянки ;15.34%
товари;товари для дому;меблі;кухонні меблі;кухонні меблі, загальне;4;37035001;кухонні меблі, загальне;25.00%
товари;товари для дому;меблі;кухонні меблі;кухонні модулі;4;15030304;кухонні модулі;12.73%
товари;товари для дому;посуд;кухонне приладдя;кухонні ножиці;4;15230412;кухонні ножиці;15.66%
товари;товари для дому;посуд;кухонне приладдя;кухонні ножі та підставки;4;15230410;кухонні ножі та підставки;15.00%
товари;товари для дому;текстиль;текстиль для кухні;кухонні рукавиці та прихватки;4;15230413;кухонні рукавиці та прихватки;15.28%
товари;товари для дому;текстиль;текстиль для кухні;кухонні рушники;4;40303;кухонні рушники;15.21%
товари;товари для дому;меблі;стільці;кухонні стільці і табуретки;4;37033003;кухонні стільці і табуретки;13.66%
товари;товари для дому;посуд;кухонне приладдя;кухонні таймери;4;15230441;кухонні таймери;15.66%
товари;товари для дому;посуд;кухонне приладдя;кухонні термометри ;4;15230404;кухонні термометри ;15.66%
товари;товари для дому;посуд;кухонне приладдя;кухонні щипці ;4;15230439;кухонні щипці ;15.60%
товари;дача, сад і город;інструменти для обрізки;кущорізи;кущорізи;3;1250301;кущорізи;11.96%
товари;товари для дому;меблі;садові й пляжні меблі;лавки;4;37042001;лавки;13.30%
товари;товари для дому;приналежності для ванної та туалету;лазневі губки і мочалки ;лазневі губки і мочалки ;3;154007;лазневі губки і мочалки ;14.94%
товари;товари для дому;текстиль;оформлення вікон;ламбрекени;4;4050203;ламбрекени;19.07%
товари;товари для дому;освітлення для дому;лампочки;лампочки;3;150402;лампочки;14.88%
товари;дача, сад і город;садовий декор;ландшафтний камінь;ландшафтний камінь;3;1252402;ландшафтний камінь;15.66%
товари;дача, сад і город;ландшафтні будови;ландшафтні будови, загальне;ландшафтні будови, загальне;3;130123;ландшафтні будови, загальне;25.00%
товари;товари для дому;посуд;столовий посуд;ланч бокси;4;150207;ланч бокси;15.41%
товари;товари для дому;меблі;ліжка та спальні гарнітури;ліжка розкладачки;4;3705;ліжка розкладачки;13.80%
товари;товари для дому;меблі;ліжка та спальні гарнітури;ліжка, загальне;4;15034001;ліжка, загальне;25.00%
товари;товари для дому;догляд за будинком;догляд за кімнатними рослинами;лійки для рослин;4;1250338;лійки для рослин;14.92%
товари;товари для дому;посуд;столовий посуд;ложки;4;152218;ложки;15.08%
товари;товари для дому;догляд за будинком;догляд за особистими речами;ложки для взуття;4;3221022;ложки для взуття;18.28%
товари;дача, сад і город;інструменти для обробки грунту;лопати;лопати;3;14201602;лопати;14.73%
товари;товари для дому;посуд;кухонне приладдя;лопати для піци;4;15230449;лопати для піци;15.60%
товари;товари для дому;меблі;крісла;м'які крісла;4;37034004;м'які крісла;13.30%
товари;дача, сад і город;аксесуари для барбекю;мангали, грилі і барбекю;мангали, грилі і барбекю;3;1506;мангали, грилі і барбекю;14.43%
товари;товари для дому;текстиль;матраци;матраци;3;15030701;матраци;13.12%
товари;товари для дому;догляд за будинком;догляд за особистими речами;машини для чищення взуття;4;322100304;машини для чищення взуття;18.28%
товари;товари для дому;посуд;кухонне приладдя;машинки для ролів і голубців;4;15230445;машинки для ролів і голубців;14.23%
товари;товари для дому;меблі;комплектуючі для меблів;меблева кромка ;4;15030603;меблева кромка ;13.30%
товари;товари для дому;меблі;комплектуючі для меблів;меблева фурнітура;4;370827;меблева фурнітура;13.30%
товари;товари для дому;меблі;комплектуючі для меблів;меблеві амортизатори і демпфери;4;15030616;меблеві амортизатори і демпфери;13.30%
товари;товари для дому;меблі;комплектуючі для меблів;меблеві гачки і підвіси;4;371105;меблеві гачки і підвіси;13.30%
товари;товари для дому;меблі;комплектуючі для меблів;меблеві заглушки;4;371102;меблеві заглушки;13.30%
товари;товари для дому;меблі;комплектуючі для меблів;меблеві замки і магніти;4;371106;меблеві замки і магніти;13.30%
товари;товари для дому;меблі;комплектуючі для меблів;меблеві каркаси, ніжки і опори;4;370802;меблеві каркаси, ніжки і опори;13.30%
товари;товари для дому;меблі;комплектуючі для меблів;меблеві направляючі та комплектуючі;4;371107;меблеві направляючі та комплектуючі;13.30%
товари;товари для дому;меблі;комплектуючі для меблів;меблеві петлі ;4;15030604;меблеві петлі ;13.30%
товари;товари для дому;меблі;комплектуючі для меблів; меблеві подушки;4;15030325; меблеві подушки;13.30%
товари;товари для дому;меблі;комплектуючі для меблів;меблеві ролики і колеса;4;371103;меблеві ролики і колеса;13.30%
товари;товари для дому;меблі;комплектуючі для меблів;меблеві ручки;4;371104;меблеві ручки;13.30%
товари;товари для дому;меблі;комплектуючі для меблів;меблеві світильники;4;370825;меблеві світильники;13.30%
товари;товари для дому;меблі;комплектуючі для меблів;меблеві стяжки і кутники;4;15030601;меблеві стяжки і кутники;13.30%
товари;товари для дому;меблі;комплектуючі для меблів;меблеві фасади;4;370805;меблеві фасади;13.30%
товари;товари для дому;меблі;меблі для ванних;меблі для ванної, загальне;4;13018002;меблі для ванної, загальне;25.00%
товари;товари для дому;меблі;меблі для вітальні;меблі для вітальні, загальне;4;37034099;меблі для вітальні, загальне;25.00%
товари;дача, сад і город;обладнання для саун і лазень;меблі для саун і лазень;меблі для саун і лазень;3;150332;меблі для саун і лазень;11.40%
товари;товари для дому;меблі;меблі для спальні;меблі для спалень, загальне;4;37032099;меблі для спалень, загальне;25.00%
товари;товари для дому;меблі;меблі, загальне;меблі, загальне;3;150399;меблі, загальне;25.00%
товари;товари для дому;меблі;вішалки та підставки для одягу та аксесуарів;медальниці;4;370342;медальниці;13.61%
товари;товари для дому;посуд;столовий посуд;менажниці та дошки для подачі;4;152215;менажниці та дошки для подачі;15.41%
товари;товари для дому;меблі;комплектуючі для меблів;механізми для меблів;4;370808;механізми для меблів;13.30%
товари;товари для дому;догляд за будинком;прибирання;мийні та чистячі засоби;4;82105;мийні та чистячі засоби;14.54%
товари;товари для дому;приналежності для ванної та туалету;мильниці;мильниці;3;130121;мильниці;14.90%
товари;товари для дому;посуд;посуд для приготування;миски;4;152202;миски;15.47%
товари;товари для дому;рішення для зберігання;мішки для зберігання;мішки для зберігання;3;154101;мішки для зберігання;15.79%
товари;товари для дому;догляд за будинком;прання і прасування;мішки, кулі, сітки для прання;4;151609;мішки, кулі, сітки для прання;15.41%
товари;дача, сад і город;мобільні басейни;мобільні басейни, загальне;мобільні басейни, загальне;3;1252301;мобільні басейни, загальне;25.00%
товари;товари для дому;посуд;столовий посуд;молочники;4;15230319;молочники;15.41%
товари;товари для дому;догляд за будинком;захист від комах і гризунів;москітні пологи;4;40508;москітні пологи;13.30%
товари;дача, сад і город;інструменти для обробки грунту;мотики, сапи, сапки;мотики, сапи, сапки;3;1250307;мотики, сапи, сапки;14.73%
товари;дача, сад і город;мінісільгосптехніка;мотоблоки та культиватори;мотоблоки та культиватори;3;125031801;мотоблоки та культиватори;9.26%
товари;дача, сад і город;інструмент для скошування трави;мотокоси і тримери;мотокоси і тримери;3;1250321;мотокоси і тримери;10.00%
товари;товари для дому;декор для дому;штучні квіти і рослини;муляжі продуктів;4;371023;муляжі продуктів;16.21%
товари;товари для дому;догляд за будинком;захист від комах і гризунів;мухобойки для будинку;4;151801;мухобойки для будинку;15.44%
товари;товари для дому;посуд;аксесуари для бару;набори для бару;4;152910;набори для бару;15.43%
товари;дача, сад і город;обладнання для поливу;набори для крапельного поливу;набори для крапельного поливу;3;1250359;набори для крапельного поливу;15.81%
товари;товари для дому;посуд;посуд для приготування;набори кухонного посуду;4;15230303;набори кухонного посуду;15.00%
товари;товари для дому;посуд;кухонне приладдя;набори кухонного приладдя;4;15230409;набори кухонного приладдя;15.40%
товари;товари для дому;догляд за будинком;догляд за особистими речами;набори по догляду за взуттям;4;3221023;набори по догляду за взуттям;19.55%
товари;дача, сад і город;інструменти для обробки грунту;набори садових інструментів;набори садових інструментів;3;1250355;набори садових інструментів;14.73%
товари;товари для дому;меблі;садові й пляжні меблі;набори садових меблів;4;15030201;набори садових меблів;13.00%
товари;товари для дому;меблі;садові й пляжні меблі;садові й пляжні меблі;3;150302;садові й пляжні меблі;13.30%
товари;товари для дому;меблі;крісла;крісла;3;150341;крісла;13.30%
товари;товари для дому;меблі;крісла;банкетки;4;15034102;банкетки;13.30%
товари;товари для дому;меблі;крісла;аксесуари для крісел;4;15034103;аксесуари для крісел;14.97%
товари;товари для дому;меблі;крісла;крісла, загальне;4;15034101;крісла, загальне;25.00%
товари;товари для дому;посуд;столовий посуд;набори столових приладів;4;152206;набори столових приладів;15.08%
товари;дача, сад і город;аксесуари для барбекю;набори та приладдя для гриля;набори та приладдя для гриля;3;15230313;набори та приладдя для гриля;15.09%
товари;товари для дому;меблі;туристичні меблі;набори туристичних складаних меблів;4;240422;набори туристичних складаних меблів;13.61%
товари;товари для дому;посуд;посуд для приготування;набори для фондю;4;15230315;набори для фондю;15.28%
товари;дача, сад і город;мінісільгосптехніка;навісне обладнання для мінісільгосптехніки;навісне обладнання для мінісільгосптехніки;3;1250340;навісне обладнання для мінісільгосптехніки;8.81%
товари;товари для дому;текстиль;текстиль для спальні;наволочки;4;40608;наволочки;15.58%
товари;дача, сад і город;мобільні басейни;надувні басейни;надувні басейни;3;1804;надувні басейни;11.75%
товари;товари для дому;меблі;надувні меблі;надувні матраци;4;2010;надувні матраци;14.24%
товари;товари для дому;меблі;надувні меблі;надувні меблі, загальне;4;370604;надувні меблі, загальне;25.00%
товари;товари для дому;текстиль;текстиль для спальні;наматрацники;4;15030704;наматрацники;15.58%
товари;товари для дому;меблі;комплектуючі для меблів;наповнення для шаф;4;370801;наповнення для шаф;13.30%
товари;товари для дому;декор для дому;інтер'єрні аксесуари;наповнювач для ваз;4;371035;наповнювач для ваз;14.81%
товари;товари для дому;меблі;комплектуючі для меблів;наповнювачі для безкаркасних меблів;4;370811;наповнювачі для безкаркасних меблів;13.30%
товари;товари для дому;посуд;аксесуари для бару;насадки і корки для пляшок;4;152903;насадки і корки для пляшок;15.30%
товари;дача, сад і город;садові рослини і ґрунти;насіння і бульби трав і квітів;насіння і бульби трав і квітів;3;1140216;насіння і бульби трав і квітів;15.00%
товари;дача, сад і город;садові рослини і ґрунти;насіння, саджанці та розсада;насіння, саджанці та розсада;3;12102;насіння, саджанці та розсада;15.00%
товари;товари для дому;освітлення для дому;настільні лампи і нічники;настільні лампи і нічники;3;39050509;настільні лампи і нічники;15.00%
товари;товари для дому;посуд;кухонне приладдя;форми для салатів і гарнірів;4;15230450;форми для салатів і гарнірів;15.79%
товари;товари для дому;меблі;вішалки та підставки для одягу та аксесуарів;підставки для сумок;4;15030326;підставки для сумок;15.62%
товари;товари для дому;текстиль;рушники;носові хустинки;4;40301;носові хустинки;19.54%
товари;товари для дому;меблі;столи;обідні групи;4;15030308;обідні групи;12.73%
товари;товари для дому;меблі;столи;обідні столи ;4;15030313;обідні столи ;13.55%
товари;дача, сад і город;обладнання для поливу;обладнання автоматичного поливу;обладнання автоматичного поливу;3;12502;обладнання автоматичного поливу;15.78%
товари;дача, сад і город;обладнання для поливу;обладнання внесення добрив для систем зрошення;обладнання внесення добрив для систем зрошення;3;1250347;обладнання внесення добрив для систем зрошення;15.59%
товари;дача, сад і город;обладнання для фермерських продуктів;обладнання для виробництва комбікормів;обладнання для виробництва комбікормів;3;151903;обладнання для виробництва комбікормів;10.00%
товари;дача, сад і город;обладнання для фермерських продуктів;обладнання для домашнього виноробства;обладнання для домашнього виноробства;3;12819;обладнання для домашнього виноробства;14.58%
товари;дача, сад і город;обладнання для саун і лазень;обладнання для саун і лазень, загальне;обладнання для саун і лазень, загальне;3;150503;обладнання для саун і лазень, загальне;25.00%
товари;дача, сад і город;обладнання для фермерських продуктів;обладнання для фермерських продуктів, загальне;обладнання для фермерських продуктів, загальне;3;151909;обладнання для фермерських продуктів, загальне;25.00%
товари;дача, сад і город;садовий декор;обладнання та аксесуари для ставків, фонтанів;обладнання та аксесуари для ставків, фонтанів;3;130125;обладнання та аксесуари для ставків, фонтанів;13.26%
товари;товари для дому;посуд;кухонне приладдя;овочерізки, яйцерізки;4;15230408;овочерізки, яйцерізки;15.47%
товари;товари для дому;посуд;кухонне приладдя;овочечистки, шкребки для рибної луски;4;15230421;овочечистки, шкребки для рибної луски;15.53%
товари;товари для дому;посуд;столовий посуд;одноразовий посуд;4;150201;одноразовий посуд;16.10%
товари;товари для дому;посуд;кухонне приладдя;ополоники, шумівки, картоплем'ялки;4;15230425;ополоники, шумівки, картоплем'ялки;15.53%
товари;товари для дому;рішення для зберігання;органайзери для зберігання речей;органайзери для зберігання речей;3;154102;органайзери для зберігання речей;15.97%
товари;товари для дому;рішення для зберігання;організація місця в гаражі і коморі;організація місця в гаражі і коморі;3;154106;організація місця в гаражі і коморі;14.65%
товари;товари для дому;меблі;комплектуючі для меблів;каркаси та ламелі для ліжок;4;370807;каркаси та ламелі для ліжок;13.30%
товари;товари для дому;догляд за будинком;прибирання;освіжувачі повітря;4;613;освіжувачі повітря;14.97%
товари;товари для дому;меблі;крісла;офісні та комп'ютерні крісла;4;15030309;офісні та комп'ютерні крісла;13.00%
товари;товари для дому;розумний будинок;охоронні системи та сигналізації;охоронні системи та сигналізації;3;302306;охоронні системи та сигналізації;15.18%
товари;товари для дому;рішення для зберігання;пакети і мішки для сміття;пакети і мішки для сміття;3;15230442;пакети і мішки для сміття;15.65%
товари;товари для дому;текстиль;оформлення вікон;панельні штори;4;4050208;панельні штори;19.07%
товари;дача, сад і город;обладнання для саун і лазень;парогенератори для саун і лазень;парогенератори для саун і лазень;3;150504;парогенератори для саун і лазень;10.50%
товари;товари для дому;меблі;шафи;передпокої;4;1503030101;передпокої;13.30%
товари;дача, сад і город;інструменти для обрізки;пили для обрізки гілок;пили для обрізки гілок;3;1250311;пили для обрізки гілок;14.68%
товари;дача, сад і город;садовий інвентар і освітлення;підв'язка та маркування рослин;підв'язка та маркування рослин;3;1250353;підв'язка та маркування рослин;15.97%
товари;товари для дому;текстиль;текстиль для спальні;підковдри;4;40609;підковдри;15.39%
товари;товари для дому;посуд;столовий посуд;підноси;4;240607;підноси;15.28%
товари;товари для дому;декор для дому;підсвічники;підсвічники;3;1706;підсвічники;15.11%
товари;товари для дому;посуд;кухонне приладдя;підставки для кухонних і столових приладів;4;15230447;підставки для кухонних і столових приладів;13.30%
товари;товари для дому;меблі;садові й пляжні меблі;підставки для парасольок;4;15030202;підставки для парасольок;13.30%
товари;товари для дому;декор для дому;інтер'єрні аксесуари;підставки для пляшок;4;371021;підставки для пляшок;15.37%
товари;товари для дому;посуд;кухонне приладдя;підставки для посуду;4;15230436;підставки для посуду;15.40%
товари;товари для дому;посуд;столовий посуд;підставки для яєць;4;152220;підставки для яєць;15.41%
товари;товари для дому;декор для дому;кімнатні рослини;підставки і опори для рослин;4;371016;підставки і опори для рослин;13.30%
товари;товари для дому;рішення для зберігання;підставки і органайзери для косметики;підставки і органайзери для косметики;3;154108;підставки і органайзери для косметики;15.70%
товари;товари для дому;приналежності для ванної та туалету;підставки і стакани для зубних щіток;підставки і стакани для зубних щіток;3;154009;підставки і стакани для зубних щіток;15.84%
товари;дача, сад і город;обладнання для поливу;пістолети і насадки для поливу;пістолети і насадки для поливу;3;1250343;пістолети і насадки для поливу;15.81%
товари;товари для дому;текстиль;текстиль для спальні;пледи та покривала;4;40501;пледи та покривала;15.80%
товари;товари для дому;меблі;садові й пляжні меблі;плетені меблі;4;15031001;плетені меблі;12.14%
товари;товари для дому;рішення для зберігання;плечики;плечики;3;151601;плечики;15.66%
товари;дача, сад і город;плодознімачі і плодозбирачі;плодознімачі і плодозбирачі;плодознімачі і плодозбирачі;2;12526;плодознімачі і плодозбирачі;10.63%
товари;товари для дому;посуд;столовий посуд;пляшки для напоїв і води;4;152221;пляшки для напоїв і води;15.54%
товари;товари для дому;посуд;кухонне приладдя;побутові запальнички ;4;15230432;побутові запальнички ;15.40%
товари;товари для дому;посуд;кухонне приладдя;побутові лійки, воронки ;4;15230440;побутові лійки, воронки ;15.40%
товари;дача, сад і город;обладнання для фермерських продуктів;побутові маслопреси ;побутові маслопреси ;3;151904;побутові маслопреси ;13.76%
товари;дача, сад і город;обладнання для фермерських продуктів;побутові сепаратори і олійниці;побутові сепаратори і олійниці;3;6300412;побутові сепаратори і олійниці;14.60%
товари;товари для дому;посуд;кухонне приладдя;побутові спагетниці, локшинорізки, тісторозкатки;4;15230435;побутові спагетниці, локшинорізки, тісторозкатки;15.40%
товари;товари для дому;посуд;кухонне приладдя;побутові форми для приготування напівфабрикатів;4;15230448;побутові форми для приготування напівфабрикатів;15.73%
товари;товари для дому;догляд за будинком;прибирання;поглиначі вологи;4;151416;поглиначі вологи;14.71%
товари;товари для дому;текстиль;текстиль для спальні;подушки;4;40603;подушки;16.00%
товари;дача, сад і город;обладнання для фермерських продуктів;поїлки, годівниці для домашньої птиці;поїлки, годівниці для домашньої птиці;3;151905;поїлки, годівниці для домашньої птиці;11.55%
товари;товари для дому;меблі;комплектуючі для меблів;полицетримачі, склотримачі;4;15030602;полицетримачі, склотримачі;13.30%
товари;товари для дому;меблі;полиці та стелажі;полиці;4;15030307;полиці;13.61%
товари;товари для дому;меблі;полиці та стелажі;полиці, загальне;4;15033901;полиці, загальне;25.00%
товари;товари для дому;догляд за будинком;догляд за меблями;поліролі для меблів;4;15031501;поліролі для меблів;14.04%
товари;товари для дому;меблі;меблі для ванних;полки і етажерки для ванних кімнат;4;13018005;полки і етажерки для ванних кімнат;13.30%
товари;товари для дому;декор для дому;інтер'єрні аксесуари;попільнички;4;152601;попільнички;14.93%
товари;товари для дому;догляд за будинком;прибирання;портативні розпилювачі;4;151414;портативні розпилювачі;15.41%
товари;дача, сад і город;інструменти для обробки грунту;посадочні совки, вилки;посадочні совки, вилки;3;1250305;посадочні совки, вилки;14.73%
товари;товари для дому;текстиль;текстиль для спальні;постільна білизна, загальне;4;40699;постільна білизна, загальне;25.00%
товари;товари для дому;посуд;посуд для приготування;посуд для духових і мікрохвильових печей;4;150202;посуд для духових і мікрохвильових печей;15.47%
товари;товари для дому;посуд;столовий посуд;посуд для східної кухні;4;150206;посуд для східної кухні;15.41%
товари;товари для дому;посуд;посуд, загальне;посуд, загальне;3;150203;посуд, загальне;25.00%
товари;товари для дому;декор для дому;інтер'єрні аксесуари;поштові ящики;4;37042004;поштові ящики;15.37%
товари;товари для дому;догляд за будинком;прання і прасування;прання і прасування, загальне;4;151699;прання і прасування, загальне;25.00%
товари;товари для дому;догляд за будинком;прання і прасування;прасувальні дошки;4;151602;прасувальні дошки;14.58%
товари;товари для дому;посуд;кухонне приладдя;преси, горіхоколи;4;15230423;преси, горіхоколи;15.34%
товари;товари для дому;догляд за будинком;прибирання;прибирання, загальне;4;151499;прибирання, загальне;25.00%
товари;товари для дому;текстиль;килими та килимові доріжки;придверні килимки ;4;40506;придверні килимки ;15.40%
товари;товари для дому;посуд;кухонне приладдя;приладдя для спецій;4;15230403;приладдя для спецій;15.53%
товари;товари для дому;меблі;тумби та тумбочки;приліжкові тумбочки;4;37032006;приліжкові тумбочки;13.80%
товари;товари для дому;приналежності для ванної та туалету;приналежності для ванної та туалету, загальне;приналежності для ванної та туалету, загальне;3;154099;приналежності для ванної та туалету, загальне;25.00%
товари;дача, сад і город;мінісільгосптехніка;причепи до мотоблоків;причепи до мотоблоків;3;125031804;причепи до мотоблоків;10.17%
товари;товари для дому;догляд за будинком;прання і прасування;прищіпки;4;151607;прищіпки;15.10%
товари;товари для дому;текстиль;текстиль для спальні;простирадла;4;40605;простирадла;15.58%
товари;товари для дому;догляд за будинком;догляд за кімнатними рослинами;пульверизатори для кімнатних рослин;4;12517;пульверизатори для кімнатних рослин;14.92%
товари;товари для дому;меблі;комплектуючі для меблів;рейлінгові і барні системи;4;370815;рейлінгові і барні системи;13.30%
товари;товари для дому;меблі;комплектуючі для меблів;реставраційні матеріали для меблів;4;15030618;реставраційні матеріали для меблів;13.30%
товари;дача, сад і город;аксесуари для барбекю;решітки для гриля і барбекю;решітки для гриля і барбекю;3;152302;решітки для гриля і барбекю;15.41%
товари;товари для дому;рішення для зберігання;рішення для зберігання, загальне;рішення для зберігання, загальне;3;154105;рішення для зберігання, загальне;25.00%
товари;товари для дому;меблі;шафи;розпашні шафи;4;37032002;розпашні шафи;13.36%
товари;дача, сад і город;садові рослини і ґрунти;розсада і саджанці квітів та трав;розсада і саджанці квітів та трав;3;1140115;розсада і саджанці квітів та трав;15.00%
товари;товари для дому;освітлення для дому;розумні світильники;розумні світильники;3;15040608;розумні світильники;15.05%
товари;товари для дому;декор для дому;кімнатні рослини;рослини в горщиках;4;12405;рослини в горщиках;15.00%
товари;дача, сад і город;садові рослини і ґрунти;рослини для ставка;рослини для ставка;3;12409;рослини для ставка;14.47%
товари;товари для дому;текстиль;оформлення вікон;ролети;4;153805;ролети;16.22%
товари;дача, сад і город;інструменти для обробки грунту;ручні культиватори, плуги;ручні культиватори, плуги;3;7081201;ручні культиватори, плуги;14.73%
товари;дача, сад і город;інструменти для обробки грунту;ручні садові бури;ручні садові бури;3;1250337;ручні садові бури;14.31%
товари;дача, сад і город;інструменти для обробки грунту;ручні сівалки;ручні сівалки;3;1250314;ручні сівалки;14.31%
товари;товари для дому;посуд;кухонне приладдя;ручні соковитискачі ;4;15230443;ручні соковитискачі ;15.14%
товари;товари для дому;текстиль;рушники;рушники, загальне;4;40310;рушники, загальне;25.00%
товари;дача, сад і город;сад, загальне;сад, загальне;сад, загальне;2;12599;сад, загальне;25.00%
товари;дача, сад і город;садові рослини і ґрунти;саджанці дерев і чагарників;саджанці дерев і чагарників;3;1140105;саджанці дерев і чагарників;15.00%
товари;дача, сад і город;садовий декор;садовий декор, загальне;садовий декор, загальне;3;1252401;садовий декор, загальне;25.00%
товари;дача, сад і город;садовий інвентар і освітлення;садовий інвентар і освітлення, загальне;садовий інвентар і освітлення, загальне;3;1250399;садовий інвентар і освітлення, загальне;25.00%
товари;дача, сад і город;садовий декор;садові арки, шпалери і декоративні паркани ;садові арки, шпалери і декоративні паркани ;3;1252403;садові арки, шпалери і декоративні паркани ;15.66%
товари;дача, сад і город;садовий декор;садові годівниці, шпаківні;садові годівниці, шпаківні;3;1250402;садові годівниці, шпаківні;14.88%
товари;товари для дому;меблі;садові й пляжні меблі;садові гойдалки;4;37042007;садові гойдалки;9.50%
товари;дача, сад і город;садовий декор;садові доріжки;садові доріжки;3;1250350;садові доріжки;15.79%
товари;товари для дому;меблі;садові й пляжні меблі;садові й пляжні меблі, загальне;4;370499;садові й пляжні меблі, загальне;25.00%
товари;дача, сад і город;інструменти для обробки грунту;садові катки;садові катки;3;1250352;садові катки;14.31%
товари;дача, сад і город;садовий інвентар і освітлення;садові компостери;садові компостери;3;12521;садові компостери;15.34%
товари;дача, сад і город;інструменти для обрізки;садові ножиці, секатори, ножі;садові ножиці, секатори, ножі;3;1250312;садові ножиці, секатори, ножі;14.60%
товари;дача, сад і город;обладнання для поливу;садові обприскувачі;садові обприскувачі;3;1250317;садові обприскувачі;15.00%
товари;дача, сад і город;ландшафтні будови;садові павільйони та альтанки;садові павільйони та альтанки;3;12506;садові павільйони та альтанки;13.13%
товари;дача, сад і город;садовий інвентар і освітлення;садові пилосмокти, повітродувки;садові пилосмокти, повітродувки;3;1250309;садові пилосмокти, повітродувки;11.19%
товари;дача, сад і город;інструменти для обрізки;садові  подрібнювачі;садові  подрібнювачі;3;1250304;садові  подрібнювачі;9.60%
товари;дача, сад і город;садові рослини і ґрунти;садові рослини і ґрунти, загальне;садові рослини і ґрунти, загальне;3;12406;садові рослини і ґрунти, загальне;25.00%
товари;дача, сад і город;садовий інвентар і освітлення;садові сітки;садові сітки;3;800507;садові сітки;15.00%
товари;товари для дому;меблі;садові й пляжні меблі;садові стільці та крісла;4;240462;садові стільці та крісла;13.30%
товари;товари для дому;меблі;садові й пляжні меблі;садові столи;4;240463;садові столи;13.30%
товари;товари для дому;меблі;садові й пляжні меблі;садові та пляжні парасольки;4;37042005;садові та пляжні парасольки;13.30%
товари;дача, сад і город;садовий декор;садові, паркові скульптури;садові, паркові скульптури;3;130109;садові, паркові скульптури;15.66%
товари;дача, сад і город;садовий інвентар і освітлення;садово-будівельні тачки;садово-будівельні тачки;3;1250323;садово-будівельні тачки;14.95%
товари;товари для дому;посуд;столовий посуд;салатниці;4;152212;салатниці;15.34%
товари;товари для дому;посуд;посуд для приготування;самовари;4;15230312;самовари;15.21%
товари;дача, сад і город;санвузли дачні;санвузли дачні, загальне;санвузли дачні, загальне;3;1252501;санвузли дачні, загальне;25.00%
товари;дача, сад і город;обладнання для саун і лазень;світильники для саун і лазень;світильники для саун і лазень;3;150510;світильники для саун і лазень;10.71%
товари;товари для дому;освітлення для дому;світильники, загальне;світильники, загальне;3;39050599;світильники, загальне;25.00%
товари;товари для дому;декор для дому;свічки;свічки;3;150404;свічки;15.00%
товари;товари для дому;декор для дому;святкове освітлення;святкове освітлення;3;150403;святкове освітлення;23.90%
товари;товари для дому;посуд;столовий посуд;серветниці та кільця для серветок;4;152207;серветниці та кільця для серветок;15.41%
товари;товари для дому;текстиль;текстиль для кухні;сервіровочні килимки, підставки;4;4050705;сервіровочні килимки, підставки;15.21%
товари;товари для дому;текстиль;текстиль для кухні;сервірувальні скатертини, серветки ;4;40505;сервірувальні скатертини, серветки ;15.10%
товари;дача, сад і город;інструмент для скошування трави;серпи, коси;серпи, коси;3;1250315;серпи, коси;14.04%
товари;товари для дому;розумний будинок;системи відеонагляду;системи відеонагляду;3;300410;системи відеонагляду;13.96%
товари;товари для дому;меблі;комплектуючі для меблів;системи для шаф купе;4;370806;системи для шаф купе;13.30%
товари;товари для дому;посуд;кухонне приладдя;сита, друшляки;4;15230415;сита, друшляки;15.60%
товари;товари для дому;посуд;кухонне приладдя;сифони для напоїв;4;63015;сифони для напоїв;15.60%
товари;дача, сад і город;аксесуари для барбекю;сірники;сірники;3;152607;сірники;17.07%
товари;дача, сад і город;обладнання для фермерських продуктів;сітки для сушки;сітки для сушки;3;151910;сітки для сушки;14.99%
товари;товари для дому;посуд;посуд для приготування;сковорідки;4;15230304;сковорідки;15.00%
товари;товари для дому;посуд;посуд для приготування;скороварки;4;15230306;скороварки;15.21%
товари;дача, сад і город;снігоприбиральний інвентар;снігоприбирачі;снігоприбирачі;3;1250316;снігоприбирачі;8.10%
товари;товари для дому;посуд;посуд для приготування;соковарки;4;15230318;соковарки;15.08%
товари;товари для дому;меблі;комплектуючі для меблів;спинки для ліжок;4;370809;спинки для ліжок;13.30%
товари;товари для дому;декор для дому;штучні квіти і рослини;стабілізовані квіти і рослини;4;1140505;стабілізовані квіти і рослини;15.79%
товари;товари для дому;посуд;столовий посуд;стакани;4;152104;стакани;15.34%
товари;товари для дому;декор для дому;статуетки;статуетки;3;1705;статуетки;14.78%
товари;товари для дому;розумний будинок;стаціонарні відеореєстратори;стаціонарні відеореєстратори;3;301101;стаціонарні відеореєстратори;14.56%
товари;товари для дому;освітлення для дому;стельові світильники;стельові світильники;3;15040605;стельові світильники;15.00%
товари;товари для дому;меблі;вішалки та підставки для одягу та аксесуарів;стійки для парасольок;4;15030904;стійки для парасольок;13.30%
товари;товари для дому;меблі;стільці;стільці і крісла;4;37033002;стільці і крісла;13.85%
товари;товари для дому;меблі;стільці;барні стільці;4;15033802;барні стільці;13.85%
товари;товари для дому;меблі;стільці;стільці;4;15033803;кухонні стільці;13.66%
товари;товари для дому;меблі;стільці;стільці та крісла, загальне;4;15033801;стільці та крісла, загальне;25.00%
товари;товари для дому;меблі;шафи;стінки для вітальні;4;37034012;стінки для вітальні;13.02%
товари;товари для дому;меблі;столи;столи, загальне;4;15033701;столи, загальне;25.00%
товари;товари для дому;меблі;столи;столики для сніданку;4;37034010;столики для сніданку;13.61%
товари;товари для дому;посуд;столовий посуд;столовий посуд, загальне;4;152299;столовий посуд, загальне;25.00%
товари;товари для дому;посуд;столовий посуд;столові ножі ;4;152217;столові ножі ;15.08%
товари;товари для дому;посуд;столовий посуд;столові сервізи;4;152203;столові сервізи;15.41%
товари;товари для дому;декор для дому;інтер'єрні аксесуари;стопери для дверей;4;371025;стопери для дверей;15.50%
товари;товари для дому;посуд;кухонне приладдя;ступки;4;15230424;ступки;15.53%
товари;дача, сад і город;садові рослини і ґрунти;субстрати, компости для рослин;субстрати, компости для рослин;3;12520;субстрати, компости для рослин;15.60%
товари;дача, сад і город;аксесуари для барбекю;сумки та набори для пікніка;сумки та набори для пікніка;3;380610;сумки та набори для пікніка;17.37%
товари;товари для дому;посуд;столовий посуд;супниці;4;15230309;супниці;15.34%
товари;товари для дому;розумний будинок;сучасний будинок, загальне;сучасний будинок, загальне;3;153501;сучасний будинок, загальне;25.00%
товари;товари для дому;догляд за будинком;прання і прасування;сушарки для білизни;4;151604;сушарки для білизни;14.48%
товари;товари для дому;декор для дому;штучні квіти і рослини;сушені квіти, рослини;4;1140507;сушені квіти, рослини;20.13%
товари;товари для дому;меблі;комплектуючі для меблів;сушки для посуду;4;370823;сушки для посуду;13.30%
товари;дача, сад і город;аксесуари для барбекю;тандири;тандири;3;1515;тандири;14.95%
товари;товари для дому;аксесуари для саун і лазень;тапочки для лазні та сауни;тапочки для лазні та сауни;3;15050206;тапочки для лазні та сауни;10.75%
товари;товари для дому;посуд;столовий посуд;тарілки і піали;4;152201;тарілки і піали;15.34%
товари;товари для дому;текстиль;текстиль для кухні;текстиль для кухні, загальне;4;4051001;текстиль для кухні, загальне;25.00%
товари;товари для дому;текстиль;текстиль, загальне;текстиль, загальне;3;40599;текстиль, загальне;25.00%
товари;дача, сад і город;обладнання для фермерських продуктів;теплиці і комплектуючі до них;теплиці і комплектуючі до них;3;311703;теплиці і комплектуючі до них;14.05%
товари;дача, сад і город;садові рослини і ґрунти;термоізоляційні настили для рослин, агроволокно;термоізоляційні настили для рослин, агроволокно;3;12514;термоізоляційні настили для рослин, агроволокно;15.00%
товари;товари для дому;приналежності для ванної та туалету;термометри для ванної;термометри для ванної;3;154012;термометри для ванної;8.93%
товари;товари для дому;посуд;кухонне приладдя;тертки, шатківниці;4;15230418;тертки, шатківниці;15.47%
товари;товари для дому;освітлення для дому;торшери;торшери;3;39050506;торшери;15.18%
товари;товари для дому;посуд;кухонне приладдя;точила для ножів;4;15230433;точила для ножів;15.34%
товари;товари для дому;освітлення для дому;точкові світильники та трек-системи;точкові світильники та трек-системи;3;39050503;точкові світильники та трек-системи;15.63%
товари;товари для дому;освітлення для дому;нічник;нічник;3;15040609;нічник;15.00%
товари;товари для дому;освітлення для дому;трекові світильники;трекові світильники;3;15040610;трекові світильники;15.00%
товари;дача, сад і город;мінісільгосптехніка;трактори-газонокосарки, райдери;трактори-газонокосарки, райдери;3;14090203;трактори-газонокосарки, райдери;9.65%
товари;товари для дому;приналежності для ванної та туалету;тримачі для паперу;тримачі для паперу;3;130115;тримачі для паперу;15.64%
товари;товари для дому;приналежності для ванної та туалету;тримачі рушників;тримачі рушників;3;130122;тримачі рушників;15.16%
товари;дача, сад і город;аксесуари для барбекю;тріска для копчення;тріска для копчення;3;1008;тріска для копчення;15.41%
товари;товари для дому;меблі;столи;туалетні столики;4;15030306;туалетні столики;13.80%
товари;товари для дому;меблі;тумби та тумбочки;тумби;4;15033602;тумби;15.16%
товари;товари для дому;меблі;меблі для ванних;тумби під раковину;4;13018004;тумби під раковину;12.95%
товари;товари для дому;меблі;тумби та тумбочки;тумби під телевізор;4;37034011;тумби під телевізор;13.61%
товари;товари для дому;меблі;тумби та тумбочки;тумби та тумбочки, загальне;4;15033601;тумби та тумбочки, загальне;25.00%
товари;товари для дому;меблі;тумби та тумбочки;тумби та шафи для взуття;4;37034008;тумби та шафи для взуття;13.30%
товари;товари для дому;меблі;туристичні меблі;туристичні меблі, загальне;4;240423;туристичні меблі, загальне;25.00%
товари;товари для дому;меблі;туристичні меблі;туристичні розкладачки;4;240456;туристичні розкладачки;14.33%
товари;товари для дому;меблі;туристичні меблі;туристичні стільці;4;240420;туристичні стільці;14.33%
товари;товари для дому;меблі;туристичні меблі;туристичні столи;4;240421;туристичні столи;14.33%
товари;товари для дому;догляд за будинком;догляд за особистими речами;фарба для взуття;4;3220906;фарба для взуття;18.28%
товари;товари для дому;меблі;комплектуючі для меблів;фарби для меблів;4;81105;фарби для меблів;13.30%
товари;товари для дому;текстиль;текстиль для кухні;фартухи;4;15230401;фартухи;15.28%
товари;товари для дому;текстиль;оформлення вікон;фіранки з ниток і намистин;4;4050205;фіранки з ниток і намистин;19.07%
товари;дача, сад і город;обладнання для поливу;фітинги та крани для поливальних систем;фітинги та крани для поливальних систем;3;1250346;фітинги та крани для поливальних систем;15.59%
товари;дача, сад і город;садові рослини і ґрунти;фітостіни і фітомодулі;фітостіни і фітомодулі;3;11406;фітостіни і фітомодулі;15.86%
товари;товари для дому;декор для дому;кімнатні рослини;флораріуми та мосаріуми;4;271611;флораріуми та мосаріуми;15.22%
товари;товари для дому;посуд;столовий посуд;фляги;4;152107;фляги;12.87%
товари;дача, сад і город;садовий декор;фонтани садові;фонтани садові;3;13120701;фонтани садові;15.66%
товари;товари для дому;посуд;кухонне приладдя;форми для випічки та запікання;4;15230414;форми для випічки та запікання;14.89%
товари;товари для дому;посуд;кухонне приладдя;форми для льоду;4;15230419;форми для льоду;15.34%
товари;товари для дому;посуд;кухонне приладдя;форми і розбивателі для яєць;4;15230446;форми і розбивателі для яєць;15.73%
товари;товари для дому;декор для дому;фоторамки та рамки для картин;фоторамки та рамки для картин;3;1739;фоторамки та рамки для картин;15.37%
товари;товари для дому;посуд;столовий посуд;фруктовниці та цукерниці;4;15230406;фруктовниці та цукерниці;15.99%
товари;товари для дому;текстиль;футони та топери;футони та топери;3;370322;футони та топери;15.20%
товари;товари для дому;посуд;кухонне приладдя;харчова плівка, пергамент, фольга;4;15230502;харчова плівка, пергамент, фольга;15.17%
товари;товари для дому;рішення для зберігання;хлібниці;хлібниці;3;15230503;хлібниці;15.12%
товари;дача, сад і город;ландшафтні будови;хозблоки, сараї для саду;хозблоки, сараї для саду;3;1252203;хозблоки, сараї для саду;11.43%
товари;товари для дому;посуд;столовий посуд;цукорниці;4;152219;цукорниці;15.41%
товари;товари для дому;посуд;посуд для приготування;чайники для плити;4;15230305;чайники для плити;15.34%
товари;товари для дому;посуд;столовий посуд;чарки і стопки;4;152101;чарки і стопки;15.34%
товари;товари для дому;посуд;столовий посуд;чашки і кружки;4;152103;чашки і кружки;15.00%
товари;товари для дому;посуд;посуд для чаю та кави;гейзерні кавоварки;4;15020801;гейзерні кавоварки;15.21%
товари;товари для дому;посуд;посуд для чаю та кави;ручні кавомолки;4;15020802;ручні кавомолки;15.21%
товари;товари для дому;посуд;посуд для чаю та кави;аксесуари для чаю та кави;4;15020803;аксесуари для чаю та кави;15.41%
товари;товари для дому;посуд;посуд для чаю та кави;посуд для чаю та кави, загальне;4;15020804;посуд для чаю та кави, загальне;25.00%
товари;товари для дому;посуд;посуд для випічки та запікання;посуд для випічки та запікання, загальне;4;15020901;посуд для випічки та запікання, загальне;25.00%
товари;товари для дому;посуд;посуд для приготування;таджини;4;15230323;таджини;15.21%
товари;товари для дому;текстиль;чохли для меблів;чохли для меблів;3;370824;чохли для меблів;13.30%
товари;товари для дому;рішення для зберігання;чохли для одягу, взуття;чохли для одягу, взуття;3;380410;чохли для одягу, взуття;16.29%
товари;дача, сад і город;аксесуари для барбекю;шампури, вертіла;шампури, вертіла;3;15230311;шампури, вертіла;15.00%
товари;товари для дому;аксесуари для саун і лазень;шапки і набори для лазні та сауни;шапки і набори для лазні та сауни;3;15050203;шапки і набори для лазні та сауни;10.67%
товари;товари для дому;приналежності для ванної та туалету;шапочки для душа;шапочки для душа;3;154005;шапочки для душа;10.01%
товари;товари для дому;меблі;шафи;шафи і пенали для ванних кімнат;4;13018003;шафи і пенали для ванних кімнат;13.30%
товари;товари для дому;меблі;шафи;шафи купе;4;37034003;шафи купе;13.01%
товари;товари для дому;меблі;шафи;шафи, загальне;4;15033501;шафи, загальне;25.00%
товари;товари для дому;догляд за будинком;прибирання;швабри і запасні насадки;4;151408;швабри і запасні насадки;14.66%
товари;товари для дому;меблі;садові й пляжні меблі;шезлонги та лежаки;4;15030901;шезлонги та лежаки;14.00%
товари;товари для дому;посуд;аксесуари для бару;шейкери для коктейлів;4;15230402;шейкери для коктейлів;15.24%
товари;товари для дому;посуд;посуд для приготування;шинковари;4;15230322;шинковари;15.41%
товари;товари для дому;декор для дому;інтер'єрні аксесуари;ширми;4;371002;ширми;15.17%
товари;товари для дому;декор для дому;інтер'єрні аксесуари;шкатулки;4;174101;шкатулки;15.37%
товари;дача, сад і город;обладнання для поливу;шланги для поливу;шланги для поливу;3;1250354;шланги для поливу;15.00%
товари;товари для дому;посуд;аксесуари для бару;штопори, відкривачки, закупорщики для пляшок;4;152904;штопори, відкривачки, закупорщики для пляшок;15.24%
товари;товари для дому;текстиль;оформлення вікон;штори, портьєри;4;4050201;штори, портьєри;14.96%
товари;товари для дому;текстиль;штори та аксесуари до них;штори та аксесуари до них, загальне;4;4051101;штори та аксесуари до них, загальне;25.00%
товари;товари для дому;приналежності для ванної та туалету;шторки для ванни і душу;шторки для ванни і душу;3;154006;шторки для ванни і душу;15.75%
товари;товари для дому;декор для дому;штучні квіти і рослини;штучні дерева і бонсаї;4;371009;штучні дерева і бонсаї;15.53%
товари;товари для дому;декор для дому;штучні квіти і рослини;штучні квіти і гілки;4;371008;штучні квіти і гілки;15.00%
товари;товари для дому;декор для дому;штучні квіти і рослини;штучні квіти і рослини, загальне;4;371010;штучні квіти і рослини, загальне;25.00%
товари;товари для дому;декор для дому;штучні квіти і рослини;штучні ялини і сосни;4;371011;штучні ялини і сосни;23.10%
товари;дача, сад і город;садові рослини і ґрунти; щеплення для рослин; щеплення для рослин;3;12412; щеплення для рослин;15.92%
товари;товари для дому;догляд за будинком;догляд за особистими речами;щітки для одягу;4;151605;щітки для одягу;15.71%
товари;товари для дому;догляд за будинком;прибирання;щітки для підлоги;4;151402;щітки для підлоги;15.03%
товари;дача, сад і город;садові рослини і ґрунти;ялини, сосни натуральні;ялини, сосни натуральні;3;11404;ялини, сосни натуральні;15.73%
товари;товари для дому;рішення для зберігання;ящики і кошики для зберігання;ящики і кошики для зберігання;3;154103;ящики і кошики для зберігання;15.40%
товари;електрообладнання;технічні вимикачі;dip перемикачі;dip перемикачі;3;410601;dip перемикачі;8.93%
товари;електрообладнання;освітлення, електрика;led освітлення;led освітлення;3;150426;led освітлення;14.26%
товари;електрообладнання;компоненти асутп;реле;автоматичні вимикачі, пзв;4;14190906;автоматичні вимикачі, пзв;15.15%
товари;електрообладнання;обладнання для електропостачання;запобіжники та їх компоненти;аксесуари для запобіжників;4;54003;аксесуари для запобіжників;13.55%
товари;електрообладнання;електронні компоненти;активні компоненти;активні компоненти, загальне;4;400199;активні компоненти, загальне;25.00%
товари;електрообладнання;батареї та акумулятори;акумулятори загального призначення;акумулятори загального призначення;3;5280501;акумулятори загального призначення;9.65%
товари;електрообладнання;батареї та акумулятори;батареї та акумулятори, загальне;батареї та акумулятори, загальне;3;52807;батареї та акумулятори, загальне;25.00%
товари;електрообладнання;батареї та акумулятори;батарейні, акумуляторні відсіки;батарейні, акумуляторні відсіки;3;52810;батарейні, акумуляторні відсіки;8.93%
товари;електрообладнання;обладнання для електропостачання;блоки живлення;блоки живлення, загальне;4;14191108;блоки живлення, загальне;25.00%
товари;електрообладнання;електронні компоненти;пасивні компоненти;вентилятори та охолоджувачі для силових напівпровідників;4;400505;вентилятори та охолоджувачі для силових напівпровідників;13.75%
товари;електрообладнання;обладнання для електропостачання;запобіжники та їх компоненти;високовольтні запобіжники;4;54001;високовольтні запобіжники;13.55%
товари;електрообладнання;освітлення, електрика;вуличне освітлення;вуличне освітлення;3;150401;вуличне освітлення;15.88%
товари;електрообладнання;генератори та електростанції;генератори та електростанції, загальне;генератори та електростанції, загальне;3;410499;генератори та електростанції, загальне;25.00%
товари;електрообладнання;технічні вимикачі;двохпозиційні перемикачі;двохпозиційні перемикачі;3;410607;двохпозиційні перемикачі;10.32%
товари;електрообладнання;обладнання для електропостачання;блоки живлення;джерела безперебійного живлення (дбж);4;14191106;джерела безперебійного живлення (дбж);10.20%
товари;електрообладнання;технічні вимикачі;дистанційні вимикачі;дистанційні вимикачі;3;410606;дистанційні вимикачі;14.53%
товари;електрообладнання;електронні компоненти;пасивні компоненти;дроселі;4;400501;дроселі;13.75%
товари;електрообладнання;освітлення, електрика;комплектуючі для освітлення та електрики;електричні вилки;4;53005;електричні вилки;14.75%
товари;електрообладнання;освітлення, електрика;комплектуючі для освітлення та електрики;електричні подовжувачі;4;513;електричні подовжувачі;16.16%
товари;електрообладнання;електронні компоненти;активні компоненти;електровакуумні та електронно-променеві прилади;4;50201;електровакуумні та електронно-променеві прилади;12.79%
товари;електрообладнання;генератори та електростанції;електрогенератори;електрогенератори;3;410402;електрогенератори;11.03%
товари;електрообладнання;електродвигуни;електродвигуни;електродвигуни;2;140405;електродвигуни;9.62%
товари;електрообладнання;монтажне обладнання;електроізолятори;електроізоляційні стрічки та трубки;4;14190303;електроізоляційні стрічки та трубки;13.55%
товари;електрообладнання;електронні компоненти;електронні компоненти, загальне;електронні компоненти, загальне;3;4099;електронні компоненти, загальне;25.00%
товари;електрообладнання;електрообладнання, загальне;електрообладнання, загальне;електрообладнання, загальне;2;516;електрообладнання, загальне;25.00%
товари;електрообладнання;монтажне обладнання;елементи кріплення кабелю;елементи кріплення кабелю;3;5092905;елементи кріплення кабелю;16.10%
товари;електрообладнання;батареї та акумулятори;зарядні пристрої для акумуляторів;зарядні пристрої для акумуляторів;3;410201;зарядні пристрої для акумуляторів;14.78%
товари;електрообладнання;компоненти асутп;перетворювачі;інвертори;4;5140401;інвертори;6.59%
товари;електрообладнання;електронні компоненти;активні компоненти;інтегральні мікросхеми;4;400103;інтегральні мікросхеми;14.91%
товари;електрообладнання;монтажне обладнання;кабеленесучі системи;кабеленесучі системи;3;5092913;кабеленесучі системи;13.55%
товари;електрообладнання;монтажне обладнання;дріт, кабель, системи з'єднання;кабель для систем зв'язку;4;7190605;кабель для систем зв'язку;6.11%
товари;електрообладнання;монтажне обладнання;дріт, кабель, системи з'єднання;кабельні маркери;4;14190442;кабельні маркери;7.00%
товари;електрообладнання;електронні компоненти;пасивні компоненти;кварцові резонатори;4;400507;кварцові резонатори;13.75%
товари;електрообладнання;технічні вимикачі;кінцеві вимикачі;кінцеві вимикачі;3;410603;кінцеві вимикачі;8.93%
товари;електрообладнання;технічні вимикачі;кнопкові вимикачі;кнопкові вимикачі;3;410605;кнопкові вимикачі;13.55%
товари;електрообладнання;обладнання для електропостачання;компенсатори реактивної потужності;компенсатори реактивної потужності;3;410514;компенсатори реактивної потужності;10.78%
товари;електрообладнання;генератори та електростанції;комплектуючі генераторів;комплектуючі генераторів;3;410405;комплектуючі генераторів;8.93%
товари;електрообладнання;обладнання для електропостачання;блоки живлення;комплектуючі для блоків живлення, дбж;4;14191109;комплектуючі для блоків живлення, дбж;9.87%
товари;електрообладнання;освітлення, електрика;комплектуючі для освітлення та електрики;комплектуючі для освітлення та електрики, загальне;4;53099;комплектуючі для освітлення та електрики, загальне;25.00%
товари;електрообладнання;комплектуючі електрообладнання;комплектуючі електрообладнання;комплектуючі електрообладнання;2;141913;комплектуючі електрообладнання;11.62%
товари;електрообладнання;компоненти асутп;перетворювачі;конвертери;4;5140402;конвертери;8.40%
товари;електрообладнання;електронні компоненти;пасивні компоненти;конденсатори;4;141908;конденсатори;13.75%
товари;електрообладнання;електронні компоненти;пасивні компоненти;контакти, роз'єми для плат;4;141915;контакти, роз'єми для плат;11.30%
товари;електрообладнання;компоненти асутп;контактори та пускачі;контактори та пускачі;3;526;контактори та пускачі;13.55%
товари;електрообладнання;освітлення, електрика;комплектуючі для освітлення та електрики;контролери для LED-стрічок;4;53007;контролери для LED-стрічок;14.81%
товари;електрообладнання;монтажне обладнання;корпуси приладів;корпуси приладів;3;5092916;корпуси приладів;15.09%
товари;електрообладнання;компоненти асутп;реле;мікропроцесорні реле;4;14190902;мікропроцесорні реле;14.89%
товари;електрообладнання;монтажне обладнання;монтажне обладнання, загальне;монтажне обладнання, загальне;3;5092906;монтажне обладнання, загальне;25.00%
товари;електрообладнання;монтажне обладнання;монтажні шафи;монтажні шафи;3;70306;монтажні шафи;13.55%
товари;електрообладнання;компоненти асутп;реле;електромагнітне реле;4;14190914;електромагнітне реле;14.89%
товари;електрообладнання;обладнання для електропостачання;запобіжники та їх компоненти;низьковольтні запобіжники;4;54002;низьковольтні запобіжники;13.55%
товари;електрообладнання;обладнання для електропостачання;обладнання для електропостачання, загальне;обладнання для електропостачання, загальне;3;410502;обладнання для електропостачання, загальне;25.00%
товари;електрообладнання;обладнання для електропостачання;обладнання економії електроенергії;обладнання економії електроенергії;3;410519;обладнання економії електроенергії;15.56%
товари;електрообладнання;освітлення, електрика;освітлення, електрика, загальне;освітлення, електрика, загальне;3;3999;освітлення, електрика, загальне;25.00%
товари;електрообладнання;технічні вимикачі;пакетні вимикачі;пакетні вимикачі;3;410608;пакетні вимикачі;8.93%
товари;електрообладнання;електронні компоненти;пасивні компоненти;пасивні компоненти, загальне;4;400599;пасивні компоненти, загальне;25.00%
товари;електрообладнання;освітлення, електрика;комплектуючі для освітлення та електрики;патрони для ламп;4;390201;патрони для ламп;14.81%
товари;електрообладнання;компоненти асутп;перетворювачі;перетворювачі, загальне;4;5140403;перетворювачі, загальне;25.00%
товари;електрообладнання;освітлення, електрика;комплектуючі для освітлення та електрики;плафони, абажури для ламп;4;53002;плафони, абажури для ламп;14.75%
товари;електрообладнання;технічні вимикачі;повзункові вимикачі;повзункові вимикачі;3;410609;повзункові вимикачі;9.39%
товари;електрообладнання;компоненти асутп;програматори мікросхем;програматори мікросхем;3;400302;програматори мікросхем;14.17%
товари;електрообладнання;обладнання для електропостачання;блоки живлення;промислові та побутові джерела живлення;4;14191103;промислові та побутові джерела живлення;9.44%
товари;електрообладнання;освітлення, електрика;комплектуючі для освітлення та електрики;пускорегулюючі апарати;4;150413;пускорегулюючі апарати;14.75%
товари;електрообладнання;електронні компоненти;пасивні компоненти;резистори;4;400503;резистори;13.75%
товари;електрообладнання;компоненти асутп;реле;реле напруги;4;14190901;реле напруги;14.89%
товари;електрообладнання;компоненти асутп;реле;реле струму;4;14190903;реле струму;14.89%
товари;електрообладнання;компоненти асутп;реле;реле температури;4;14190905;реле температури;14.89%
товари;електрообладнання;компоненти асутп;реле;реле часу;4;410610;реле часу;15.08%
товари;електрообладнання;монтажне обладнання;дріт, кабель, системи з'єднання;роз'єми та конектори;4;14190406;роз'єми та конектори;7.00%
товари;електрообладнання;освітлення, електрика;комплектуючі для освітлення та електрики;світлодіодні пікселі, модулі;4;53008;світлодіодні пікселі, модулі;14.81%
товари;електрообладнання;монтажне обладнання;дріт, кабель, системи з'єднання;силові кабелі, перемички;4;14190408;силові кабелі, перемички;6.11%
товари;електрообладнання;обладнання для електропостачання;блоки живлення;стабілізатори напруги;4;14191107;стабілізатори напруги;9.31%
товари;електрообладнання;компоненти асутп;реле;твердотільні реле;4;14190912;твердотільні реле;14.89%
товари;електрообладнання;електронні компоненти;пасивні компоненти;термозапобіжники;4;400504;термозапобіжники;13.75%
товари;електрообладнання;електронні компоненти;активні компоненти;транзистори;4;400107;транзистори;14.65%
товари;електрообладнання;технічні вимикачі;тумблери;тумблери;3;410611;тумблери;8.93%
товари;електрообладнання;батареї та акумулятори;тягові акумулятори;тягові акумулятори;3;52809;тягові акумулятори;10.60%
товари;електрообладнання;компоненти асутп;реле;фотореле;4;14190910;фотореле;14.69%
товари;електрообладнання;монтажне обладнання;дріт, кабель, системи з'єднання;шнури, перехідники;4;14190409;шнури, перехідники;7.00%
товари;електрообладнання;обладнання для електропостачання;щитове обладнання;щитове обладнання;3;50904;щитове обладнання;13.55%
товари;зоотовари;товари для домашніх тварин і птахів;автомобільні підстилки і гамаки для собак;автомобільні підстилки і гамаки для собак;3;270259;автомобільні підстилки і гамаки для собак;8.00%
товари;зоотовари;товари для риб;акваріуми;акваріуми;3;371004;акваріуми;8.00%
товари;зоотовари;товари для риб;акваріумна хімія;акваріумна хімія;3;270242;акваріумна хімія;8.00%
товари;зоотовари;товари для домашніх тварин і птахів;аксесуари для дресирування собак;аксесуари для дресирування собак;3;180305;аксесуари для дресирування собак;8.00%
товари;зоотовари;ветеринарія;ветеринарні засоби та препарати;антигістамінні ветеринарні препарати;4;270502;антигістамінні ветеринарні препарати;7.06%
товари;зоотовари;ветеринарія;ветеринарні засоби та препарати;антипаразитарні засоби для тварин;4;270523;антипаразитарні засоби для тварин;7.06%
товари;зоотовари;ветеринарія;ветеринарні засоби та препарати;антисептичні ветеринарні препарати;4;270524;антисептичні ветеринарні препарати;7.06%
товари;зоотовари;товари для домашніх тварин і птахів;одяг для домашніх тварин;біжутерія і аксесуари для тварин;4;270219;біжутерія і аксесуари для тварин;8.00%
товари;зоотовари;товари для домашніх тварин і птахів;товари для комфорту домашніх тварин;будиночки для домашніх тварин;4;181208;будиночки для домашніх тварин;8.00%
товари;зоотовари;товари для домашніх тварин і птахів;будки і вольєри для тварин;будки і вольєри для тварин;3;181203;будки і вольєри для тварин;8.00%
товари;зоотовари;ветеринарія;ветеринарні засоби та препарати;вакцини для тварин;4;270525;вакцини для тварин;7.06%
товари;зоотовари;ветеринарія;ветеринарія, загальне;ветеринарія, загальне;3;271701;ветеринарія, загальне;25.00%
товари;зоотовари;ветеринарія;ветеринарне обладнання;ветеринарне обладнання;3;2704;ветеринарне обладнання;6.38%
товари;зоотовари;ветеринарія;ветеринарні засоби та препарати;ветеринарні антибіотики та антимікробні препарати;4;270501;ветеринарні антибіотики та антимікробні препарати;7.06%
товари;зоотовари;ветеринарія;ветеринарні засоби та препарати;ветеринарні засоби для очей і вух;4;270521;ветеринарні засоби для очей і вух;7.06%
товари;зоотовари;ветеринарія;ветеринарні засоби та препарати;ветеринарні засоби та препарати, загальне;4;270522;ветеринарні засоби та препарати, загальне;25.00%
товари;зоотовари;ветеринарія;ветеринарні засоби та препарати;імуностимулятори та протипухлинні препарати для тварин;4;270506;імуностимулятори та протипухлинні препарати для тварин;7.06%
товари;зоотовари;ветеринарія;ветеринарні інструменти та інвентар;ветеринарні інструменти та інвентар;3;2714;ветеринарні інструменти та інвентар;7.48%
товари;зоотовари;ветеринарія;ветеринарні засоби та препарати;ветеринарні контрацептиви;4;270509;ветеринарні контрацептиви;7.06%
товари;зоотовари;ветеринарія;ветеринарні засоби та препарати;ветеринарні препарати для лікування сечокам'яної хвороби;4;270514;ветеринарні препарати для лікування сечокам'яної хвороби;7.06%
товари;зоотовари;ветеринарія;ветеринарні засоби та препарати;ветеринарні препарати для опорно-рухового апарату;4;270515;ветеринарні препарати для опорно-рухового апарату;7.06%
товари;зоотовари;товари для домашніх тварин і птахів;одяг для домашніх тварин;взуття та шкарпетки для тварин;4;270220;взуття та шкарпетки для тварин;8.00%
товари;зоотовари;ветеринарія;ветеринарні засоби та препарати;вітаміни для тварин;4;270503;вітаміни для тварин;7.06%
товари;зоотовари;ветеринарія;ветеринарні засоби та препарати;гепатопротектори для тварин;4;270504;гепатопротектори для тварин;7.06%
товари;зоотовари;товари для домашніх тварин і птахів;годування домашніх тварин і птахів;годівниці, поїлки та миски для домашніх тварин і птахів;4;270204;годівниці, поїлки та миски для домашніх тварин і птахів;8.00%
товари;зоотовари;товари для домашніх тварин і птахів;годування домашніх тварин і птахів;годування домашніх тварин і птахів, загальне;4;270249;годування домашніх тварин і птахів, загальне;25.00%
товари;зоотовари;товари для домашніх тварин і птахів;одяг для домашніх тварин;головні убори, шарфи для тварин;4;270223;головні убори, шарфи для тварин;8.00%
товари;зоотовари;ветеринарія;ветеринарні засоби та препарати;гомеопатичні ветеринарні препарати;4;270505;гомеопатичні ветеринарні препарати;7.06%
товари;зоотовари;ветеринарія;ветеринарні засоби та препарати;гормональні, маткові і протимаститні препарати;4;270526;гормональні, маткові і протимаститні препарати;7.06%
товари;зоотовари;товари для домашніх тварин і птахів;товари для комфорту домашніх тварин;дверцята для собак і кішок;4;181209;дверцята для собак і кішок;8.00%
товари;зоотовари;домашні тварини та зоотовари, загальне;домашні тварини та зоотовари, загальне;домашні тварини та зоотовари, загальне;2;2710;домашні тварини та зоотовари, загальне;25.00%
товари;зоотовари;товари для домашніх тварин і птахів;товари для догляду за домашніми тваринами;засоби для гігієни тварин;4;2703;засоби для гігієни тварин;8.00%
товари;зоотовари;товари для домашніх тварин і птахів;товари для комфорту домашніх тварин;іграшки для домашніх тварин;4;270202;іграшки для домашніх тварин;8.00%
товари;зоотовари;товари для риб;інвентар для акваріума;інвентар для акваріума;3;270239;інвентар для акваріума;8.00%
товари;зоотовари;товари для рептилій і комах;тераріуми та приналежності до них;інвентар для тераріуму;4;271604;інвентар для тераріуму;7.90%
товари;зоотовари;ветеринарія;ветеринарні засоби та препарати;кардіопротектори для тварин;4;270507;кардіопротектори для тварин;7.06%
товари;зоотовари;товари для домашніх тварин і птахів;товари для комфорту домашніх тварин;клітки та аксесуари для гризунів і птахів;4;270201;клітки та аксесуари для гризунів і птахів;8.00%
товари;зоотовари;товари для домашніх тварин і птахів;товари для комфорту домашніх тварин;кігтеточки;4;270228;кігтеточки;8.00%
товари;зоотовари;товари для рептилій і комах;тераріуми та приналежності до них;корми для рептилій та комах;4;271606;корми для рептилій та комах;7.90%
товари;зоотовари;товари для риб;корми для риб;корми для риб;3;270245;корми для риб;8.00%
товари;зоотовари;товари для домашніх тварин і птахів;годування домашніх тварин і птахів;корми та ласощі для домашніх тварин і птахів;4;2701;корми та ласощі для домашніх тварин і птахів;8.00%
товари;зоотовари;товари для домашніх тварин і птахів;годування домашніх тварин і птахів;корми для собак;4;270264;корми для собак;8.00%
товари;зоотовари;товари для домашніх тварин і птахів;годування домашніх тварин і птахів;корми для котів;4;270262;корми для котів;8.00%
товари;зоотовари;товари для домашніх тварин і птахів;годування домашніх тварин і птахів;корми для птахів;4;270265;корми для птахів;8.00%
товари;зоотовари;товари для домашніх тварин і птахів;годування домашніх тварин і птахів;корми для гризунів;4;270263;корми для гризунів;8.00%
товари;зоотовари;товари для домашніх тварин і птахів;годування домашніх тварин і птахів;ласощі для тварин;4;270266;ласощі для тварин;8.00%
товари;зоотовари;ветеринарія;ветеринарні засоби та препарати;кортикостероїди для тварин;4;270508;кортикостероїди для тварин;7.06%
товари;зоотовари;товари для домашніх тварин і птахів;одяг для домашніх тварин;куртки, комбінезони та дощовики для тварин;4;270210;куртки, комбінезони та дощовики для тварин;8.00%
товари;зоотовари;ветеринарія;ветеринарні засоби та препарати;мазі для тварин;4;270510;мазі для тварин;7.06%
товари;зоотовари;товари для домашніх тварин і птахів;товари для прогулянок і подорожей з тваринами;медальйони, адресники для домашніх тварин;4;270258;медальйони, адресники для домашніх тварин;8.00%
товари;зоотовари;товари для рептилій і комах;мурашині ферми і комплектуючі до них;мурашині ферми і комплектуючі до них;3;271612;мурашині ферми і комплектуючі до них;8.00%
товари;зоотовари;товари для домашніх тварин і птахів;товари для догляду за домашніми тваринами;наповнювачі для туалетів і кліток;4;270205;наповнювачі для туалетів і кліток;8.00%
товари;зоотовари;товари для риб;насоси, помпи і компресори для акваріума;насоси, помпи і компресори для акваріума;3;270238;насоси, помпи і компресори для акваріума;8.00%
товари;зоотовари;нашийники від бліх, кліщів для тварин;нашийники від бліх, кліщів для тварин;нашийники від бліх, кліщів для тварин;2;2718;нашийники від бліх, кліщів для тварин;6.38%
товари;зоотовари;товари для риб;обігрів і охолодження акваріума;обігрів і охолодження акваріума;3;270236;обігрів і охолодження акваріума;8.00%
товари;зоотовари;товари для домашніх тварин і птахів;обладнання для майданчиків для вигулу і тренувань тварин;обладнання для майданчиків для вигулу і тренувань тварин;3;270206;обладнання для майданчиків для вигулу і тренувань тварин;6.38%
товари;зоотовари;товари для домашніх тварин і птахів;товари для догляду за домашніми тваринами;обладнання та інструменти для грумінгу;4;181204;обладнання та інструменти для грумінгу;8.00%
товари;зоотовари;товари для домашніх тварин і птахів;одяг для домашніх тварин;одяг для домашніх тварин, загальне;4;270224;одяг для домашніх тварин, загальне;25.00%
товари;зоотовари;товари для риб;освітлення для акваріумів;освітлення для акваріумів;3;270234;освітлення для акваріумів;8.00%
товари;зоотовари;товари для рептилій і комах;тераріуми та приналежності до них;освітлення і обігрів для тераріуму;4;271602;освітлення і обігрів для тераріуму;7.90%
товари;зоотовари;ветеринарія;ветеринарні засоби та препарати;післяопераційні засоби догляду за тваринами;4;270513;післяопераційні засоби догляду за тваринами;7.06%
товари;зоотовари;товари для домашніх тварин і птахів;товари для прогулянок і подорожей з тваринами;повідки, нашийники, намордники, шлейки;4;181205;повідки, нашийники, намордники, шлейки;8.00%
товари;зоотовари;товари для рептилій і комах;тераріуми та приналежності до них;прилади для підтримки і контролю вологості в тераріумі;4;271603;прилади для підтримки і контролю вологості в тераріумі;7.90%
товари;зоотовари;ветеринарія;ветеринарні засоби та препарати;пробіотики для тварин;4;270518;пробіотики для тварин;7.06%
товари;зоотовари;ветеринарія;ветеринарні засоби та препарати;протигрибкові ветеринарні препарати;4;270516;протигрибкові ветеринарні препарати;7.06%
товари;зоотовари;ветеринарія;ветеринарні засоби та препарати;протизапальні та спазмолітичні препарати для тварин;4;270511;протизапальні та спазмолітичні препарати для тварин;7.06%
товари;зоотовари;товари для домашніх тварин і птахів;ритуальні товари для тварин;ритуальні товари для тварин;3;270261;ритуальні товари для тварин;8.00%
товари;зоотовари;товари для домашніх тварин і птахів;товари для догляду за домашніми тваринами;розумні спреї;4;270256;розумні спреї;8.00%
товари;зоотовари;товари для рептилій і комах;тераріуми та приналежності до них;рослини, декорації і наповнювачі для тераріуму;4;271605;рослини, декорації і наповнювачі для тераріуму;7.90%
товари;зоотовари;товари для риб;рослини, декорації, грунти для акваріума;рослини, декорації, грунти для акваріума;3;270237;рослини, декорації, грунти для акваріума;8.00%
товари;зоотовари;товари для домашніх тварин і птахів;одяг для домашніх тварин;светри і футболки для тварин;4;270215;светри і футболки для тварин;8.00%
товари;зоотовари;ветеринарія;ветеринарні засоби та препарати;седативні препарати для тварин;4;270519;седативні препарати для тварин;7.06%
товари;зоотовари;товари для риб;со2 обладнання для акваріума;со2 обладнання для акваріума;3;270240;со2 обладнання для акваріума;8.00%
товари;зоотовари;товари для домашніх тварин і птахів;товари для комфорту домашніх тварин;спальні місця для домашніх тварин;4;181206;спальні місця для домашніх тварин;8.00%
товари;зоотовари;товари для риб;ставкова хімія;ставкова хімія;3;270257;ставкова хімія;8.00%
товари;зоотовари;товари для риб;стерилізатори для акваріума;стерилізатори для акваріума;3;270241;стерилізатори для акваріума;6.38%
товари;зоотовари;товари для домашніх тварин і птахів;одяг для домашніх тварин;сукні, брюки і костюми для тварин;4;270217;сукні, брюки і костюми для тварин;8.00%
товари;зоотовари;товари для домашніх тварин і птахів;товари для прогулянок і подорожей з тваринами;сумки і контейнери для перенесення домашніх тварин;4;181201;сумки і контейнери для перенесення домашніх тварин;8.00%
товари;зоотовари;товари для домашніх тварин і птахів;товари для прогулянок і подорожей з тваринами;тактична амуніція для тварин;4;270260;тактична амуніція для тварин;1.00%
товари;зоотовари;товари для рептилій і комах;тераріуми та приналежності до них;тераріуми;4;271607;тераріуми;7.90%
товари;зоотовари;товари для рептилій і комах;тераріуми та приналежності до них;тераріуми і приналежності до них, загальне;4;271608;тераріуми і приналежності до них, загальне;25.00%
товари;зоотовари;товари для домашніх тварин і птахів;товари для догляду за домашніми тваринами;товари для догляду за домашніми тваринами, загальне;4;270253;товари для догляду за домашніми тваринами, загальне;25.00%
товари;зоотовари;товари для рептилій і комах;товари для домашніх риб, рептилійта комах, загальне;товари для домашніх риб, рептилійта комах, загальне;3;271610;товари для домашніх риб, рептилійта комах, загальне;25.00%
товари;зоотовари;товари для домашніх тварин і птахів;товари для домашніх тварин і птахів, загальне;товари для домашніх тварин і птахів, загальне;3;270207;товари для домашніх тварин і птахів, загальне;25.00%
товари;зоотовари;товари для домашніх тварин і птахів;товари для комфорту домашніх тварин;товари для комфорт домашніх тварин, загальне;4;270255;товари для комфорт домашніх тварин, загальне;25.00%
товари;зоотовари;товари для домашніх тварин і птахів;товари для прогулянок і подорожей з тваринами;товари для прогулянок і подорожей з тваринами, загальне;4;270251;товари для прогулянок і подорожей з тваринами, загальне;25.00%
товари;зоотовари;товари для риб;товари для риб, загальне;товари для риб, загальне;3;270233;товари для риб, загальне;25.00%
товари;зоотовари;товари для домашніх тварин і птахів;товари для догляду за домашніми тваринами;туалетні лотки для тварин і аксесуари;4;270225;туалетні лотки для тварин і аксесуари;8.00%
товари;зоотовари;товари для риб;тумби та піддони під акваріум;тумби та піддони під акваріум;3;270247;тумби та піддони під акваріум;7.15%
товари;зоотовари;товари для риб;фільтри для акваріума;фільтри для акваріума;3;270235;фільтри для акваріума;8.00%
товари;інструменти;пневматичний інструмент;оснащення для пневматичного інструменту;аерографи;4;14200525;аерографи;14.73%
товари;інструменти;електроінструмент;акумуляторні викрутки;акумуляторні викрутки;3;141722;акумуляторні викрутки;11.53%
товари;інструменти;оснащення для інструменту;алмазна паста;алмазна паста;3;14200206;алмазна паста;14.77%
товари;інструменти;електроінструмент;багатофункціональні інструменти;багатофункціональні інструменти;3;141735;багатофункціональні інструменти;10.16%
товари;інструменти;ручний інструмент;ключі;балонні ключі;4;12110203;балонні ключі;15.34%
товари;інструменти;ручний інструмент;губцеві інструменти;бокорізи, кусачки;4;14200340;бокорізи, кусачки;13.65%
товари;інструменти;ручний інструмент;губцеві інструменти;болторези;4;14200345;болторези;13.65%
товари;інструменти;будівельний інструмент;будівельний інструмент, загальне;будівельний інструмент, загальне;3;14201699;будівельний інструмент, загальне;25.00%
товари;інструменти;будівельний інструмент;будівельний пневматичний інструмент;будівельний пневматичний інструмент, загальне;4;14201635;будівельний пневматичний інструмент, загальне;25.00%
товари;інструменти;будівельний інструмент;малярно-штукатурний інструмент;будівельні відра, ємкості;4;14201629;будівельні відра, ємкості;15.19%
товари;інструменти;ручний інструмент;будівельні ножі, ножиці;будівельні ножі, ножиці;3;14200306;будівельні ножі, ножиці;14.43%
товари;інструменти;ручний інструмент;будівельні олівці, маркери;будівельні олівці, маркери;3;14200374;будівельні олівці, маркери;8.93%
товари;інструменти;будівельний інструмент;будівельний вимірювальний інструмент;будівельні рівні;4;14201622;будівельні рівні;15.24%
товари;інструменти;електроінструмент;будівельні фени;будівельні фени;3;141706;будівельні фени;11.02%
товари;інструменти;металорізальний інструмент;вальцівки;вальцівки;3;14201015;вальцівки;7.66%
товари;інструменти;ручний інструмент;викрутки;викрутки;3;14200310;викрутки;15.29%
товари;інструменти;оснащення для інструменту;викруткові біти;викруткові біти;3;141702;викруткові біти;15.01%
товари;інструменти;будівельний інструмент;будівельний вимірювальний інструмент;вимірювальні лінійки, косинці;4;14201632;вимірювальні лінійки, косинці;15.11%
товари;інструменти;будівельний інструмент;будівельний вимірювальний інструмент;вимірювальні рулетки;4;14200604;вимірювальні рулетки;15.17%
товари;інструменти;оснащення для інструменту;відрізні, зачисні, шліфувальні, пильні круги;відрізні, зачисні, шліфувальні, пильні круги;3;14201509;відрізні, зачисні, шліфувальні, пильні круги;15.42%
товари;інструменти;ручний інструмент;воротки, тріскачки;воротки, тріскачки;3;14200334;воротки, тріскачки;14.92%
товари;інструменти;гідравлічний інструмент;гідравлічний інструмент, загальне;гідравлічний інструмент, загальне;3;14200999;гідравлічний інструмент, загальне;25.00%
товари;інструменти;гідравлічний інструмент;гідравлічні знімачі;гідравлічні знімачі;3;14200906;гідравлічні знімачі;13.55%
товари;інструменти;гідравлічний інструмент;гідравлічні розтяжки;гідравлічні розтяжки;3;14200907;гідравлічні розтяжки;10.63%
товари;інструменти;гідравлічний інструмент;гідравлічні ручні насоси;гідравлічні ручні насоси;3;14200908;гідравлічні ручні насоси;12.96%
товари;інструменти;гідравлічний інструмент;гідравлічні ручні преси;гідравлічні ручні преси;3;14200909;гідравлічні ручні преси;8.80%
товари;інструменти;дереворізальний інструмент;дереворізальний інструмент, загальне;дереворізальний інструмент, загальне;3;14201402;дереворізальний інструмент, загальне;25.00%
товари;інструменти;ручний інструмент;ключі;динамометричні ключі;4;14200330;динамометричні ключі;15.34%
товари;інструменти;електроінструмент;діамантове свердлильне обладнання та комплектуючі;діамантове свердлильне обладнання та комплектуючі;3;141701;діамантове свердлильне обладнання та комплектуючі;9.13%
товари;інструменти;електроінструмент;дрилі, шуруповерти;дрилі, шуруповерти;3;141711;дрилі, шуруповерти;11.18%
товари;інструменти;електроінструмент;електричні будівельні міксери;електричні будівельні міксери;3;141723;електричні будівельні міксери;11.38%
товари;інструменти;електроінструмент;електричні відбійні молотки;електричні відбійні молотки;3;141707;електричні відбійні молотки;8.65%
товари;інструменти;електроінструмент;електричні гайковерти;електричні гайковерти;3;141714;електричні гайковерти;10.27%
товари;інструменти;електроінструмент;електричні заклепники;електричні заклепники;3;141730;електричні заклепники;12.94%
товари;інструменти;електроінструмент;електричні степлери;електричні степлери;3;141721;електричні степлери;8.54%
товари;інструменти;електроінструмент;електричні фарбопульти;електричні фарбопульти;3;14201612;електричні фарбопульти;12.43%
товари;інструменти;електроінструмент;електроінструмент, загальне;електроінструмент, загальне;3;141799;електроінструмент, загальне;25.00%
товари;інструменти;електроінструмент;електролобзики;електролобзики;3;141713;електролобзики;10.79%
товари;інструменти;електроінструмент;електроножиці по металу;електроножиці по металу;3;141719;електроножиці по металу;14.24%
товари;інструменти;електроінструмент;електричні пили;електроножівки;4;141720;електроножівки;10.92%
товари;інструменти;електроінструмент;електрорубанки;електрорубанки;3;141709;електрорубанки;9.99%
товари;інструменти;запчастини для інструменту;запчастини для інструменту;запчастини для інструменту;2;142001;запчастини для інструменту;14.33%
товари;інструменти;ручний інструмент;губцеві інструменти;затискні кліщі;4;14200347;затискні кліщі;13.65%
товари;інструменти;оснащення для інструменту;зенкери;зенкери;3;14201501;зенкери;15.03%
товари;інструменти;ручний інструмент;ручні знімачі;знімачі автомобільних фільтрів;4;14200352;знімачі автомобільних фільтрів;14.60%
товари;інструменти;ручний інструмент;ручні знімачі;знімачі гальмівних колодок;4;14200386;знімачі гальмівних колодок;14.60%
товари;інструменти;ручний інструмент;ручні знімачі;знімачі ізоляції;4;14200355;знімачі ізоляції;14.54%
товари;інструменти;ручний інструмент;ручні знімачі;знімачі обшивки;4;14200380;знімачі обшивки;14.60%
товари;інструменти;ручний інструмент;ручні знімачі;знімачі підшипників;4;14200353;знімачі підшипників;14.60%
товари;інструменти;ручний інструмент;ручні знімачі;знімачі ручні, загальне;4;14200356;знімачі ручні, загальне;25.00%
товари;інструменти;ручний інструмент;ручні знімачі;знімачі стопорних кілець;4;14200354;знімачі стопорних кілець;14.60%
товари;інструменти;оснащення для інструменту;зубила, долото для перфоратора;зубила, долото для перфоратора;3;14201512;зубила, долото для перфоратора;13.55%
товари;інструменти;металорізальний інструмент;зуборізний верстатний інструмент;зуборізний верстатний інструмент;3;14201008;зуборізний верстатний інструмент;10.78%
товари;інструменти;ручний інструмент;губцеві інструменти;інструмент губцевий, загальне;4;14200349;інструмент губцевий, загальне;25.00%
товари;інструменти;інструмент, загальне;інструмент, загальне;інструмент, загальне;2;142099;інструмент, загальне;25.00%
товари;інструменти;будівельний інструмент;малярно-штукатурний інструмент;кельми, штукатурні ковші;4;14201604;кельми, штукатурні ковші;15.02%
товари;інструменти;електроінструмент;клейові електричні пістолети;клейові електричні пістолети;3;141726;клейові електричні пістолети;11.45%
товари;інструменти;оснащення для інструменту;клейові стрижні;клейові стрижні;3;14201523;клейові стрижні;11.67%
товари;інструменти;ручний інструмент;ключі;ключі для патрона;4;14200328;ключі для патрона;15.01%
товари;інструменти;ручний інструмент;ключі;ключі, загальне;4;14200333;ключі, загальне;25.00%
товари;інструменти;ручний інструмент;губцеві інструменти;ковальські, монтажні, столярні кліщі;4;14200395;ковальські, монтажні, столярні кліщі;13.65%
товари;інструменти;ручний інструмент;ключі;комбіновані ключі;4;14200311;комбіновані ключі;15.21%
товари;інструменти;будівельний інструмент;будівельний вимірювальний інструмент;лазерні нівеліри, рівні, сканери;4;190402;лазерні нівеліри, рівні, сканери;14.91%
товари;інструменти;оснащення для інструменту;ланцюги для пил;ланцюги для пил;3;14201505;ланцюги для пил;11.19%
товари;інструменти;оснащення для інструменту;леза для ножів;леза для ножів;3;14201510;леза для ножів;15.14%
товари;інструменти;ручний інструмент;лещата;лещата;3;14200315;лещата;13.55%
товари;інструменти;ручний інструмент;ломи, цвяходери;ломи, цвяходери;3;14201609;ломи, цвяходери;13.94%
товари;інструменти;будівельний інструмент;малярно-штукатурний інструмент;малярні ванночки;4;14201628;малярні ванночки;15.15%
товари;інструменти;будівельний інструмент;малярно-штукатурний інструмент;малярні стрічки, скотч;4;14201627;малярні стрічки, скотч;13.51%
товари;інструменти;будівельний інструмент;малярно-штукатурний інструмент;малярно-штукатурні валики;4;14201626;малярно-штукатурні валики;15.21%
товари;інструменти;будівельний інструмент;малярно-штукатурний інструмент;малярно-штукатурні інструмент, загальне;4;14201630;малярно-штукатурні інструмент, загальне;25.00%
товари;інструменти;будівельний інструмент;малярно-штукатурний інструмент;малярні пензлі;4;14201625;малярні пензлі;15.34%
товари;інструменти;металорізальний інструмент;металорізальний інструмент, загальне;металорізальний інструмент, загальне;3;14201001;металорізальний інструмент, загальне;25.00%
товари;інструменти;ручний інструмент;механічні дрилі;механічні дрилі;3;14200396;механічні дрилі;10.63%
товари;інструменти;ручний інструмент;ручні знімачі;механічні знімачі;4;14200351;механічні знімачі;14.60%
товари;інструменти;ручний інструмент;механічні степлери;механічні степлери;3;14200335;механічні степлери;13.65%
товари;інструменти;оснащення для інструменту;мітчики;мітчики;3;14201004;мітчики;11.40%
товари;інструменти;ручний інструмент;молотки, кувалди, киянки;молотки, кувалди, киянки;3;14200305;молотки, кувалди, киянки;13.55%
товари;інструменти;ручний інструмент;монтажні пінцети;монтажні пінцети;3;14200390;монтажні пінцети;8.93%
товари;інструменти;пневматичний інструмент;оснащення для пневматичного інструменту;монтажні пістолети;4;14200522;монтажні пістолети;14.31%
товари;інструменти;ручний інструмент;монтажні присоски;монтажні присоски;3;14200377;монтажні присоски;14.52%
товари;інструменти;ручний інструмент;ключі;мультиплікатори ключі;4;14200331;мультиплікатори ключі;15.34%
товари;інструменти;ручний інструмент;мультитули;мультитули;3;14200394;мультитули;15.09%
товари;інструменти;набори інструментів;набори інструментів;набори інструментів;2;142004;набори інструментів;15.17%
товари;інструменти;ручний інструмент;ключі;набори ключів;4;14200378;набори ключів;14.88%
товари;інструменти;ручний інструмент;навскісник;навскісник;3;14200371;навскісник;14.53%
товари;інструменти;ручний інструмент;ключі;накидні ключі;4;14200370;накидні ключі;15.08%
товари;інструменти;ручний інструмент;напилки та надфілі;напилки та надфілі;3;14200304;напилки та надфілі;13.55%
товари;інструменти;оснащення для інструменту;насадки для будівельного міксера;насадки для будівельного міксера;3;14201511;насадки для будівельного міксера;10.63%
товари;інструменти;оснащення для інструменту;ножі, ліски для тримерів і кущорізів;ножі, ліски для тримерів і кущорізів;3;14201522;ножі, ліски для тримерів і кущорізів;10.01%
товари;інструменти;оснащення для інструменту;ножувальні полотна;ножувальні полотна;3;14201502;ножувальні полотна;8.93%
товари;інструменти;оснащення для інструменту;оливи, мастила для інструменту;оливи, мастила для інструменту;3;14201516;оливи, мастила для інструменту;14.53%
товари;інструменти;оснащення для інструменту;оснащення для багатофункціональних шліфувальних машин;оснащення для багатофункціональних шліфувальних машин;3;14201514;оснащення для багатофункціональних шліфувальних машин;8.93%
товари;інструменти;оснащення для інструменту;оснащення для інструменту, загальне;оснащення для інструменту, загальне;3;14201504;оснащення для інструменту, загальне;25.00%
товари;інструменти;оснащення для інструменту;оснащення для плиткорізів;оснащення для плиткорізів;3;14201525;оснащення для плиткорізів;10.47%
товари;інструменти;ручний інструмент;губцеві інструменти;пасатижі, плоскогубці, тонкогубці;4;14200341;пасатижі, плоскогубці, тонкогубці;13.65%
товари;інструменти;електроінструмент;паяльники;паяльники;3;14400803;паяльники;14.73%
товари;інструменти;електроінструмент;перфоратори;перфоратори;3;141725;перфоратори;10.83%
товари;інструменти;оснащення для інструменту;пилки для лобзиків;пилки для лобзиків;3;14201506;пилки для лобзиків;14.58%
товари;інструменти;будівельний інструмент;пістолети для в'язки арматури;пістолети для в'язки арматури;3;14201623;пістолети для в'язки арматури;10.50%
товари;інструменти;пневматичний інструмент;пневматичний інструмент, загальне;пневматичний інструмент, загальне;3;14200599;пневматичний інструмент, загальне;25.00%
товари;інструменти;пневматичний інструмент;пневматичні гайкокрути;пневматичні гайкокрути;3;14200511;пневматичні гайкокрути;10.38%
товари;інструменти;пневматичний інструмент;пневматичні заклепники;пневматичні заклепники;3;14200508;пневматичні заклепники;10.78%
товари;інструменти;пневматичний інструмент;пневматичні зубила;пневматичні зубила;3;14200505;пневматичні зубила;8.80%
товари;інструменти;пневматичний інструмент;пневматичні ножиці по металу;пневматичні ножиці по металу;3;14200514;пневматичні ножиці по металу;16.32%
товари;інструменти;пневматичний інструмент;пневматичні пили;пневматичні пили;3;14200523;пневматичні пили;9.09%
товари;інструменти;пневматичний інструмент;оснащення для пневматичного інструменту;пневматичні піскоструминні пістолети;4;14200517;пневматичні піскоструминні пістолети;12.61%
товари;інструменти;пневматичний інструмент;оснащення для пневматичного інструменту;пневматичні пістолети підкачки шин;4;14200516;пневматичні пістолети підкачки шин;14.73%
товари;інструменти;пневматичний інструмент;оснащення для пневматичного інструменту;пневматичні продувальні пістолети;4;14200518;пневматичні продувальні пістолети;12.61%
товари;інструменти;пневматичний інструмент;оснащення для пневматичного інструменту;пневматичні розпилювальні пістолети;4;14200524;пневматичні розпилювальні пістолети;12.61%
товари;інструменти;пневматичний інструмент;пневматичні степлери;пневматичні степлери;3;14200512;пневматичні степлери;9.40%
товари;інструменти;пневматичний інструмент;оснащення для пневматичного інструменту;пневматичні фарбопульти;4;14200504;пневматичні фарбопульти;13.20%
товари;інструменти;пневматичний інструмент;оснащення для пневматичного інструменту;пневматичні шприци для змащення;4;14200519;пневматичні шприци для змащення;14.73%
товари;інструменти;пневматичний інструмент;оснащення для пневматичного інструменту;пневматичні штукатурні розпилювачі;4;14200503;пневматичні штукатурні розпилювачі;12.19%
товари;інструменти;пневматичний інструмент;пневматичні шурупокрути;пневматичні шурупокрути;3;14200510;пневматичні шурупокрути;10.18%
товари;інструменти;будівельний інструмент;будівельний пневматичний інструмент;пневмошліфмашіни;4;14200502;пневмошліфмашіни;10.47%
товари;інструменти;пневматичний інструмент;побутові повітряні компресори;побутові повітряні компресори;3;14200506;побутові повітряні компресори;9.90%
товари;інструменти;оснащення для інструменту;полірувальні круги, насадки;полірувальні круги, насадки;3;14201518;полірувальні круги, насадки;14.94%
товари;інструменти;електроінструмент;пристосування для інструментів;пристосування для інструментів;3;141734;пристосування для інструментів;11.62%
товари;інструменти;ручний інструмент;пробійники, зубила, борідки;пробійники, зубила, борідки;3;14200363;пробійники, зубила, борідки;15.34%
товари;інструменти;ручний інструмент;ракелі;ракелі;3;14200389;ракелі;14.92%
товари;інструменти;ручний інструмент;револьверні дироколи;револьверні дироколи;3;14200388;револьверні дироколи;14.92%
товари;інструменти;ручний інструмент;ключі;ріжкові ключі;4;14200325;ріжкові ключі;15.21%
товари;інструменти;ручний інструмент;ключі;розвідні ключі;4;14200327;розвідні ключі;15.21%
товари;інструменти;ручний інструмент;розмічальний інструмент;розмічальний інструмент;3;14200384;розмічальний інструмент;13.55%
товари;інструменти;ручний інструмент;ключі;розрізні ключі;4;14200379;розрізні ключі;15.21%
товари;інструменти;ручний інструмент;ручний інструмент, загальне;ручний інструмент, загальне;3;14200399;ручний інструмент, загальне;25.00%
товари;інструменти;електроінструмент;електричні пили;ручні дискові пили;4;14172701;ручні дискові пили;10.53%
товари;інструменти;ручний інструмент;ручні заклепники;ручні заклепники;3;14200336;ручні заклепники;13.55%
товари;інструменти;оснащення для інструменту;ручні клупи, плашки;ручні клупи, плашки;3;14201503;ручні клупи, плашки;15.17%
товари;інструменти;ручний інструмент;ручні лобзики;ручні лобзики;3;14200392;ручні лобзики;10.01%
товари;інструменти;ручний інструмент;ручні механічні трубогиби;ручні механічні трубогиби;3;14200381;ручні механічні трубогиби;10.35%
товари;інструменти;будівельний інструмент;малярно-штукатурний інструмент;ручні механічні фарбопульти;4;14201640;ручні механічні фарбопульти;13.42%
товари;інструменти;металорізальний інструмент;ручні ножиці по металу;ручні ножиці по металу;3;14201002;ручні ножиці по металу;11.45%
товари;інструменти;ручний інструмент;ручні обтискні інструменти;ручні обтискні інструменти;3;14200358;ручні обтискні інструменти;14.34%
товари;інструменти;дереворізальний інструмент;ручні пили, ножівки;ручні пили, ножівки;3;14200308;ручні пили, ножівки;15.43%
товари;інструменти;будівельний інструмент;ручні плиткорізи;ручні плиткорізи;3;14201636;ручні плиткорізи;8.93%
товари;інструменти;ручний інструмент;ручні преси;ручні преси;3;14200317;ручні преси;9.40%
товари;інструменти;ручний інструмент;ручні різці, стамески;ручні різці, стамески;3;14200303;ручні різці, стамески;14.98%
товари;інструменти;дереворізальний інструмент;ручні рубанки;ручні рубанки;3;14200337;ручні рубанки;13.55%
товари;інструменти;електроінструмент;електричні пили;ручні торцювальні пили;4;14172702;ручні торцювальні пили;8.64%
товари;інструменти;ручний інструмент;ручні трубні розширювачі;ручні трубні розширювачі;3;14200382;ручні трубні розширювачі;15.10%
товари;інструменти;ручний інструмент;ручні труборізи, ножиці для труб;ручні труборізи, ножиці для труб;3;142612;ручні труборізи, ножиці для труб;13.55%
товари;інструменти;оснащення для інструменту;свердла, бури;свердла, бури;3;14201607;свердла, бури;15.29%
товари;інструменти;оснащення для інструменту;свердлильні коронки, кільцеві пилки;свердлильні коронки, кільцеві пилки;3;14201508;свердлильні коронки, кільцеві пилки;13.55%
товари;інструменти;ручний інструмент;секторні ножиці, тросорізи;секторні ножиці, тросорізи;3;14200372;секторні ножиці, тросорізи;15.31%
товари;інструменти;ручний інструмент;ключі;серпоподібні ключі;4;14200387;серпоподібні ключі;15.27%
товари;інструменти;будівельний інструмент;склорізи;склорізи;3;14201603;склорізи;10.63%
товари;інструменти;ручний інструмент;сокири;сокири;3;14200301;сокири;10.80%
товари;інструменти;оснащення для інструменту;строгальні ножі;строгальні ножі;3;14201401;строгальні ножі;15.08%
товари;інструменти;ручний інструмент;струбцини і затискачі;струбцини і затискачі;3;14200316;струбцини і затискачі;14.43%
товари;інструменти;металорізальний інструмент;твердосплавні інструменти;твердосплавні інструменти;3;14201005;твердосплавні інструменти;15.60%
товари;інструменти;оснащення для інструменту;технічні щітки, корщітки;технічні щітки, корщітки;3;420410;технічні щітки, корщітки;15.10%
товари;інструменти;ручний інструмент;ключі;торцеві головки;4;14200332;торцеві головки;15.14%
товари;інструменти;ручний інструмент;ключі;торцеві ключі;4;14200324;торцеві ключі;15.14%
товари;інструменти;ручний інструмент;торцювателі для труб;торцювателі для труб;3;14200391;торцювателі для труб;10.80%
товари;інструменти;ручний інструмент;губцеві інструменти;трубні кліщі;4;14200348;трубні кліщі;13.65%
товари;інструменти;ручний інструмент;ключі;трубні ключі;4;14200326;трубні ключі;15.14%
товари;інструменти;електроінструмент;фрезерні машини;фрезерні машини;3;141703;фрезерні машини;10.05%
товари;інструменти;оснащення для інструменту;фрези;фрези;3;14201519;фрези;15.35%
товари;інструменти;ручний інструмент;цикли;цикли;3;14200375;цикли;15.14%
товари;інструменти;ручний інструмент;ключі;шестигранні ключі;4;14200329;шестигранні ключі;15.27%
товари;інструменти;ручний інструмент;шило;шило;3;14200383;шило;15.35%
товари;інструменти;електроінструмент;шліфувальні машини;шліфувальні машини;3;141717;шліфувальні машини;11.12%
товари;інструменти;оснащення для інструменту;шліфувальні сегменти, бруски;шліфувальні сегменти, бруски;3;420404;шліфувальні сегменти, бруски;15.10%
товари;інструменти;будівельний інструмент;малярно-штукатурний інструмент;шліфувальні терки, гладилки;4;14201637;шліфувальні терки, гладилки;15.02%
товари;інструменти;оснащення для інструменту;шліфувальні шарошки, чашки;шліфувальні шарошки, чашки;3;420408;шліфувальні шарошки, чашки;11.86%
товари;інструменти;оснащення для інструменту;шліфувальні шкірки, стрічки;шліфувальні шкірки, стрічки;3;420407;шліфувальні шкірки, стрічки;14.17%
товари;інструменти;оснащення для інструменту;шнеки для бурів, снігоприбирачів;шнеки для бурів, снігоприбирачів;3;14201521;шнеки для бурів, снігоприбирачів;7.70%
товари;інструменти;будівельний інструмент;малярно-штукатурний інструмент;шпателі;4;14201605;шпателі;15.08%
товари;інструменти;будівельний інструмент;будівельний вимірювальний інструмент;штангенінструмент;4;14200605;штангенінструмент;14.65%
товари;інструменти;електроінструмент;штроборізи;штроборізи;3;141718;штроборізи;9.98%
товари;інструменти;будівельний інструмент;малярно-штукатурний інструмент;штукатурне правило;4;14201638;штукатурне правило;14.98%
товари;інструменти;ручний інструмент;губцеві інструменти;щипці;4;14200346;щипці;13.65%
товари;інструменти;ящики, сумки для інструментів;ящики, сумки для інструментів;ящики, сумки для інструментів;2;142007;ящики, сумки для інструментів;14.95%
товари;інтимні товари;інтимні іграшки;анальні пробки;анальні пробки;3;161014;анальні пробки;18.88%
товари;інтимні товари;бдсм-іграшки;бдсм-іграшки;бдсм-іграшки;2;161007;бдсм-іграшки;18.61%
товари;інтимні товари;інтимне здоров'я;вагінальні кульки;вагінальні кульки;3;16102103;вагінальні кульки;18.88%
товари;інтимні товари;інтимні іграшки;вакуумні помпи;вакуумні помпи;3;161017;вакуумні помпи;18.88%
товари;інтимні товари;інтимні іграшки;вакуумні стимулятори;вакуумні стимулятори;3;161018;вакуумні стимулятори;18.88%
товари;інтимні товари;інтимні іграшки;вібратори;вібратори;3;161011;вібратори;18.88%
товари;інтимні товари;інтимне здоров'я;екстендери ;екстендери ;3;16102105;екстендери ;18.88%
товари;інтимні товари;еротичний одяг;еротичний одяг, загальне;еротичний одяг, загальне;3;16100404;еротичний одяг, загальне;25.00%
товари;інтимні товари;еротичні подарунки;еротичні подарунки;еротичні подарунки;2;1767;еротичні подарунки;16.82%
товари;інтимні товари;еротичний одяг;жіноча еротична білизна і одяг;жіноча еротична білизна і одяг;3;16100403;жіноча еротична білизна і одяг;18.61%
товари;інтимні товари;інтимна косметика та догляд;засоби для догляду за інтимними іграшками;засоби для догляду за інтимними іграшками;3;161008;засоби для догляду за інтимними іграшками;17.67%
товари;інтимні товари;інтимна косметика та догляд;збуджуючі засоби;збуджуючі засоби;3;161002;збуджуючі засоби;18.88%
товари;інтимні товари;інтимна косметика та догляд;інтимна косметика та догляд, загальне;інтимна косметика та догляд, загальне;3;16102201;інтимна косметика та догляд, загальне;25.00%
товари;інтимні товари;інтимне здоров'я;інтимне здоров'я, загальне;інтимне здоров'я, загальне;3;16102101;інтимне здоров'я, загальне;25.00%
товари;інтимні товари;інтимні іграшки;інтимні іграшки, загальне;інтимні іграшки, загальне;3;16102301;інтимні іграшки, загальне;25.00%
товари;інтимні товари;інтимні товари, загальне;інтимні товари, загальне;інтимні товари, загальне;2;161005;інтимні товари, загальне;25.00%
товари;інтимні товари;інтимна косметика та догляд;лубриканти ;лубриканти ;3;161003;лубриканти ;18.88%
товари;інтимні товари;інтимне здоров'я;масажери простати;масажери простати;3;16102104;масажери простати;18.88%
товари;інтимні товари;інтимні іграшки;мастурбатори;мастурбатори;3;161013;мастурбатори;18.88%
товари;інтимні товари;меблі для сексу;меблі для сексу;меблі для сексу;2;161019;меблі для сексу;18.88%
товари;інтимні товари;інтимні іграшки;насадки на член та ерекційні кільця;насадки на член та ерекційні кільця;3;161016;насадки на член та ерекційні кільця;18.88%
товари;інтимні товари;презервативи;презервативи;презервативи;2;16131201;презервативи;15.42%
товари;інтимні товари;інтимні іграшки;секс-ляльки;секс-ляльки;3;161015;секс-ляльки;18.88%
товари;інтимні товари;секс-машини;секс-машини;секс-машини;2;161020;секс-машини;18.88%
товари;інтимні товари;інтимні іграшки;страпони;страпони;3;161012;страпони;18.88%
товари;інтимні товари;інтимне здоров'я;тренажери кегеля;тренажери кегеля;3;16102102;тренажери кегеля;18.88%
товари;інтимні товари;інтимні іграшки;фалоімітатори;фалоімітатори;3;161010;фалоімітатори;18.88%
товари;інтимні товари;еротичний одяг;чоловіча еротична білизна і одяг;чоловіча еротична білизна і одяг;3;16100402;чоловіча еротична білизна і одяг;18.61%
товари;канцтовари;письмове приладдя;аксесуари для ручок і олівців;аксесуари для ручок і олівців;3;21110709;аксесуари для ручок і олівців;14.85%
товари;канцтовари;все для діловодства;бейджі і аксесуари до них;бейджі і аксесуари до них;3;211112;бейджі і аксесуари до них;13.94%
товари;канцтовари;все для діловодства;бланки документів;бланки документів;3;211301;бланки документів;13.55%
товари;канцтовари;витратні матеріали для офісу;витратні матеріали для офісу, загальне;витратні матеріали для офісу, загальне;3;211302;витратні матеріали для офісу, загальне;25.00%
товари;канцтовари;все для діловодства;все для діловодства, загальне;все для діловодства, загальне;3;211199;все для діловодства, загальне;25.00%
товари;канцтовари;письмове приладдя;гумки;гумки;3;211201;гумки;15.29%
товари;канцтовари;витратні матеріали для офісу;гумки для грошей;гумки для грошей;3;211124;гумки для грошей;13.55%
товари;канцтовари;все для діловодства;датери;датери;3;143201;датери;14.55%
товари;канцтовари;витратні матеріали для офісу;діркопробивачі;діркопробивачі;3;211127;діркопробивачі;14.68%
товари;канцтовари;все для діловодства;диспенсери для скріпок і скотча;диспенсери для скріпок і скотча;3;211131;диспенсери для скріпок і скотча;8.93%
товари;канцтовари;шкільне приладдя;закладки для книг, наліпки;закладки для книг, наліпки;3;211119;закладки для книг, наліпки;16.84%
товари;канцтовари;шкільне приладдя;зошити і щоденники;зошити і щоденники;3;211118;зошити і щоденники;14.96%
товари;канцтовари;все для діловодства;канцелярське покриття на стіл;канцелярське покриття на стіл;3;211132;канцелярське покриття на стіл;15.08%
товари;канцтовари;витратні матеріали для офісу;канцелярський і пакувальний скотч ;канцелярський і пакувальний скотч ;3;211108;канцелярський і пакувальний скотч ;15.21%
товари;канцтовари;витратні матеріали для офісу;канцелярський клей ;канцелярський клей ;3;211121;канцелярський клей ;15.37%
товари;канцтовари;все для діловодства;канцелярські лотки ;канцелярські лотки ;3;211114;канцелярські лотки ;14.34%
товари;канцтовари;витратні матеріали для офісу;канцелярські ножі і ножиці ;канцелярські ножі і ножиці ;3;211116;канцелярські ножі і ножиці ;13.94%
товари;канцтовари;письмове приладдя;канцелярські ручки ;канцелярські ручки ;3;211129;канцелярські ручки ;15.24%
товари;канцтовари;витратні матеріали для офісу;канцелярські скріпки/кнопки ;канцелярські скріпки/кнопки ;3;211101;канцелярські скріпки/кнопки ;15.47%
товари;канцтовари;витратні матеріали для офісу;канцелярські степлери ;канцелярські степлери ;3;211126;канцелярські степлери ;14.53%
товари;канцтовари;канцтовари, загальне;канцтовари, загальне;канцтовари, загальне;2;9201;канцтовари, загальне;25.00%
товари;канцтовари;папір та паперові вироби;конверти ;конверти ;3;211103;конверти ;14.53%
товари;канцтовари;письмове приладдя;коректори;коректори;3;211109;коректори;15.16%
товари;канцтовари;шкільне приладдя;лінійки і кутники;лінійки і кутники;3;21111113;лінійки і кутники;15.14%
товари;канцтовари;письмове приладдя;маркери, фломастери;маркери, фломастери;3;21110705;маркери, фломастери;15.23%
товари;канцтовари;все для діловодства;набори канцтоварів;набори канцтоварів;3;21110711;набори канцтоварів;14.17%
товари;канцтовари;шкільне приладдя;набори першокласника;набори першокласника;3;15011908;набори першокласника;15.29%
товари;канцтовари;шкільне приладдя;нотні зошити;нотні зошити;3;15011906;нотні зошити;8.93%
товари;канцтовари;шкільне приладдя;обкладинки для книжок, зошитів;обкладинки для книжок, зошитів;3;15011907;обкладинки для книжок, зошитів;14.75%
товари;канцтовари;письмове приладдя;олівці;олівці;3;21110708;олівці;15.16%
товари;канцтовари;папір та паперові вироби;органайзери, щоденники, блокноти;органайзери, щоденники, блокноти;3;211105;органайзери, щоденники, блокноти;15.27%
товари;канцтовари;папір та паперові вироби;офісний та поліграфічний папір;офісний та поліграфічний папір;3;2112;офісний та поліграфічний папір;15.30%
товари;канцтовари;папір та паперові вироби;паперові вироби для офісу, загальне;паперові вироби для офісу, загальне;3;212201;паперові вироби для офісу, загальне;25.00%
товари;канцтовари;письмове приладдя;письмове приладдя, загальне;письмове приладдя, загальне;3;212101;письмове приладдя, загальне;25.00%
товари;канцтовари;письмове приладдя;підставки для канцелярського приладдя;підставки для канцелярського приладдя;3;212102;підставки для канцелярського приладдя;14.94%
товари;канцтовари;шкільне приладдя;підставки для книг;підставки для книг;3;15011901;підставки для книг;14.59%
товари;канцтовари;витратні матеріали для офісу;скоби для канцелярських степлерів;скоби для канцелярських степлерів;3;211122;скоби для канцелярських степлерів;13.24%
товари;канцтовари;папір та паперові вироби;стікери;стікери;3;211104;стікери;15.57%
товари;канцтовари;все для діловодства;тубуси для паперу і креслень;тубуси для паперу і креслень;3;211137;тубуси для паперу і креслень;15.27%
товари;канцтовари;все для діловодства;файли і папки;файли і папки;3;211110;файли і папки;14.73%
товари;канцтовари;шкільне приладдя;циркулі, готовальні;циркулі, готовальні;3;21111104;циркулі, готовальні;14.34%
товари;канцтовари;шкільне приладдя;шкільне приладдя, загальне;шкільне приладдя, загальне;3;920201;шкільне приладдя, загальне;25.00%
товари;канцтовари;шкільне приладдя;шкільні папки;шкільні папки;3;15011910;шкільні папки;14.54%
товари;канцтовари;шкільне приладдя;шкільні пенали ;шкільні пенали ;3;211113;шкільні пенали ;15.17%
товари;канцтовари;все для діловодства;штемпельна продукція;штемпельна продукція;3;211304;штемпельна продукція;14.43%
товари;контрольно-вимірювальні прилади;радіовимірювальні прилади;аксесуари та комплектуючі для радіовимірюючих пристроїв;аксесуари та комплектуючі для радіовимірюючих пристроїв;3;50501;аксесуари та комплектуючі для радіовимірюючих пристроїв;8.58%
товари;контрольно-вимірювальні прилади;електровимірювальні прилади;амперметри;амперметри;3;15370302;амперметри;8.93%
товари;контрольно-вимірювальні прилади;лабораторне, випробувальне обладнання;аналізатори;аналізатори грунту;4;15370116;аналізатори грунту;14.17%
товари;контрольно-вимірювальні прилади;радіовимірювальні прилади;аналізатори спектру, шуму;аналізатори спектру, шуму;3;50504;аналізатори спектру, шуму;7.70%
товари;контрольно-вимірювальні прилади;датчики;анемометри;анемометри;3;153720;анемометри;11.06%
товари;контрольно-вимірювальні прилади;лабораторне, випробувальне обладнання;аналізатори;ареометри;4;15370103;ареометри;11.16%
товари;контрольно-вимірювальні прилади;радіовимірювальні прилади;атенюатори та прилади для вимірювання ослаблення;атенюатори та прилади для вимірювання ослаблення;3;15370313;атенюатори та прилади для вимірювання ослаблення;7.70%
товари;контрольно-вимірювальні прилади;вагове обладнання;ваги медичні, ростоміри;ваги медичні, ростоміри;3;15371117;ваги медичні, ростоміри;12.94%
товари;контрольно-вимірювальні прилади;вагове обладнання;ваги рахункові;ваги рахункові;3;15371102;ваги рахункові;14.32%
товари;контрольно-вимірювальні прилади;вагове обладнання;ваги торгові;ваги торгові;3;15371107;ваги торгові;12.96%
товари;контрольно-вимірювальні прилади;вагове обладнання;ваги ювелірні;ваги ювелірні;3;15371103;ваги ювелірні;16.17%
товари;контрольно-вимірювальні прилади;вагове обладнання;ваги, загальне;ваги, загальне;3;15371109;ваги, загальне;25.00%
товари;контрольно-вимірювальні прилади;радіовимірювальні прилади;ватметри;ватметри;3;15370308;ватметри;10.78%
товари;контрольно-вимірювальні прилади;вимірювальний і калібрувальний інструмент;вимірювальний інструмент, загальне;вимірювальний інструмент, загальне;3;14200699;вимірювальний інструмент, загальне;25.00%
товари;контрольно-вимірювальні прилади;вимірювальні прилади, загальне;вимірювальні прилади, загальне;вимірювальні прилади, загальне;2;153712;вимірювальні прилади, загальне;25.00%
товари;контрольно-вимірювальні прилади;лабораторне, випробувальне обладнання;аналізатори;вимірювачі ph;4;15370106;вимірювачі ph;14.17%
товари;контрольно-вимірювальні прилади;радіовимірювальні прилади;вимірювачі імітансу;вимірювачі імітансу;3;15370315;вимірювачі імітансу;6.60%
товари;контрольно-вимірювальні прилади;вимірювачі фізичних параметрів;вимірювачі фізичних параметрів, загальне;вимірювачі фізичних параметрів, загальне;3;15370699;вимірювачі фізичних параметрів, загальне;25.00%
товари;контрольно-вимірювальні прилади;витратоміри, лічильники;витратоміри рідин;витратоміри рідин;3;15370401;витратоміри рідин;12.51%
товари;контрольно-вимірювальні прилади;витратоміри, лічильники;витратоміри, загальне;витратоміри, загальне;3;15370499;витратоміри, загальне;25.00%
товари;контрольно-вимірювальні прилади;лабораторне, випробувальне обладнання;аналізатори;вологоміри;4;15370105;вологоміри;14.51%
товари;контрольно-вимірювальні прилади;електровимірювальні прилади;вольтметри;вольтметри;3;15370310;вольтметри;13.75%
товари;контрольно-вимірювальні прилади;лабораторне, випробувальне обладнання;аналізатори;газоаналізатори;4;15370104;газоаналізатори;14.28%
товари;контрольно-вимірювальні прилади;радіовимірювальні прилади;генератори імпульсів;генератори імпульсів;3;14190202;генератори імпульсів;10.78%
товари;контрольно-вимірювальні прилади;радіовимірювальні прилади;генератори сигналів;генератори сигналів;3;50503;генератори сигналів;7.66%
товари;контрольно-вимірювальні прилади;геодезичне обладнання;геодезичні вимірювальні рулетки;геодезичні вимірювальні рулетки;3;13040908;геодезичні вимірювальні рулетки;8.93%
товари;контрольно-вимірювальні прилади;вагове обладнання;комплектуючі для ваг;гирі еталонні;4;15371113;гирі еталонні;8.93%
товари;контрольно-вимірювальні прилади;датчики;гігростати;гігростати;3;153721;гігростати;9.70%
товари;контрольно-вимірювальні прилади;вимірювальний і калібрувальний інструмент;гідрорівні;гідрорівні;3;14200607;гідрорівні;10.63%
товари;контрольно-вимірювальні прилади;вимірювачі фізичних параметрів;густиноміри;густиноміри;3;15370627;густиноміри;7.39%
товари;контрольно-вимірювальні прилади;датчики;датчики безконтактні;датчики безконтактні;3;14200610;датчики безконтактні;14.17%
товари;контрольно-вимірювальні прилади;витратоміри, лічильники;датчики витрати;датчики витрати;3;15370402;датчики витрати;10.63%
товари;контрольно-вимірювальні прилади;датчики;датчики вологості і температури;датчики вологості і температури;3;14200612;датчики вологості і температури;8.93%
товари;контрольно-вимірювальні прилади;датчики;датчики руху;датчики руху;3;1420060202;датчики руху;15.12%
товари;контрольно-вимірювальні прилади;прилади вимірювання, регулювання температури;датчики температури;датчики температури;3;153718;датчики температури;10.01%
товари;контрольно-вимірювальні прилади;прилади для вимірювання тиску;датчики тиску;датчики тиску;3;15370804;датчики тиску;7.66%
товари;контрольно-вимірювальні прилади;датчики;датчики якості повітря;датчики якості повітря;3;153719;датчики якості повітря;11.86%
товари;контрольно-вимірювальні прилади;датчики;датчики, загальне;датчики, загальне;3;1420060201;датчики, загальне;25.00%
товари;контрольно-вимірювальні прилади;радіовимірювальні прилади;детектори прихованої проводки;детектори прихованої проводки;3;15370320;детектори прихованої проводки;14.17%
товари;контрольно-вимірювальні прилади;вагове обладнання;дорожні ваги;дорожні ваги;3;15371122;дорожні ваги;12.96%
товари;контрольно-вимірювальні прилади;електровимірювальні прилади;електровимірювальні прилади, загальне;електровимірювальні прилади, загальне;3;15370399;електровимірювальні прилади, загальне;25.00%
товари;контрольно-вимірювальні прилади;оптичні прилади і системи;збільшувальне скло;збільшувальне скло;3;190405;збільшувальне скло;15.50%
товари;контрольно-вимірювальні прилади;вимірювальний і калібрувальний інструмент;калібри;калібри;3;14200609;калібри;8.32%
товари;контрольно-вимірювальні прилади;прилади вимірювання, регулювання температури;кімнатні та віконні термометри;кімнатні та віконні термометри;3;153722;кімнатні та віконні термометри;9.96%
товари;контрольно-вимірювальні прилади;комплектуючі вимірювальних приладів;комплектуючі вимірювальних приладів;комплектуючі вимірювальних приладів;2;153713;комплектуючі вимірювальних приладів;7.66%
товари;контрольно-вимірювальні прилади;вагове обладнання;комплектуючі для ваг;комплектуючі для ваг, загальне;4;15371116;комплектуючі для ваг, загальне;25.00%
товари;контрольно-вимірювальні прилади;оптичні прилади і системи;комплектуючі для оптичних приладів;комплектуючі для оптичних приладів;3;190407;комплектуючі для оптичних приладів;15.13%
товари;контрольно-вимірювальні прилади;електровимірювальні прилади;комплектуючі до електровимірювальних приладів;комплектуючі до електровимірювальних приладів;3;15370321;комплектуючі до електровимірювальних приладів;14.38%
товари;контрольно-вимірювальні прилади;лабораторне, випробувальне обладнання;аналізатори;концентратоміри, дозиметри;4;15370102;концентратоміри, дозиметри;14.17%
товари;контрольно-вимірювальні прилади;геодезичне обладнання;курвіметри;курвіметри;3;13040907;курвіметри;13.40%
товари;контрольно-вимірювальні прилади;прилади лінійно-кутових вимірювань;кутоміри;кутоміри;3;15370711;кутоміри;15.39%
товари;контрольно-вимірювальні прилади;оптичні прилади і системи;лазерні далекоміри;лазерні далекоміри;3;190403;лазерні далекоміри;14.97%
товари;контрольно-вимірювальні прилади;оптичні прилади і системи;лінзи;лінзи;3;190404;лінзи;8.93%
товари;контрольно-вимірювальні прилади;витратоміри, лічильники;лічильники електроенергії;лічильники електроенергії;3;15370304;лічильники електроенергії;14.88%
товари;контрольно-вимірювальні прилади;вимірювачі фізичних параметрів;люксметри;люксметри;3;12110609;люксметри;13.94%
товари;контрольно-вимірювальні прилади;прилади для вимірювання тиску;манометри;манометри;3;15370801;манометри;7.66%
товари;контрольно-вимірювальні прилади;радіовимірювальні прилади;металошукачі, металодетектори;металошукачі, металодетектори;3;50505;металошукачі, металодетектори;15.47%
товари;контрольно-вимірювальні прилади;прилади лінійно-кутових вимірювань;мікрометри;мікрометри;3;14200603;мікрометри;13.86%
товари;контрольно-вимірювальні прилади;оптичні прилади і системи;мікроскопи;мікроскопи;3;1912;мікроскопи;15.07%
товари;контрольно-вимірювальні прилади;електровимірювальні прилади;мультиметри;мультиметри;3;15370306;мультиметри;15.51%
товари;контрольно-вимірювальні прилади;оптичні прилади і системи;оптичні нівеліри;оптичні нівеліри;3;153705;оптичні нівеліри;14.94%
товари;контрольно-вимірювальні прилади;оптичні прилади і системи;оптичні прилади і елементи, загальне;оптичні прилади і елементи, загальне;3;15370799;оптичні прилади і елементи, загальне;25.00%
товари;контрольно-вимірювальні прилади;радіовимірювальні прилади;осцилографи;осцилографи;3;50502;осцилографи;7.70%
товари;контрольно-вимірювальні прилади;електровимірювальні прилади;покажчики та індикатори напруги;покажчики та індикатори напруги;3;14200608;покажчики та індикатори напруги;8.93%
товари;контрольно-вимірювальні прилади;прилади вимірювання, регулювання температури;прилади вимірювання, регулювання температури, загальне;прилади вимірювання, регулювання температури, загальне;3;15373001;прилади вимірювання, регулювання температури, загальне;25.00%
товари;контрольно-вимірювальні прилади;електровимірювальні прилади;прилади контролю якості електроенергії;прилади контролю якості електроенергії;3;15370111;прилади контролю якості електроенергії;13.55%
товари;контрольно-вимірювальні прилади;прилади неруйнівного контролю;прилади візуально-оптичного контролю;прилади візуально-оптичного контролю;3;15370614;прилади візуально-оптичного контролю;11.48%
товари;контрольно-вимірювальні прилади;радіовимірювальні прилади;радіовимірювальні прилади, загальне;радіовимірювальні прилади, загальне;3;50599;радіовимірювальні прилади, загальне;25.00%
товари;контрольно-вимірювальні прилади;витратоміри, лічильники;регулятори витрати;регулятори витрати;3;13100638;регулятори витрати;8.93%
товари;контрольно-вимірювальні прилади;оптичні прилади і системи;рефлектометри;рефлектометри;3;15370710;рефлектометри;12.96%
товари;контрольно-вимірювальні прилади;прилади вимірювання часу;секундоміри;секундоміри;3;153717;секундоміри;15.94%
товари;контрольно-вимірювальні прилади;вимірювачі фізичних параметрів;силоміри, динамометри;силоміри, динамометри;3;15370601;силоміри, динамометри;12.32%
товари;контрольно-вимірювальні прилади;прилади вимірювання часу;таймери;таймери;3;620;таймери;14.17%
товари;контрольно-вимірювальні прилади;витратоміри, лічильники;тахометри, спідометри;тахометри, спідометри;3;15370604;тахометри, спідометри;6.90%
товари;контрольно-вимірювальні прилади;оптичні прилади і системи;телескопи;телескопи;3;190410;телескопи;14.47%
товари;контрольно-вимірювальні прилади;прилади вимірювання, регулювання температури;термометри, пірометри, тепловізори;термометри, пірометри, тепловізори;3;153709;термометри, пірометри, тепловізори;14.69%
товари;контрольно-вимірювальні прилади;електровимірювальні прилади;тестери для акумуляторів;тестери для акумуляторів;3;52802;тестери для акумуляторів;14.29%
товари;контрольно-вимірювальні прилади;оптичні прилади і системи;технічні ендоскопи, відеоскопи;технічні ендоскопи, відеоскопи;3;190408;технічні ендоскопи, відеоскопи;12.96%
товари;контрольно-вимірювальні прилади;лабораторне, випробувальне обладнання;аналізатори;течошукачі;4;15370110;течошукачі;11.11%
товари;контрольно-вимірювальні прилади;вимірювачі фізичних параметрів;товщиноміри;товщиноміри;3;15370605;товщиноміри;13.71%
товари;контрольно-вимірювальні прилади;електровимірювальні прилади;фазометри;фазометри;3;15370312;фазометри;14.24%
товари;контрольно-вимірювальні прилади;вимірювачі фізичних параметрів;центрователі;центрователі;3;15370618;центрователі;12.14%
товари;контрольно-вимірювальні прилади;електровимірювальні прилади;циферблатні індикатори;циферблатні індикатори;3;14200601;циферблатні індикатори;9.70%
товари;контрольно-вимірювальні прилади;оптичні прилади і системи;штативи для вимірювального обладнання;штативи для вимірювального обладнання;3;13040903;штативи для вимірювального обладнання;14.43%
товари;контрольно-вимірювальні прилади;вимірювачі фізичних параметрів;шумоміри;шумоміри;3;12110610;шумоміри;14.48%
товари;контрольно-вимірювальні прилади;електровимірювальні прилади;шунти;шунти;3;506;шунти;13.55%
товари;краса та здоров'я;оптика для зору;аксесуари для окулярів і контактних лінз;аксесуари для контактних лінз;4;36127020;аксесуари для контактних лінз;14.64%
товари;краса та здоров'я;обладнання та матеріали для манікюру, педикюру;аксесуари для нарощування нігтів;аксесуари для нарощування нігтів;3;16180116;аксесуари для нарощування нігтів;13.43%
товари;краса та здоров'я;оптика для зору;аксесуари для окулярів і контактних лінз;аксесуари для окулярів;4;36127040;аксесуари для окулярів;15.30%
товари;краса та здоров'я;оптика для зору;аксесуари для окулярів і контактних лінз;аксесуари для окулярів, загальне;4;36127099;аксесуари для окулярів, загальне;25.00%
товари;краса та здоров'я;товари для здоров'я;оздоровчі товари з турмаліном і шунгитом;аксесуари з турмаліном і шунгитом;4;163502;аксесуари з турмаліном і шунгитом;15.00%
товари;краса та здоров'я;чоловіча косметика та аксесуари для гоління;аксесуари та змінні касети для гоління;аксесуари та змінні касети для гоління;3;330901;аксесуари та змінні касети для гоління;14.19%
товари;краса та здоров'я;товари для здоров'я;домашня медична техніка;активатори води;4;162539;активатори води;13.88%
товари;краса та здоров'я;товари для здоров'я;домашня медична техніка;алкометри;4;162504;алкометри;13.88%
товари;краса та здоров'я;косметика по догляду;догляд за обличчям;антивіковий та лікувальний догляд за шкірою;4;330613;антивіковий та лікувальний догляд за шкірою;13.27%
товари;краса та здоров'я;гігієнічні вироби та засоби;антисептичні засоби для шкіри;антисептичні засоби для шкіри;3;151312;антисептичні засоби для шкіри;14.42%
товари;краса та здоров'я;товари для здоров'я;масажери;аплікатори;4;162211;аплікатори;14.50%
товари;краса та здоров'я;косметика по догляду;догляд за волоссям;бальзами і кондиціонери для волосся;4;330704;бальзами і кондиціонери для волосся;12.88%
товари;краса та здоров'я;товари для здоров'я;масажери;бамбукові палички для масажу;4;162228;бамбукові палички для масажу;14.50%
товари;краса та здоров'я;товари для здоров'я;біодобавки;біодобавки;3;23005;біодобавки;12.11%
товари;краса та здоров'я;декоративна косметика;макіяж губ;блиск для губ;4;8210108;блиск для губ;13.57%
товари;краса та здоров'я;чоловіча косметика та аксесуари для гоління;бритви;бритви;3;3309;бритви;12.19%
товари;краса та здоров'я;гігієнічні вироби та засоби;ватно-гігієнічна продукція;ватні диски;4;15130802;ватні диски;13.27%
товари;краса та здоров'я;гігієнічні вироби та засоби;ватно-гігієнічна продукція;ватні палички;4;15130801;ватні палички;13.27%
товари;краса та здоров'я;гігієнічні вироби та засоби;ватно-гігієнічна продукція;ватно-гігієнічна продукція, загальне;4;15130803;ватно-гігієнічна продукція, загальне;25.00%
товари;краса та здоров'я;товари для здоров'я;домашня медична техніка;витратні матеріали для домашньої медтехніки;4;162508;витратні матеріали для домашньої медтехніки;13.88%
товари;краса та здоров'я;обладнання та матеріали для манікюру, педикюру;витяжки манікюрні;витяжки манікюрні;3;16180102;витяжки манікюрні;12.34%
товари;краса та здоров'я;товари для здоров'я;масажери;віброплатформи;4;162225;віброплатформи;14.50%
товари;краса та здоров'я;товари для схуднення;відео, аудіо та література для схуднення;відео, аудіо та література для схуднення;3;163404;відео, аудіо та література для схуднення;11.13%
товари;краса та здоров'я;косметика по догляду;догляд за волоссям;відтінкові засоби для волосся;4;330716;відтінкові засоби для волосся;12.88%
товари;краса та здоров'я;гігієнічні вироби та засоби;паперово-гігієнічна продукція;вологі серветки;4;151301;вологі серветки;12.34%
товари;краса та здоров'я;все для епіляції і депіляції;все для епіляції і депіляції, загальне;все для епіляції і депіляції, загальне;3;163701;все для епіляції і депіляції, загальне;25.00%
товари;краса та здоров'я;все для манікюру і педикюру;все для манікюру і педикюру, загальне;все для манікюру і педикюру, загальне;3;161804;все для манікюру і педикюру, загальне;25.00%
товари;краса та здоров'я;все для манікюру і педикюру;гель-лаки;гель-лаки;3;16180115;гель-лаки;14.58%
товари;краса та здоров'я;гігієнічні вироби та засоби;гігієнічні вироби, загальне;гігієнічні вироби, загальне;3;151399;гігієнічні вироби, загальне;25.00%
товари;краса та здоров'я;гігієнічні вироби та засоби;ватно-гігієнічна продукція;гігієнічні вкладиші для пахв;4;15130804;гігієнічні вкладиші для пахв;13.27%
товари;краса та здоров'я;товари для здоров'я;масажери;гідромасажери;4;162205;гідромасажери;14.50%
товари;краса та здоров'я;товари для здоров'я;домашня медична техніка;глюкометри;4;162501;глюкометри;13.88%
товари;краса та здоров'я;косметика по догляду;догляд за волоссям;гребінці та щітки для волосся;4;331702;гребінці та щітки для волосся;12.88%
товари;краса та здоров'я;косметика по догляду;догляд за тілом;дезодоранти;4;3302;дезодоранти;13.11%
товари;краса та здоров'я;декоративна косметика;декоративна косметика, загальне;декоративна косметика, загальне;3;8210101;декоративна косметика, загальне;25.00%
товари;краса та здоров'я;дитяча косметика;дитяча декоративна косметика;дитяча декоративна косметика;3;330109;дитяча декоративна косметика;13.43%
товари;краса та здоров'я;дитяча косметика;дитяча зубна паста;дитяча зубна паста;3;330106;дитяча зубна паста;12.10%
товари;краса та здоров'я;дитяча косметика;дитяча присипка;дитяча присипка;3;15010504;дитяча присипка;9.32%
товари;краса та здоров'я;дитяча косметика;дитяча сонцезахисна косметика;дитяча сонцезахисна косметика;3;330107;дитяча сонцезахисна косметика;7.02%
товари;краса та здоров'я;дитяча косметика;дитяче мило;дитяче мило;3;330105;дитяче мило;7.02%
товари;краса та здоров'я;дитяча косметика;дитячий крем, молочко, масло;дитячий крем, молочко, масло;3;330108;дитячий крем, молочко, масло;11.13%
товари;краса та здоров'я;дитяча косметика;дитячі гелі для душу і пінки для купання;дитячі гелі для душу і пінки для купання;3;330103;дитячі гелі для душу і пінки для купання;12.10%
товари;краса та здоров'я;дитяча косметика;дитячі набори по догляду;дитячі набори по догляду;3;330110;дитячі набори по догляду;10.14%
товари;краса та здоров'я;дитяча косметика;дитячі шампуні;дитячі шампуні;3;330101;дитячі шампуні;9.32%
товари;краса та здоров'я;товари для здоров'я;домашня медична техніка;дихальні тренажери;4;162527;дихальні тренажери;12.30%
товари;краса та здоров'я;товари для вагітних і годуючих;до- та післяпологові бандажі ;до- та післяпологові бандажі ;3;163301;до- та післяпологові бандажі ;14.40%
товари;краса та здоров'я;товари для здоров'я;домашня медична техніка;домашні інгалятори ;4;162503;домашні інгалятори ;13.88%
товари;краса та здоров'я;товари для здоров'я;домашня медична техніка;домашні кварцеві лампи і опромінювачі ;4;162505;домашні кварцеві лампи і опромінювачі ;13.88%
товари;краса та здоров'я;товари для здоров'я;домашня медична техніка;домашні прилади біорезонансної терапії ;4;162506;домашні прилади біорезонансної терапії ;13.88%
товари;краса та здоров'я;товари для здоров'я;домашня медична техніка;домашні прилади для детоксикації;4;162510;домашні прилади для детоксикації;13.88%
товари;краса та здоров'я;товари для здоров'я;домашня медична техніка;домашні тонометри ;4;162528;домашні тонометри ;13.88%
товари;краса та здоров'я;товари для здоров'я;домашня медична техніка;домашня медтехніка, загальне;4;162502;домашня медтехніка, загальне;25.00%
товари;краса та здоров'я;товари для здоров'я;домашня медична техніка;електричні грілки;4;162512;електричні грілки;13.88%
товари;краса та здоров'я;товари для здоров'я;масажери;електростимулятори для м'язів;4;162219;електростимулятори для м'язів;14.50%
товари;краса та здоров'я;косметика по догляду;косметичні та ефірні масла;ефірні олії;4;162401;ефірні олії;14.04%
товари;краса та здоров'я;обладнання та матеріали для манікюру, педикюру;ємності для манікюру/педикюру;ємності для манікюру/педикюру;3;16180111;ємності для манікюру/педикюру;13.43%
товари;краса та здоров'я;парфумерія;жіноча парфумерія ;жіноча парфумерія ;3;161601;жіноча парфумерія ;13.96%
товари;краса та здоров'я;гігієнічні вироби та засоби;засоби жіночої гігієни;жіночі прокладки і тампони;4;15131001;жіночі прокладки і тампони;13.19%
товари;краса та здоров'я;гігієнічні вироби та засоби;засоби для гігієни порожнини рота;жувальні гумки;4;330509;жувальні гумки;12.65%
товари;краса та здоров'я;все для манікюру і педикюру;запчастини і комплектуючі до обладнання для манікюру та педикюру;запчастини і комплектуючі до обладнання для манікюру та педикюру;3;161813;запчастини і комплектуючі до обладнання для манікюру та педикюру;11.50%
товари;краса та здоров'я;товари для здоров'я;домашня медична техніка;засоби від хропіння;4;162534;засоби від хропіння;13.88%
товари;краса та здоров'я;косметика по догляду;засоби для засмаги;засоби для автозасмаги;4;331801;засоби для автозасмаги;13.11%
товари;краса та здоров'я;гігієнічні вироби та засоби;засоби для ванни та душу;засоби для ванни та душу, загальне;4;330408;засоби для ванни та душу, загальне;25.00%
товари;краса та здоров'я;косметика по догляду;догляд за волоссям;засоби для видалення фарби з волосся і шкіри голови;4;330715;засоби для видалення фарби з волосся і шкіри голови;12.88%
товари;краса та здоров'я;гігієнічні вироби та засоби;засоби для гігієни порожнини рота;засоби для відбілювання зубів;4;330511;засоби для відбілювання зубів;12.65%
товари;краса та здоров'я;косметика по догляду;догляд за обличчям;засоби для вмивання та очищення обличчя;4;330603;засоби для вмивання та очищення обличчя;13.27%
товари;краса та здоров'я;гігієнічні вироби та засоби;засоби для гігієни порожнини рота;засоби для гігієни порожнини рота, загальне;4;330508;засоби для гігієни порожнини рота, загальне;25.00%
товари;краса та здоров'я;косметика по догляду;догляд за обличчям;засоби для демакіяжу;4;330602;засоби для демакіяжу;13.27%
товари;краса та здоров'я;все для епіляції і депіляції;засоби для депіляції;засоби для депіляції;3;330617;засоби для депіляції;14.50%
товари;краса та здоров'я;косметика по догляду;догляд за тілом;засоби для догляду за грудьми;4;3310;засоби для догляду за грудьми;13.11%
товари;краса та здоров'я;гігієнічні вироби та засоби;засоби для гігієни порожнини рота;засоби для догляду за зубними протезами;4;330512;засоби для догляду за зубними протезами;12.65%
товари;краса та здоров'я;гігієнічні вироби та засоби;засоби для ванни та душу;засоби для душа;4;330622;засоби для душа;12.34%
товари;краса та здоров'я;косметика по догляду;догляд за волоссям;засоби для завивки волосся;4;330725;засоби для завивки волосся;12.88%
товари;краса та здоров'я;косметика по догляду;засоби для засмаги;засоби для засмаги, загальне;4;331803;засоби для засмаги, загальне;25.00%
товари;краса та здоров'я;все для манікюру і педикюру;засоби для зняття лаку;засоби для зняття лаку;3;161808;засоби для зняття лаку;14.19%
товари;краса та здоров'я;гігієнічні вироби та засоби;засоби жіночої гігієни;засоби для інтимної гігієни;4;330619;засоби для інтимної гігієни;13.19%
товари;краса та здоров'я;косметика по догляду;догляд за волоссям;засоби для лікування волосся і шкіри голови;4;330707;засоби для лікування волосся і шкіри голови;12.88%
товари;краса та здоров'я;косметика по догляду;догляд за волоссям;засоби для освітлення волосся;4;330712;засоби для освітлення волосся;12.88%
товари;краса та здоров'я;косметика по догляду;догляд за обличчям;засоби для пілінгу обличчя;4;330607;засоби для пілінгу обличчя;13.27%
товари;краса та здоров'я;косметика по догляду;догляд за тілом;засоби для пілінгу тіла;4;330615;засоби для пілінгу тіла;13.11%
товари;краса та здоров'я;гігієнічні вироби та засоби;засоби для ванни та душу;засоби для прийняття ванн;4;330623;засоби для прийняття ванн;12.34%
товари;краса та здоров'я;декоративна косметика;макіяж брів;засоби для укладання брів;4;8210131;засоби для укладання брів;13.57%
товари;краса та здоров'я;косметика по догляду;догляд за волоссям;засоби для укладання волосся;4;330710;засоби для укладання волосся;12.88%
товари;краса та здоров'я;дитяча косметика;засоби догляду за дитиною, загальне;засоби догляду за дитиною, загальне;3;330102;засоби догляду за дитиною, загальне;25.00%
товари;краса та здоров'я;гігієнічні вироби та засоби;засоби жіночої гігієни;засоби жіночої гігієни, загальне;4;15131002;засоби жіночої гігієни, загальне;25.00%
товари;краса та здоров'я;косметика по догляду;засоби для засмаги;засоби після засмаги;4;331802;засоби після засмаги;13.11%
товари;краса та здоров'я;чоловіча косметика та аксесуари для гоління;засоби по догляду за бородою;засоби по догляду за бородою;3;332103;засоби по догляду за бородою;11.13%
товари;краса та здоров'я;косметика по догляду;догляд за волоссям;засоби по догляду за волоссям, загальне;4;330702;засоби по догляду за волоссям, загальне;25.00%
товари;краса та здоров'я;оптика для зору;аксесуари для окулярів і контактних лінз;засоби по догляду за контактними лінзами;4;36127010;засоби по догляду за контактними лінзами;13.65%
товари;краса та здоров'я;все для манікюру і педикюру;засоби по догляду за нігтями і кутикулою;засоби по догляду за нігтями і кутикулою;3;3308;засоби по догляду за нігтями і кутикулою;14.42%
товари;краса та здоров'я;декоративна косметика;макіяж губ;засоби по догляду за шкірою губ;4;330610;засоби по догляду за шкірою губ;13.57%
товари;краса та здоров'я;косметика по догляду;догляд за обличчям;засоби по догляду за шкірою навколо очей;4;330608;засоби по догляду за шкірою навколо очей;13.27%
товари;краса та здоров'я;косметика по догляду;догляд за тілом;засоби по догляду за шкірою ніг;4;330620;засоби по догляду за шкірою ніг;13.11%
товари;краса та здоров'я;косметика по догляду;догляд за обличчям;засоби по догляду за шкірою обличчя, загальне;4;330601;засоби по догляду за шкірою обличчя, загальне;25.00%
товари;краса та здоров'я;косметика по догляду;догляд за тілом;засоби по догляду за шкірою рук;4;330618;засоби по догляду за шкірою рук;13.11%
товари;краса та здоров'я;чоловіча косметика та аксесуари для гоління;засоби по догляду за шкірою тіла та обличчя для чоловіків;засоби по догляду за шкірою тіла та обличчя для чоловіків;3;330624;засоби по догляду за шкірою тіла та обличчя для чоловіків;13.43%
товари;краса та здоров'я;косметика по догляду;догляд за тілом;засоби по догляду за шкірою тіла, загальне;4;330401;засоби по догляду за шкірою тіла, загальне;25.00%
товари;краса та здоров'я;гігієнічні вироби та засоби;засоби для гігієни порожнини рота;зубний порошок;4;330510;зубний порошок;12.65%
товари;краса та здоров'я;гігієнічні вироби та засоби;засоби для гігієни порожнини рота;зубні нитки і йоржики;4;330506;зубні нитки і йоржики;12.65%
товари;краса та здоров'я;гігієнічні вироби та засоби;засоби для гігієни порожнини рота;зубні пасти;4;330503;зубні пасти;12.65%
товари;краса та здоров'я;гігієнічні вироби та засоби;засоби для гігієни порожнини рота;зубні щітки;4;330502;зубні щітки;12.65%
товари;краса та здоров'я;гігієнічні вироби та засоби;засоби для гігієни порожнини рота;зубочистки;4;330505;зубочистки;12.65%
товари;краса та здоров'я;оптика для зору;іміджеві окуляри;іміджеві окуляри;3;162305;іміджеві окуляри;13.55%
товари;краса та здоров'я;товари для здоров'я;домашня медична техніка;інсулінові помпи;4;162533;інсулінові помпи;13.88%
товари;краса та здоров'я;косметика по догляду;догляд за волоссям;кератин для волосся;4;330727;кератин для волосся;12.88%
товари;краса та здоров'я;декоративна косметика;макіяж очей;клей для накладних вій;4;8210117;клей для накладних вій;13.27%
товари;краса та здоров'я;товари для здоров'я;домашня медична техніка;комплектуючі для домашньої медичної техніки;4;162537;комплектуючі для домашньої медичної техніки;13.88%
товари;краса та здоров'я;оптика для зору;комплектуючі для окулярів;комплектуючі для окулярів, загальне;4;162303;комплектуючі для окулярів, загальне;25.00%
товари;краса та здоров'я;товари для здоров'я;домашня медична техніка;комплектуючі для слухових апаратів;4;162538;комплектуючі для слухових апаратів;13.88%
товари;краса та здоров'я;товари для здоров'я;домашня медична техніка;комплектуючі до тонометрів;4;162530;комплектуючі до тонометрів;13.88%
товари;краса та здоров'я;товари для здоров'я;компресійний трикотаж;компресійний трикотаж;3;1629;компресійний трикотаж;15.42%
товари;краса та здоров'я;оптика для зору;контактні лінзи;контактні лінзи;3;361210;контактні лінзи;13.57%
товари;краса та здоров'я;декоративна косметика;макіяж обличчя;коригувальні та маскуючі засоби для обличчя;4;8210114;коригувальні та маскуючі засоби для обличчя;13.50%
товари;краса та здоров'я;чоловіча косметика та аксесуари для гоління;косметика для гоління;косметика для гоління;3;331502;косметика для гоління;11.73%
товари;краса та здоров'я;чоловіча косметика та аксесуари для гоління;косметика для догляду для чоловіків, загальне;косметика для догляду для чоловіків, загальне;3;332102;косметика для догляду для чоловіків, загальне;25.00%
товари;краса та здоров'я;косметика по догляду;косметика по догляду, загальне;косметика по догляду, загальне;3;163801;косметика по догляду, загальне;25.00%
товари;краса та здоров'я;косметика по догляду;догляд за обличчям;косметична глина;4;3322;косметична глина;13.27%
товари;краса та здоров'я;декоративна косметика;макіяж обличчя;косметична пудра ;4;8210106;косметична пудра ;13.50%
товари;краса та здоров'я;косметика по догляду;догляд за тілом;косметичний вазелін ;4;330409;косметичний вазелін ;13.11%
товари;краса та здоров'я;декоративна косметика;аксесуари для макіяжу;косметичні аксесуари, загальне;4;331203;косметичні аксесуари, загальне;25.00%
товари;краса та здоров'я;декоративна косметика;аксесуари для макіяжу;косметичні дзеркала ;4;170705;косметичні дзеркала ;14.04%
товари;краса та здоров'я;товари для вагітних і годуючих;косметичні засоби для вагітних;косметичні засоби для вагітних;3;330404;косметичні засоби для вагітних;11.11%
товари;краса та здоров'я;товари для схуднення;косметичні засоби для схуднення;косметичні засоби для схуднення;3;1609;косметичні засоби для схуднення;13.43%
товари;краса та здоров'я;косметика по догляду;косметичні та ефірні масла;косметичні масла;4;331901;косметичні масла;14.04%
товари;краса та здоров'я;декоративна косметика;аксесуари для макіяжу;косметичні пензлі та аплікатори;4;331202;косметичні пензлі та аплікатори;14.04%
товари;краса та здоров'я;декоративна косметика;аксесуари для макіяжу;косметичні пінцети;4;331204;косметичні пінцети;14.04%
товари;краса та здоров'я;декоративна косметика;аксесуари для макіяжу;косметичні спонжи та губки;4;331201;косметичні спонжи та губки;14.04%
товари;краса та здоров'я;декоративна косметика;аксесуари для макіяжу;косметичні точила;4;331207;косметичні точила;14.04%
товари;краса та здоров'я;косметика по догляду;косметичні та ефірні масла;косметичні, ефірні, масажні масла, загальне;4;331903;косметичні, ефірні, масажні масла, загальне;25.00%
товари;краса та здоров'я;товари для здоров'я;масажери;космодиски;4;162222;космодиски;14.50%
товари;краса та здоров'я;краса і здоров'я, загальне;краса і здоров'я, загальне;краса і здоров'я, загальне;2;1619;краса і здоров'я, загальне;25.00%
товари;краса та здоров'я;косметика по догляду;догляд за волоссям;крейда для волосся;4;330724;крейда для волосся;12.88%
товари;краса та здоров'я;косметика по догляду;догляд за обличчям;крем для обличчя;4;330606;крем для обличчя;13.27%
товари;краса та здоров'я;косметика по догляду;догляд за тілом;креми і лосьйони для тіла;4;330403;креми і лосьйони для тіла;13.11%
товари;краса та здоров'я;все для манікюру і педикюру;лаки для нігтів;лаки для нігтів;3;161807;лаки для нігтів;14.19%
товари;краса та здоров'я;все для манікюру і педикюру;лампи для манікюру;лампи для манікюру;3;282909;лампи для манікюру;16.19%
товари;краса та здоров'я;декоративна косметика;макіяж брів;лікувальний догляд за бровами і віями;4;3320;лікувальний догляд за бровами і віями;13.57%
товари;краса та здоров'я;оптика для зору;комплектуючі для окулярів;лінзи для окулярів;4;361260;лінзи для окулярів;14.50%
товари;краса та здоров'я;косметика по догляду;догляд за волоссям;лосьйони для волосся;4;330718;лосьйони для волосся;12.88%
товари;краса та здоров'я;косметика по догляду;догляд за обличчям;лосьйони і бальзами для обличчя;4;330605;лосьйони і бальзами для обличчя;13.27%
товари;краса та здоров'я;товари для здоров'я;магнітні прикраси;магнітні прикраси;3;36090307;магнітні прикраси;13.55%
товари;краса та здоров'я;декоративна косметика;макіяж брів;макіяж брів, загальне;4;8210125;макіяж брів, загальне;25.00%
товари;краса та здоров'я;декоративна косметика;макіяж губ;макіяж губ, загальне;4;8210123;макіяж губ, загальне;25.00%
товари;краса та здоров'я;декоративна косметика;макіяж обличчя;макіяж обличчя, загальне;4;8210121;макіяж обличчя, загальне;25.00%
товари;краса та здоров'я;декоративна косметика;макіяж очей;макіяж очей, загальне;4;8210120;макіяж очей, загальне;25.00%
товари;краса та здоров'я;все для манікюру і педикюру;манікюрні пилочки і бафи ;манікюрні пилочки і бафи ;3;16180104;манікюрні пилочки і бафи ;14.19%
товари;краса та здоров'я;все для манікюру і педикюру;манікюрні та педикюрні кюретки, лопатки ;манікюрні та педикюрні кюретки, лопатки ;3;16180107;манікюрні та педикюрні кюретки, лопатки ;13.81%
товари;краса та здоров'я;все для манікюру і педикюру;манікюрно-педикюрні інструменти;манікюрно-педикюрні інструменти;3;16180114;манікюрно-педикюрні інструменти;14.50%
товари;краса та здоров'я;все для манікюру і педикюру;манікюрно-педикюрні ножиці, кусачки, кніпсери;манікюрно-педикюрні ножиці, кусачки, кніпсери;3;16180103;манікюрно-педикюрні ножиці, кусачки, кніпсери;13.27%
товари;краса та здоров'я;обладнання та матеріали для манікюру, педикюру;манікюрно-педикюрні щітки ;манікюрно-педикюрні щітки ;3;16180112;манікюрно-педикюрні щітки ;12.46%
товари;краса та здоров'я;товари для здоров'я;масажери;масажери для ніг;4;162206;масажери для ніг;14.50%
товари;краса та здоров'я;товари для здоров'я;масажери;масажери для очей і голови;4;162210;масажери для очей і голови;14.50%
товари;краса та здоров'я;товари для здоров'я;масажери;масажери для шиї і плечей;4;162224;масажери для шиї і плечей;14.50%
товари;краса та здоров'я;товари для здоров'я;масажери;масажери і тренажери для обличчя;4;162221;масажери і тренажери для обличчя;14.50%
товари;краса та здоров'я;товари для здоров'я;масажери;масажери-їжачки, масажери «антистрес»;4;162217;масажери-їжачки, масажери «антистрес»;14.50%
товари;краса та здоров'я;товари для здоров'я;масажери;масажери, загальне;4;162204;масажери, загальне;25.00%
товари;краса та здоров'я;товари для здоров'я;масажери;масажні апарати;4;162515;масажні апарати;14.50%
товари;краса та здоров'я;товари для здоров'я;масажери;масажні банки;4;162226;масажні банки;14.50%
товари;краса та здоров'я;товари для здоров'я;масажери;масажні доріжки і килимки;4;162214;масажні доріжки і килимки;14.50%
товари;краса та здоров'я;косметика по догляду;догляд за тілом;масажні косметичні засоби;4;16221301;масажні косметичні засоби;13.11%
товари;краса та здоров'я;товари для здоров'я;масажери;масажні крісла;4;162203;масажні крісла;10.45%
товари;краса та здоров'я;товари для здоров'я;масажери;масажні ліжка;4;162514;масажні ліжка;14.50%
товари;краса та здоров'я;товари для здоров'я;масажери;масажні накидки, мати, подушки;4;162201;масажні накидки, мати, подушки;14.50%
товари;краса та здоров'я;товари для здоров'я;масажери;масажні пояси;4;162208;масажні пояси;14.50%
товари;краса та здоров'я;товари для здоров'я;масажери;масажні щітки;4;162218;масажні щітки;14.50%
товари;краса та здоров'я;косметика по догляду;догляд за волоссям;маски для волосся;4;330703;маски для волосся;12.88%
товари;краса та здоров'я;косметика по догляду;догляд за тілом;маски для тіла та обгортання;4;330405;маски для тіла та обгортання;13.11%
товари;краса та здоров'я;косметика по догляду;догляд за обличчям;маски для шкіри обличчя;4;330609;маски для шкіри обличчя;13.27%
товари;краса та здоров'я;все для манікюру і педикюру;матеріали для дизайну нігтів;матеріали для дизайну нігтів;3;161806;матеріали для дизайну нігтів;14.27%
товари;краса та здоров'я;обладнання та матеріали для манікюру, педикюру;матеріали для нарощування нігтів;матеріали для нарощування нігтів;3;161803;матеріали для нарощування нігтів;14.34%
товари;краса та здоров'я;гігієнічні вироби та засоби;засоби жіночої гігієни;менструальні чаші;4;15131004;менструальні чаші;13.19%
товари;краса та здоров'я;товари для вагітних і годуючих;набори в пологовий будинок;набори в пологовий будинок;3;163302;набори в пологовий будинок;15.35%
товари;краса та здоров'я;декоративна косметика;набори декоративної косметики;набори декоративної косметики;3;8210111;набори декоративної косметики;12.34%
товари;краса та здоров'я;все для епіляції і депіляції;набори для депіляції;набори для депіляції;3;331503;набори для депіляції;14.81%
товари;краса та здоров'я;косметика по догляду;догляд за тілом;набори косметики по догляду;4;3303;набори косметики по догляду;13.11%
товари;краса та здоров'я;товари для вагітних і годуючих;накладки на груди;накладки на груди;3;15131003;накладки на груди;13.19%
товари;краса та здоров'я;декоративна косметика;макіяж очей;накладні вії;4;8210116;накладні вії;13.27%
товари;краса та здоров'я;все для манікюру і педикюру;накладні нігті;накладні нігті;3;161810;накладні нігті;14.19%
товари;краса та здоров'я;парфумерія;наливна парфумерія;наливна парфумерія;3;161607;наливна парфумерія;15.13%
товари;краса та здоров'я;обладнання та матеріали для манікюру, педикюру;обладнання та матеріали для манікюру, педикюру, загальне;обладнання та матеріали для манікюру, педикюру, загальне;3;283022;обладнання та матеріали для манікюру, педикюру, загальне;25.00%
товари;краса та здоров'я;гігієнічні вироби та засоби;паперово-гігієнічна продукція;одноразові накладки на унітаз;4;15130902;одноразові накладки на унітаз;12.34%
товари;краса та здоров'я;товари для схуднення;одяг для схуднення;одяг для схуднення;3;163402;одяг для схуднення;15.68%
товари;краса та здоров'я;товари для здоров'я;оздоровчі товари з турмаліном і шунгитом;одяг і нижню білизну з турмаліном;4;163501;одяг і нижню білизну з турмаліном;15.00%
товари;краса та здоров'я;косметика по догляду;догляд за волоссям;окислювачі для фарбування волосся;4;330719;окислювачі для фарбування волосся;12.88%
товари;краса та здоров'я;оптика для зору;окуляри для корекції зору;окуляри для корекції зору;3;361220;окуляри для корекції зору;16.27%
товари;краса та здоров'я;декоративна косметика;макіяж губ;олівці для губ;4;8210128;олівці для губ;13.57%
товари;краса та здоров'я;декоративна косметика;макіяж очей;олівці для очей;4;8210103;олівці для очей;13.27%
товари;краса та здоров'я;декоративна косметика;макіяж брів;олівці, тіні, туші для брів;4;8210127;олівці, тіні, туші для брів;13.57%
товари;краса та здоров'я;гігієнічні вироби та засоби;засоби для гігієни порожнини рота;ополіскувачі для порожнини рота;4;330501;ополіскувачі для порожнини рота;12.65%
товари;краса та здоров'я;оптика для зору;комплектуючі для окулярів;оправи для окулярів;4;361250;оправи для окулярів;14.50%
товари;краса та здоров'я;оптика для зору;оптика для корекції і захисту зору, загальне;оптика для корекції і захисту зору, загальне;3;162302;оптика для корекції і захисту зору, загальне;25.00%
товари;краса та здоров'я;товари для здоров'я;оздоровчі товари з турмаліном і шунгитом;ортопедичні товари з турмаліном і шунгитом;4;163503;ортопедичні товари з турмаліном і шунгитом;15.00%
товари;краса та здоров'я;гігієнічні вироби та засоби;засоби для гігієни порожнини рота;освіжувачі дихання;4;330504;освіжувачі дихання;12.65%
товари;краса та здоров'я;декоративна косметика;макіяж обличчя;основа під макіяж;4;8210110;основа під макіяж;13.50%
товари;краса та здоров'я;все для манікюру і педикюру;основи, закріплювачі та сушки для лаку;основи, закріплювачі та сушки для лаку;3;161811;основи, закріплювачі та сушки для лаку;14.42%
товари;краса та здоров'я;товари для здоров'я;домашня медична техніка;осрібнювач води;4;162536;осрібнювач води;13.88%
товари;краса та здоров'я;оптика для зору; очні пластирі, окклюдери; очні пластирі, окклюдери;3;162304; очні пластирі, окклюдери;9.80%
товари;краса та здоров'я;декоративна косметика;макіяж очей;палітри для макіяжу;4;8210113;палітри для макіяжу;13.27%
товари;краса та здоров'я;гігієнічні вироби та засоби;паперово-гігієнічна продукція;паперові рушники;4;151307;паперові рушники;12.34%
товари;краса та здоров'я;гігієнічні вироби та засоби;паперово-гігієнічна продукція;паперові серветки;4;151305;паперові серветки;12.34%
товари;краса та здоров'я;гігієнічні вироби та засоби;паперово-гігієнічна продукція;паперово-гігієнічна продукція, загальне;4;15130901;паперово-гігієнічна продукція, загальне;25.00%
товари;краса та здоров'я;парфумерія;парфумерія для дітей;парфумерія для дітей;3;161611;парфумерія для дітей;13.11%
товари;краса та здоров'я;парфумерія;парфумерія з феромонами;парфумерія з феромонами;3;161610;парфумерія з феромонами;18.15%
товари;краса та здоров'я;парфумерія;парфумерія, загальне;парфумерія, загальне;3;161603;парфумерія, загальне;25.00%
товари;краса та здоров'я;парфумерія;парфумерні набори;парфумерні набори;3;161609;парфумерні набори;12.10%
товари;краса та здоров'я;парфумерія;парфумерні олії;парфумерні олії;3;161605;парфумерні олії;14.40%
товари;краса та здоров'я;косметика по догляду;догляд за обличчям;патчі для обличчя;4;330626;патчі для обличчя;13.27%
товари;краса та здоров'я;все для манікюру і педикюру;пемзи, терки і набори для педикюру;пемзи, терки і набори для педикюру;3;161809;пемзи, терки і набори для педикюру;14.81%
товари;краса та здоров'я;обладнання та матеріали для манікюру, педикюру;пензлики для манікюру;пензлики для манікюру;3;16180110;пензлики для манікюру;14.19%
товари;краса та здоров'я;декоративна косметика;макіяж очей;підводка для повік;4;8210112;підводка для повік;13.27%
товари;краса та здоров'я;товари для вагітних і годуючих;подушки для вагітних і годування дитини;подушки для вагітних і годування дитини;3;15010106;подушки для вагітних і годування дитини;17.67%
товари;краса та здоров'я;декоративна косметика;макіяж губ;помади;4;8210107;помади;13.57%
товари;краса та здоров'я;декоративна косметика;аксесуари для макіяжу;прилади для завивки вій;4;331205;прилади для завивки вій;14.04%
товари;краса та здоров'я;товари для здоров'я;домашня медична техніка;прилади для краси та здоров'я;4;162511;прилади для краси та здоров'я;13.88%
товари;краса та здоров'я;товари для здоров'я;домашня медична техніка;прилади захисту функціонального стану організму;4;162535;прилади захисту функціонального стану організму;13.88%
товари;краса та здоров'я;обладнання та матеріали для манікюру, педикюру;прилади та інструменти для апаратного манікюру та педикюру;прилади та інструменти для апаратного манікюру та педикюру;3;161805;прилади та інструменти для апаратного манікюру та педикюру;15.42%
товари;краса та здоров'я;гігієнічні вироби та засоби;засоби для ванни та душу;рідке мило;4;330402;рідке мило;12.34%
товари;краса та здоров'я;парфумерія;розпив парфумерії;розпив парфумерії;3;161612;розпив парфумерії;11.50%
товари;краса та здоров'я;декоративна косметика;макіяж обличчя;рум'яна;4;8210105;рум'яна;13.50%
товари;краса та здоров'я;товари для здоров'я;масажери;ручні масажери для тіла;4;162209;ручні масажери для тіла;14.50%
товари;краса та здоров'я;косметика по догляду;догляд за обличчям;сироватки для обличчя;4;330625;сироватки для обличчя;13.27%
товари;краса та здоров'я;товари для здоров'я;домашня медична техніка;слухові апарати;4;1620;слухові апарати;13.88%
товари;краса та здоров'я;товари для здоров'я;домашня медична техніка;сольові грілки;4;16252405;сольові грілки;11.30%
товари;краса та здоров'я;косметика по догляду;догляд за волоссям;сонцезахисні засоби для волосся;4;330713;сонцезахисні засоби для волосся;12.88%
товари;краса та здоров'я;косметика по догляду;засоби для засмаги;сонцезахисні засоби для шкіри;4;330621;сонцезахисні засоби для шкіри;13.11%
товари;краса та здоров'я;косметика по догляду;догляд за обличчям;спреї для шкіри обличчя і тіла;4;330616;спреї для шкіри обличчя і тіла;13.27%
товари;краса та здоров'я;все для манікюру і педикюру;стартові набори для манікюру;стартові набори для манікюру;3;161812;стартові набори для манікюру;15.42%
товари;краса та здоров'я;товари для здоров'я;домашня медична техніка;стетоскопи;4;162526;стетоскопи;13.88%
товари;краса та здоров'я;товари для здоров'я;масажери;стрічкові вібромасажери для тіла;4;162202;стрічкові вібромасажери для тіла;14.50%
товари;краса та здоров'я;косметика по догляду;догляд за тілом;тальк для тіла;4;330406;тальк для тіла;13.11%
товари;краса та здоров'я;косметика по догляду;догляд за волоссям;термобігуді і бігуді;4;331705;термобігуді і бігуді;12.88%
товари;краса та здоров'я;товари для здоров'я;домашня медична техніка;тест-смужки до глюкометрів та ланцети;4;16252501;тест-смужки до глюкометрів та ланцети;13.88%
товари;краса та здоров'я;декоративна косметика;макіяж очей;тіні для повік;4;8210104;тіні для повік;13.27%
товари;краса та здоров'я;товари для вагітних і годуючих;товари для вагітних, загальне;товари для вагітних, загальне;3;1630;товари для вагітних, загальне;25.00%
товари;краса та здоров'я;оптика для зору;аксесуари для окулярів і контактних лінз;товари для догляду за окулярами;4;36127030;товари для догляду за окулярами;14.64%
товари;краса та здоров'я;товари для здоров'я;товари для здоров'я, загальне;товари для здоров'я, загальне;3;163601;товари для здоров'я, загальне;25.00%
товари;краса та здоров'я;товари для схуднення;товари для схуднення, загальне;товари для схуднення, загальне;3;163403;товари для схуднення, загальне;25.00%
товари;краса та здоров'я;декоративна косметика;макіяж обличчя;тональний крем;4;8210109;тональний крем;13.50%
товари;краса та здоров'я;косметика по догляду;догляд за обличчям;тонізуючі засоби для обличчя;4;330604;тонізуючі засоби для обличчя;13.27%
товари;краса та здоров'я;декоративна косметика;аксесуари для макіяжу;трафарети для макіяжу;4;331206;трафарети для макіяжу;14.04%
товари;краса та здоров'я;гігієнічні вироби та засоби;засоби для ванни та душу;туалетне мило;4;82103;туалетне мило;12.34%
товари;краса та здоров'я;гігієнічні вироби та засоби;паперово-гігієнічна продукція;туалетний папір;4;151304;туалетний папір;12.34%
товари;краса та здоров'я;декоративна косметика;макіяж очей;туш для вій;4;8210102;туш для вій;13.27%
товари;краса та здоров'я;парфумерія;унісекс парфумерія ;унісекс парфумерія ;3;161604;унісекс парфумерія ;10.89%
товари;краса та здоров'я;косметика по догляду;догляд за волоссям;фарби для волосся;4;330706;фарби для волосся;12.88%
товари;краса та здоров'я;декоративна косметика;макіяж брів;фарбування брів і вій;4;8210129;фарбування брів і вій;13.57%
товари;краса та здоров'я;декоративна косметика;макіяж обличчя;фіксатори макіяжу;4;8210132;фіксатори макіяжу;13.50%
товари;краса та здоров'я;чоловіча косметика та аксесуари для гоління;чоловіча косметика по догляду за волоссям;чоловіча косметика по догляду за волоссям;3;332101;чоловіча косметика по догляду за волоссям;11.74%
товари;краса та здоров'я;парфумерія;чоловіча парфумерія ;чоловіча парфумерія ;3;161602;чоловіча парфумерія ;14.04%
товари;краса та здоров'я;косметика по догляду;догляд за волоссям;шампуні для волосся;4;330701;шампуні для волосся;12.88%
товари;матеріали для ремонту;аксесуари та фурнітура для вікон і дверей;аксесуари та комплектуючі для замків;аксесуари та комплектуючі для замків;3;15380325;аксесуари та комплектуючі для замків;11.66%
товари;матеріали для ремонту;сантехніка;аксесуари для кухонних мийок;аксесуари для кухонних мийок;3;13240224;аксесуари для кухонних мийок;12.63%
товари;матеріали для ремонту;печі та каміни;аксесуари для печей і камінів;аксесуари для печей і камінів;3;13240305;аксесуари для печей і камінів;10.50%
товари;матеріали для ремонту;аксесуари та фурнітура для вікон і дверей;аксесуари та фурнітура для вікон і дверей, загальне;аксесуари та фурнітура для вікон і дверей, загальне;3;15380399;аксесуари та фурнітура для вікон і дверей, загальне;25.00%
товари;матеріали для ремонту;скріплювальні вироби;анкера;анкера;3;420501;анкера;15.47%
товари;матеріали для ремонту;аксесуари та фурнітура для вікон і дверей;антимоскітні сітки та комплектуючі до них;антимоскітні сітки та комплектуючі до них;3;153809;антимоскітні сітки та комплектуючі до них;13.30%
товари;матеріали для ремонту;вікна та двері;балконні блоки;балконні блоки;3;135709;балконні блоки;11.55%
товари;матеріали для ремонту;сантехніка;біде;біде;3;130113;біде;12.97%
товари;матеріали для ремонту;побутове водопостачання;водонагрівачі та комплектуючі;водонагрівачі, бойлери, колонки;4;607;водонагрівачі, бойлери, колонки;9.50%
товари;матеріали для ремонту;сантехніка;виливи;виливи;3;13240216;виливи;15.58%
товари;матеріали для ремонту;побутова вентиляція;витяжні вентилятори;витяжні вентилятори;3;14220108;витяжні вентилятори;14.95%
товари;матеріали для ремонту;вікна та двері;вікна і двері, загальне;вікна і двері, загальне;3;130509;вікна і двері, загальне;25.00%
товари;матеріали для ремонту;аксесуари та фурнітура для вікон і дверей;рольставні;рольставні;3;153806;рольставні;14.73%
товари;матеріали для ремонту;побутове водопостачання;водонагрівачі та комплектуючі;водонагрівачі, загальне;4;13241105;водонагрівачі, загальне;25.00%
товари;матеріали для ремонту;радіатори та обігрівачі;газові конвектори;газові конвектори;3;62608;газові конвектори;8.39%
товари;матеріали для ремонту;скріплювальні вироби;метричне кріплення;гайки;4;420504;гайки;15.56%
товари;матеріали для ремонту;герметики і монтажна піна;герметики і монтажна піна, загальне;герметики і монтажна піна, загальне;3;810801;герметики і монтажна піна, загальне;25.00%
товари;матеріали для ремонту;герметики і монтажна піна;герметики і силікони;герметики і силікони;3;82210;герметики і силікони;15.29%
товари;матеріали для ремонту;сантехніка;гігієнічні душі;гігієнічні душі;3;13240225;гігієнічні душі;15.00%
товари;матеріали для ремонту;побутове водопостачання;гідроакумулятори;гідроакумулятори;3;13240412;гідроакумулятори;13.71%
товари;матеріали для ремонту;сантехніка;гнучкі шланги для підключення води та газу;гнучкі шланги для підключення води та газу;3;13240206;гнучкі шланги для підключення води та газу;15.16%
товари;матеріали для ремонту;вікна та двері;двері для саун і лазень;двері для саун і лазень;3;130510;двері для саун і лазень;10.12%
товари;матеріали для ремонту;аксесуари та фурнітура для вікон і дверей;дверний погонаж;дверний погонаж;3;130516;дверний погонаж;10.46%
товари;матеріали для ремонту;аксесуари та фурнітура для вікон і дверей;дверні відеоглазки;дверні відеоглазки;3;301306;дверні відеоглазки;14.45%
товари;матеріали для ремонту;аксесуари та фурнітура для вікон і дверей;дверні вічка;дверні вічка;3;15380314;дверні вічка;10.47%
товари;матеріали для ремонту;аксесуари та фурнітура для вікон і дверей;дверні дзвінки;дверні дзвінки;3;1336;дверні дзвінки;16.13%
товари;матеріали для ремонту;аксесуари та фурнітура для вікон і дверей;дверні обмежувачі;дверні обмежувачі;3;15380313;дверні обмежувачі;10.77%
товари;матеріали для ремонту;аксесуари та фурнітура для вікон і дверей;дверні та віконні петлі;дверні та віконні петлі;3;15380307;дверні та віконні петлі;11.97%
товари;матеріали для ремонту;аксесуари та фурнітура для вікон і дверей;дверні та віконні ручки;дверні та віконні ручки;3;15380306;дверні та віконні ручки;11.72%
товари;матеріали для ремонту;декор для стін;декоративна ліпнина і архітектурні елементи;декоративна ліпнина і архітектурні елементи;3;13070106;декоративна ліпнина і архітектурні елементи;10.54%
товари;матеріали для ремонту;декор для стін;декоративні куточки;декоративні куточки;3;131108;декоративні куточки;10.70%
товари;матеріали для ремонту;декор для стін;декоративні матеріали та елементи, загальне;декоративні матеріали та елементи, загальне;3;13261301;декоративні матеріали та елементи, загальне;25.00%
товари;матеріали для ремонту;декор для стін;декоративні панелі;декоративні панелі;3;13070115;декоративні панелі;11.45%
товари;матеріали для ремонту;декор для стін;декоративні фрески;декоративні фрески;3;13070107;декоративні фрески;14.65%
товари;матеріали для ремонту;декор для стін;декоративні штукатурки;декоративні штукатурки;3;13070105;декоративні штукатурки;10.80%
товари;матеріали для ремонту;декор для стін;дерев'яні елементи для декорування;дерев'яні елементи для декорування;3;13261303;дерев'яні елементи для декорування;10.01%
товари;матеріали для ремонту;печі та каміни;димоходи та комплектуючі;димоходи та комплектуючі;3;13240302;димоходи та комплектуючі;10.41%
товари;матеріали для ремонту;аксесуари та фурнітура для вікон і дверей;доводчики дверей;доводчики дверей;3;15380311;доводчики дверей;10.97%
товари;матеріали для ремонту;сантехніка;душові кабіни;душові кабіни;3;130107;душові кабіни;11.99%
товари;матеріали для ремонту;сантехніка;душові набори й системи;душові набори й системи;3;130119;душові набори й системи;14.15%
товари;матеріали для ремонту;сантехніка;душові піддони;душові піддони;3;130120;душові піддони;13.39%
товари;матеріали для ремонту;сантехніка;душові штанги;душові штанги;3;130183;душові штанги;15.63%
товари;матеріали для ремонту;скріплювальні вироби;дюбелі;дюбелі;3;420510;дюбелі;15.76%
товари;матеріали для ремонту;електрика;електрика, загальне;електрика, загальне;3;810701;електрика, загальне;25.00%
товари;матеріали для ремонту;аксесуари та фурнітура для вікон і дверей;жалюзі;жалюзі;3;153802;жалюзі;15.67%
товари;матеріали для ремонту;скріплювальні вироби;заклепки;заклепки;3;420505;заклепки;15.89%
товари;матеріали для ремонту;аксесуари та фурнітура для вікон і дверей;замки та клямки;замки;4;301010;замки;13.61%
товари;матеріали для ремонту;аксесуари та фурнітура для вікон і дверей;замки та клямки;замки та клямки загальне;4;301007;замки та клямки загальне;25.00%
товари;матеріали для ремонту;сантехніка;запчастини для змішувачів;запчастини для змішувачів;3;13240217;запчастини для змішувачів;15.70%
товари;матеріали для ремонту;радіатори та обігрівачі;запчастини і комплектуючі для радіаторів;запчастини і комплектуючі для радіаторів;3;13240115;запчастини і комплектуючі для радіаторів;14.78%
товари;матеріали для ремонту;побутове водопостачання;побутові насоси для водопостачання, водовідведення;запчастини та аксесуари для насосів;4;13241405;запчастини та аксесуари для насосів;15.31%
товари;матеріали для ремонту;печі та каміни;засоби для чищення камінів;засоби для чищення камінів;3;80323;засоби для чищення камінів;14.27%
товари;матеріали для ремонту;облицювальна плитка;затирка для швів;затирка для швів;3;13073206;затирка для швів;12.06%
товари;матеріали для ремонту;сантехніка;інсталяційні системи;інсталяційні системи;3;13240222;інсталяційні системи;11.10%
товари;матеріали для ремонту;печі та каміни;каміни;каміни;3;1364;каміни;10.48%
товари;матеріали для ремонту;печі та каміни;камінні топки;камінні топки;3;136404;камінні топки;8.77%
товари;матеріали для ремонту;скріплювальні вироби;такелаж;канатні затискачі;4;420522;канатні затискачі;9.77%
товари;матеріали для ремонту;аксесуари та фурнітура для вікон і дверей;клямки;клямки;3;301011;клямки;14.95%
товари;матеріали для ремонту;опалення та тепла підлога;аксесуари для системи опалення;колектори;4;13240211;колектори;13.30%
товари;матеріали для ремонту;аксесуари та фурнітура для вікон і дверей;комплектуючі для вікон і дверей пвх;комплектуючі для вікон і дверей пвх;3;15380316;комплектуючі для вікон і дверей пвх;8.93%
товари;матеріали для ремонту;побутове водопостачання;водонагрівачі та комплектуючі;комплектуючі для водонагрівачів;4;13241102;комплектуючі для водонагрівачів;10.87%
товари;матеріали для ремонту;побутове водопостачання;побутове очищення води;комплектуючі для гідроакумуляторів;4;13240414;комплектуючі для гідроакумуляторів;15.09%
товари;матеріали для ремонту;печі та каміни;комплектуючі для печей і камінів;комплектуючі для печей і камінів;3;1363;комплектуючі для печей і камінів;11.00%
товари;матеріали для ремонту;облицювальна плитка;комплектуючі для плиткових робіт;комплектуючі для плиткових робіт;3;13073204;комплектуючі для плиткових робіт;15.33%
товари;матеріали для ремонту;матеріали та комплектуючі для улаштування стель;комплектуючі для стель;комплектуючі для стель;3;134209;комплектуючі для стель;8.93%
товари;матеріали для ремонту;побутове водопостачання;побутове очищення води;комплектуючі до побутових фільтрів;4;13240409;комплектуючі до побутових фільтрів;15.09%
товари;матеріали для ремонту;опалення та тепла підлога;тепла підлога;комплектуючі та аксесуари для теплої підлоги;4;810305;комплектуючі та аксесуари для теплої підлоги;15.85%
товари;матеріали для ремонту;сантехніка;комплектуючі, запчастини та витратні матеріали для сантехніки;комплектуючі, запчастини та витратні матеріали для сантехніки;3;13240219;комплектуючі, запчастини та витратні матеріали для сантехніки;15.35%
товари;матеріали для ремонту;сантехніка;крани, змішувачі;крани, змішувачі;3;130103;крани, змішувачі;14.19%
товари;матеріали для ремонту;сантехніка;кришки для унітазів;кришки для унітазів;3;130184;кришки для унітазів;14.17%
товари;матеріали для ремонту;скріплювальні вироби;кріпильні вироби, загальне;кріпильні вироби, загальне;3;420508;кріпильні вироби, загальне;25.00%
товари;матеріали для ремонту;скріплювальні вироби;метричне кріплення;кріпильні гвинти;4;420512;кріпильні гвинти;15.50%
товари;матеріали для ремонту;скріплювальні вироби;кріпильні шпонки;кріпильні шпонки;3;420527;кріпильні шпонки;14.80%
товари;матеріали для ремонту;скріплювальні вироби;кріпильні штифти;кріпильні штифти;3;420515;кріпильні штифти;14.84%
товари;матеріали для ремонту;скріплювальні вироби;кронштейни;кронштейни;3;4201;кронштейни;11.40%
товари;матеріали для ремонту;сантехніка;кухонні мийки;кухонні мийки;3;1302;кухонні мийки;13.64%
товари;матеріали для ремонту;сантехніка;лійки для душу;лійки для душу;3;130106;лійки для душу;15.82%
товари;матеріали для ремонту;матеріали для ремонту, загальне;матеріали для ремонту, загальне;матеріали для ремонту, загальне;2;810101;матеріали для ремонту, загальне;25.00%
товари;матеріали для ремонту;аксесуари та фурнітура для вікон і дверей;механізми і автоматика для вікон і дверей;механізми і автоматика для вікон і дверей;3;15380301;механізми і автоматика для вікон і дверей;11.55%
товари;матеріали для ремонту;вікна та двері;міжкімнатні арки;міжкімнатні арки;3;130512;міжкімнатні арки;7.48%
товари;матеріали для ремонту;вікна та двері;міжкімнатні двері;міжкімнатні двері;3;130503;міжкімнатні двері;11.33%
товари;матеріали для ремонту;герметики і монтажна піна;монтажна піна;монтажна піна;3;13070501;монтажна піна;11.53%
товари;матеріали для ремонту;скріплювальні вироби;монтажні клини;монтажні клини;3;420526;монтажні клини;8.93%
товари;матеріали для ремонту;скріплювальні вироби;монтажні патрони;монтажні патрони;3;420517;монтажні патрони;10.47%
товари;матеріали для ремонту;сантехніка;насадки і перехідники для сантехнічного обладнання;насадки і перехідники для сантехнічного обладнання;3;130116;насадки і перехідники для сантехнічного обладнання;16.61%
товари;матеріали для ремонту;електрика;вимикачі світла;вимикачі світла;3;410612;вимикачі світла;15.03%
товари;матеріали для ремонту;опалення та тепла підлога;тепла підлога;обігрівальні термоплівки;4;13240112;обігрівальні термоплівки;17.34%
товари;матеріали для ремонту;облицювальна плитка;облицювальна мозаїка;облицювальна мозаїка;3;13070103;облицювальна мозаїка;5.26%
товари;матеріали для ремонту;печі та каміни;печі;печі;3;13240306;печі;10.30%
товари;матеріали для ремонту;печі та каміни;печі-каміни;печі-каміни;3;13240303;печі-каміни;9.82%
товари;матеріали для ремонту;аксесуари та фурнітура для вікон і дверей;підвіконня і відливи;підвіконня і відливи;3;15380310;підвіконня і відливи;12.31%
товари;матеріали для ремонту;скріплювальні вироби;такелаж;підйомні ланки;4;420511;підйомні ланки;9.74%
товари;матеріали для ремонту;підлогові покриття;підкладки і настили для підлоги;підкладки і настили для підлоги;3;130725;підкладки і настили для підлоги;7.00%
товари;матеріали для ремонту;сантехніка;пісуари;пісуари;3;130124;пісуари;12.97%
товари;матеріали для ремонту;підлогові покриття;плінтуси та комплектуючі до них;плінтуси та комплектуючі до них;3;13073101;плінтуси та комплектуючі до них;10.36%
товари;матеріали для ремонту;побутова вентиляція;побутова вентиляція, загальне;побутова вентиляція, загальне;3;810201;побутова вентиляція, загальне;25.00%
товари;матеріали для ремонту;побутове водопостачання;побутове водопостачання, загальне;побутове водопостачання, загальне;3;810102;побутове водопостачання, загальне;25.00%
товари;матеріали для ремонту;побутове водопостачання;побутове очищення води;побутові магістральні фільтри;4;13240416;побутові магістральні фільтри;15.03%
товари;матеріали для ремонту;побутове водопостачання;побутові насоси для водопостачання, водовідведення;побутові насоси;4;13241401;побутові насоси;14.79%
товари;матеріали для ремонту;побутове водопостачання;побутові насоси для водопостачання, водовідведення;побутові насоси для водопостачання, загальне;4;13241404;побутові насоси для водопостачання, загальне;25.00%
товари;матеріали для ремонту;побутове водопостачання;побутове очищення води;побутові проточні фільтри;4;13240402;побутові проточні фільтри;15.03%
товари;матеріали для ремонту;побутове водопостачання;побутове очищення води;побутові фільтри зворотного осмосу;4;13240408;побутові фільтри зворотного осмосу;13.27%
товари;матеріали для ремонту;побутове водопостачання;побутове очищення води;побутові фільтри комплексного очищення води;4;13240415;побутові фільтри комплексного очищення води;12.23%
товари;матеріали для ремонту;побутова вентиляція;повітророзподільники;повітророзподільники;3;142202;повітророзподільники;11.45%
товари;матеріали для ремонту;побутове водопостачання;побутове очищення води;пом'якшувачі води;4;13240405;пом'якшувачі води;11.10%
товари;матеріали для ремонту;побутове водопостачання;помпи для води;помпи для води;3;810103;помпи для води;13.71%
товари;матеріали для ремонту;підлогові покриття;пороги для підлоги;пороги для підлоги;3;130730;пороги для підлоги;6.65%
товари;матеріали для ремонту;побутове водопостачання;побутове очищення води;пристрої магнітної обробки води;4;13100639;пристрої магнітної обробки води;15.03%
товари;матеріали для ремонту;побутова вентиляція;провітрювачі;провітрювачі;3;600;провітрювачі;13.80%
товари;матеріали для ремонту;побутове водопостачання;водонагрівачі та комплектуючі;проточні водонагрівачі;4;13241106;проточні водонагрівачі;9.40%
товари;матеріали для ремонту;аксесуари та фурнітура для вікон і дверей;профіль для виробництва металопластикових конструкцій;профіль для виробництва металопластикових конструкцій;3;130517;профіль для виробництва металопластикових конструкцій;7.66%
товари;матеріали для ремонту;радіатори та обігрівачі;радіатори опалення;радіатори опалення;3;13240104;радіатори опалення;14.23%
товари;матеріали для ремонту;радіатори та обігрівачі;радіатори та обігрівачі, загальне;радіатори та обігрівачі, загальне;3;13241301;радіатори та обігрівачі, загальне;25.00%
товари;матеріали для ремонту;скріплювальні вироби;такелаж;рим-болти, рим-гайки;4;420523;рим-болти, рим-гайки;11.40%
товари;матеріали для ремонту;шпалери;рідкі шпалери та домішки до них;рідкі шпалери та домішки до них;3;130302;рідкі шпалери та домішки до них;11.26%
товари;матеріали для ремонту;скріплювальні вироби;метричне кріплення;різьбові шпильки;4;420513;різьбові шпильки;15.50%
товари;матеріали для ремонту;електрика;розетки електричні;розетки електричні;3;53004;розетки електричні;13.31%
товари;матеріали для ремонту;опалення та тепла підлога;аксесуари для системи опалення;розширювальні баки;4;13240113;розширювальні баки;13.30%
товари;матеріали для ремонту;шпалери;рулонні шпалери;рулонні шпалери;3;130303;рулонні шпалери;11.52%
товари;матеріали для ремонту;сантехніка;сантехніка, загальне;сантехніка, загальне;3;13240201;сантехніка, загальне;25.00%
товари;матеріали для ремонту;сантехніка;сантехнічні троси;сантехнічні троси;3;13240510;сантехнічні троси;13.55%
товари;матеріали для ремонту;електрика;силові вилки та розетки;силові вилки та розетки;3;141905;силові вилки та розетки;14.17%
товари;матеріали для ремонту;побутова вентиляція;системи контролю мікроклімату;системи контролю мікроклімату;3;142210;системи контролю мікроклімату;12.54%
товари;матеріали для ремонту;сантехніка;сифони, сантехнічні трапи;сифони, сантехнічні трапи;3;13240208;сифони, сантехнічні трапи;14.64%
товари;матеріали для ремонту;скріплювальні вироби;скоби, цвяхи для будівельних степлерів;скоби, цвяхи для будівельних степлерів;3;14201515;скоби, цвяхи для будівельних степлерів;13.55%
товари;матеріали для ремонту;скріплювальні вироби;такелаж;сталеві канати, троси;4;421001;сталеві канати, троси;9.74%
товари;матеріали для ремонту;побутова вентиляція;стельові вентилятори;стельові вентилятори;3;63016;стельові вентилятори;9.98%
товари;матеріали для ремонту;скріплювальні вироби;стопорні кільця;стопорні кільця;3;420516;стопорні кільця;15.77%
товари;матеріали для ремонту;декор для стін;сусальне золото і поталь;сусальне золото і поталь;3;13070108;сусальне золото і поталь;8.93%
товари;матеріали для ремонту;сантехніка;сушарки для рушників;сушарки для рушників;3;13240205;сушарки для рушників;14.75%
товари;матеріали для ремонту;скріплювальні вироби;такелаж;такелажні блоки;4;420524;такелажні блоки;11.17%
товари;матеріали для ремонту;скріплювальні вироби;такелаж;такелажні скоби і карабіни;4;420521;такелажні скоби і карабіни;9.74%
товари;матеріали для ремонту;скріплювальні вироби;такелаж;талрепи;4;420520;талрепи;11.40%
товари;матеріали для ремонту;опалення та тепла підлога;тепла підлога;тепла підлога, загальне;4;13240101;тепла підлога, загальне;25.00%
товари;матеріали для ремонту;декор для стін;трафарети для декорування;трафарети для декорування;3;13261304;трафарети для декорування;15.53%
товари;матеріали для ремонту;сантехніка;умивальники і п'єдестали;умивальники і п'єдестали;3;130110;умивальники і п'єдестали;14.70%
товари;матеріали для ремонту;сантехніка;унітази, бачки;унітази, бачки;3;130108;унітази, бачки;13.53%
товари;матеріали для ремонту;аксесуари та фурнітура для вікон і дверей;ущільнювачі для вікон, дверей;ущільнювачі для вікон, дверей;3;15380327;ущільнювачі для вікон, дверей;11.77%
товари;матеріали для ремонту;побутове водопостачання;побутове очищення води;фільтри-глечики;4;621;фільтри-глечики;15.16%
товари;матеріали для ремонту;шпалери;фотошпалери;фотошпалери;3;130301;фотошпалери;10.87%
товари;матеріали для ремонту;декор для стін;функціональна і декоративна плівка;функціональна і декоративна плівка;3;1343;функціональна і декоративна плівка;11.72%
товари;матеріали для ремонту;аксесуари та фурнітура для вікон і дверей;комплектуючі для ролет та жалюзі;комплектуючі для ролет та жалюзі;3;153808;комплектуючі для ролет та жалюзі;14.17%
товари;матеріали для ремонту;скріплювальні вироби;хомути, затискачі;хомути, затискачі;3;420509;хомути, затискачі;14.43%
товари;матеріали для ремонту;скріплювальні вироби;цвяхи;цвяхи;3;420503;цвяхи;13.65%
товари;матеріали для ремонту;скріплювальні вироби;метричне кріплення;шайби, гровер;4;420507;шайби, гровер;15.43%
товари;матеріали для ремонту;сантехніка;шланги для душу;шланги для душу;3;13240223;шланги для душу;15.90%
товари;матеріали для ремонту;шпалери;шпалери, загальне;шпалери, загальне;3;130312;шпалери, загальне;25.00%
товари;матеріали для ремонту;шпалери;шпалерний клей;шпалерний клей;3;131903;шпалерний клей;10.47%
товари;матеріали для ремонту;аксесуари та фурнітура для вікон і дверей;шпінгалети та засуви;шпінгалети та засуви;3;15380331;шпінгалети та засуви;12.63%
товари;матеріали для ремонту;скріплювальні вироби;шплінти;шплінти;3;420514;шплінти;10.78%
товари;матеріали для ремонту;скріплювальні вироби;шурупи, саморізи;шурупи, саморізи;3;420506;шурупи, саморізи;15.57%
товари;медикаменти та медичні товари;товари для людей з інвалідністю;аксесуари та комплектуючі для реабілітаційної техніки;аксесуари та комплектуючі для реабілітаційної техніки;3;400912;аксесуари та комплектуючі для реабілітаційної техніки;8.93%
товари;медикаменти та медичні товари;лікарські засоби;протиінфекційні препарати;антимікробні препарати;4;401209;антимікробні препарати;9.70%
товари;медикаменти та медичні товари;натуральні препарати;антипаразитарні натуральні препарати;антипаразитарні натуральні препарати;3;160316;антипаразитарні натуральні препарати;8.62%
товари;медикаменти та медичні товари;лікарські засоби;антипаразитарні речовини;антипаразитарні речовини;3;160405;антипаразитарні речовини;12.01%
товари;медикаменти та медичні товари;товари медичного призначення;аптечки;аптечки;3;161307;аптечки;15.52%
товари;медикаменти та медичні товари;ортопедичні товари;бандажі грижові та при опущенні внутрішніх органів;бандажі грижові та при опущенні внутрішніх органів;3;401003;бандажі грижові та при опущенні внутрішніх органів;14.77%
товари;медикаменти та медичні товари;ортопедичні товари;бандажі післяопераційні і зігріваючі пояси;бандажі післяопераційні і зігріваючі пояси;3;401005;бандажі післяопераційні і зігріваючі пояси;15.37%
товари;медикаменти та медичні товари;лікарські засоби;вітаміни, амінокислоти і коферменти;вітаміни, амінокислоти і коферменти;3;160417;вітаміни, амінокислоти і коферменти;13.75%
товари;медикаменти та медичні товари;товари медичного призначення;водяні грілки і кріопакети;водяні грілки і кріопакети;3;161218;водяні грілки і кріопакети;10.80%
товари;медикаменти та медичні товари;товари медичного призначення;голки, шприци;голки, шприци;3;161204;голки, шприци;14.75%
товари;медикаменти та медичні товари;лікарські засоби;нервова система;депресанти та стимулятори центральної нервової системи;4;160410;депресанти та стимулятори центральної нервової системи;9.11%
товари;медикаменти та медичні товари;лікарські засоби;дерматологічні засоби;дерматологічні засоби, загальне;4;401230;дерматологічні засоби, загальне;25.00%
товари;медикаменти та медичні товари;товари медичного призначення;експрес-тести;експрес-тести;3;161311;експрес-тести;13.94%
товари;медикаменти та медичні товари;лікарські засоби;засоби діагностики захворювань;засоби діагностики захворювань;3;162403;засоби діагностики захворювань;14.07%
товари;медикаменти та медичні товари;товари для людей з інвалідністю;засоби для догляду за лежачими хворими;засоби для догляду за лежачими хворими;3;400917;засоби для догляду за лежачими хворими;14.30%
товари;медикаменти та медичні товари;препарати для схуднення;засоби для схуднення;засоби для схуднення;3;16030601;засоби для схуднення;15.17%
товари;медикаменти та медичні товари;ортопедичні товари;зігріваючі шерстяні пояси;зігріваючі шерстяні пояси;3;401012;зігріваючі шерстяні пояси;16.10%
товари;медикаменти та медичні товари;лікарські засоби;знеболюючі та протизапальні препарати;знеболюючі та протизапальні препарати;3;160406;знеболюючі та протизапальні препарати;12.01%
товари;медикаменти та медичні товари;лікарські засоби;препарати для імунної системи;імуномодулятори;4;1608;імуномодулятори;8.05%
товари;медикаменти та медичні товари;товари для людей з інвалідністю;крісла колісні;крісла колісні;3;400901;крісла колісні;11.95%
товари;медикаменти та медичні товари;товари медичного призначення;контейнери для збору аналізів;контейнери для збору аналізів;3;161216;контейнери для збору аналізів;8.93%
товари;медикаменти та медичні товари;товари медичного призначення;контейнери для таблеток;контейнери для таблеток;3;161314;контейнери для таблеток;14.96%
товари;медикаменти та медичні товари;ортопедичні товари;коректори для стопи;коректори для стопи;3;3221020;коректори для стопи;15.84%
товари;медикаменти та медичні товари;ортопедичні товари;коректори постави;коректори постави;3;401001;коректори постави;15.34%
товари;медикаменти та медичні товари;лікарські засоби;лікарські засоби, загальне;лікарські засоби, загальне;3;401202;лікарські засоби, загальне;25.00%
товари;медикаменти та медичні товари;лікарські засоби;респіраторна система;ліки від застуди та грві;4;401205;ліки від застуди та грві;9.37%
товари;медикаменти та медичні товари;лікарські засоби;респіраторна система;ліки від кашлю;4;401204;ліки від кашлю;9.37%
товари;медикаменти та медичні товари;лікарські засоби;органи чуття;лікувально-профілактичні засоби для очей;4;160312;лікувально-профілактичні засоби для очей;9.39%
товари;медикаменти та медичні товари;медикаменти та медичні товари, загальне;медикаменти та медичні товари, загальне;медикаменти та медичні товари, загальне;2;16701;медикаменти та медичні товари, загальне;25.00%
товари;медикаменти та медичні товари;товари медичного призначення;медичні термометри ;медичні термометри ;3;162516;медичні термометри ;15.12%
товари;медикаменти та медичні товари;товари для людей з інвалідністю;медичні ходунки ;медичні ходунки ;3;400904;медичні ходунки ;14.17%
товари;медикаменти та медичні товари;товари для людей з інвалідністю;милиці;милиці;3;400903;милиці;14.31%
товари;медикаменти та медичні товари;натуральні препарати;натуральні дерматологічні засоби;натуральні дерматологічні засоби;3;160320;натуральні дерматологічні засоби;7.39%
товари;медикаменти та медичні товари;натуральні препарати;натуральні знеболюючі препарати;натуральні знеболюючі препарати;3;160331;натуральні знеболюючі препарати;7.66%
товари;медикаменти та медичні товари;натуральні препарати;натуральні препарати від алергії;натуральні препарати від алергії;3;160330;натуральні препарати від алергії;7.66%
товари;медикаменти та медичні товари;натуральні препарати;натуральні препарати від куріння та алкоголізму;натуральні препарати від куріння та алкоголізму;3;160335;натуральні препарати від куріння та алкоголізму;18.48%
товари;медикаменти та медичні товари;натуральні препарати;натуральні препарати для жінок;натуральні препарати для жінок;3;160317;натуральні препарати для жінок;8.93%
товари;медикаменти та медичні товари;натуральні препарати;натуральні препарати для лікування варикозного розширення вен;натуральні препарати для лікування варикозного розширення вен;3;160324;натуральні препарати для лікування варикозного розширення вен;8.93%
товари;медикаменти та медичні товари;натуральні препарати;натуральні препарати для лікування дихальної системи;натуральні препарати для лікування дихальної системи;3;160416;натуральні препарати для лікування дихальної системи;8.62%
товари;медикаменти та медичні товари;натуральні препарати;натуральні препарати для лікування захворювань щитовидної залози;натуральні препарати для лікування захворювань щитовидної залози;3;160315;натуральні препарати для лікування захворювань щитовидної залози;7.39%
товари;медикаменти та медичні товари;натуральні препарати;натуральні препарати для лікування нервової системи;натуральні препарати для лікування нервової системи;3;160303;натуральні препарати для лікування нервової системи;7.66%
товари;медикаменти та медичні товари;натуральні препарати;натуральні препарати для лікування нирок і сечовивідних шляхів;натуральні препарати для лікування нирок і сечовивідних шляхів;3;160327;натуральні препарати для лікування нирок і сечовивідних шляхів;8.62%
товари;медикаменти та медичні товари;натуральні препарати;натуральні препарати для лікування серцево-судинних захворювань;натуральні препарати для лікування серцево-судинних захворювань;3;160301;натуральні препарати для лікування серцево-судинних захворювань;7.52%
товари;медикаменти та медичні товари;натуральні препарати;натуральні препарати для лікування урологічних захворювань;натуральні препарати для лікування урологічних захворювань;3;160307;натуральні препарати для лікування урологічних захворювань;14.07%
товари;медикаменти та медичні товари;натуральні препарати;натуральні препарати для лікування хвороб опорно-рухової системи;натуральні препарати для лікування хвороб опорно-рухової системи;3;160336;натуральні препарати для лікування хвороб опорно-рухової системи;12.80%
товари;медикаменти та медичні товари;натуральні препарати;натуральні препарати для лікування шлунково-кишкового тракту;натуральні препарати для лікування шлунково-кишкового тракту;3;160309;натуральні препарати для лікування шлунково-кишкового тракту;7.66%
товари;медикаменти та медичні товари;натуральні препарати;натуральні препарати для поліпшення мозкового кровообігу;натуральні препарати для поліпшення мозкового кровообігу;3;160311;натуральні препарати для поліпшення мозкового кровообігу;8.62%
товари;медикаменти та медичні товари;натуральні препарати;натуральні препарати для поліпшення процесів регенерації;натуральні препарати для поліпшення процесів регенерації;3;160318;натуральні препарати для поліпшення процесів регенерації;8.93%
товари;медикаменти та медичні товари;натуральні препарати;натуральні препарати, загальне;натуральні препарати, загальне;3;160302;натуральні препарати, загальне;25.00%
товари;медикаменти та медичні товари;лікарські засоби;нервова система;нервова система, загальна;4;401223;нервова система, загальна;25.00%
товари;медикаменти та медичні товари;лікарські засоби;опорно-рухова система; опорно-рухова система, загальне;4;401225; опорно-рухова система, загальне;25.00%
товари;медикаменти та медичні товари;лікарські засоби;органи чуття;органи чуття, загальне;4;401235;органи чуття, загальне;25.00%
товари;медикаменти та медичні товари;ортопедичні товари;ортопедичні товари, загальне;ортопедичні товари, загальне;3;161205;ортопедичні товари, загальне;25.00%
товари;медикаменти та медичні товари;ортопедичні товари;ортопедичні фіксатори для новонароджених;ортопедичні фіксатори для новонароджених;3;401002;ортопедичні фіксатори для новонароджених;8.93%
товари;медикаменти та медичні товари;товари для людей з інвалідністю;підгузки для дорослих;підгузки для дорослих;3;151306;підгузки для дорослих;15.16%
товари;медикаменти та медичні товари;товари медичного призначення;піпетки;піпетки;3;161215;піпетки;14.17%
товари;медикаменти та медичні товари;товари медичного призначення;порожні капсули для ліків;порожні капсули для ліків;3;161222;порожні капсули для ліків;14.87%
товари;медикаменти та медичні товари;лікарські засоби;нервова система;препарати від алкоголізму і тютюнової залежності;4;160321;препарати від алкоголізму і тютюнової залежності;10.63%
товари;медикаменти та медичні товари;лікарські засоби;опорно-рухова система; препарати від м'язового болю;4;160333; препарати від м'язового болю;8.62%
товари;медикаменти та медичні товари;лікарські засоби;дерматологічні засоби;препарати для загоювання ран;4;401240;препарати для загоювання ран;10.32%
товари;медикаменти та медичні товари;лікарські засоби;препарати для імунної системи;препарати для імунної системи, загальне;4;401212;препарати для імунної системи, загальне;25.00%
товари;медикаменти та медичні товари;лікарські засоби;дерматологічні засоби;препарати для лікування акне;4;401231;препарати для лікування акне;8.84%
товари;медикаменти та медичні товари;лікарські засоби;органи чуття;препарати для лікування вушних захворювань;4;160325;препарати для лікування вушних захворювань;9.39%
товари;медикаменти та медичні товари;лікарські засоби;сечостатева система;препарати для лікування гінекологічних захворювань;4;160304;препарати для лікування гінекологічних захворювань;8.62%
товари;медикаменти та медичні товари;лікарські засоби;дерматологічні засоби;препарати для лікування дерматитів, екземи та псоріазу;4;401232;препарати для лікування дерматитів, екземи та псоріазу;8.84%
товари;медикаменти та медичні товари;лікарські засоби;травна система та обмін речовин;препарати для лікування жовчного міхура і печінки;4;160319;препарати для лікування жовчного міхура і печінки;8.78%
товари;медикаменти та медичні товари;лікарські засоби;дерматологічні засоби;препарати для лікування педикульозу;4;401233;препарати для лікування педикульозу;8.84%
товари;медикаменти та медичні товари;лікарські засоби;опорно-рухова система;препарати для лікування суглобів і кісток;4;160308;препарати для лікування суглобів і кісток;8.62%
товари;медикаменти та медичні товари;лікарські засоби;сечостатева система;препарати для лікування урологічних захворювань;4;160305;препарати для лікування урологічних захворювань;8.62%
товари;медикаменти та медичні товари;лікарські засоби;травна система та обмін речовин;препарати для лікування цукрового діабету;4;160314;препарати для лікування цукрового діабету;8.78%
товари;медикаменти та медичні товари;лікарські засоби;травна система та обмін речовин;препарати для підшлункової залози;4;401218;препарати для підшлункової залози;8.78%
товари;медикаменти та медичні товари;лікарські засоби;серцево-судинна система;препарати для судин;4;401239;препарати для судин;8.18%
товари;медикаменти та медичні товари;препарати для схуднення;препарати для схуднення, загальне;препарати для схуднення, загальне;3;16030606;препарати для схуднення, загальне;25.00%
товари;медикаменти та медичні товари;лікарські засоби;препарати ендокринної системи;препарати ендокринної системи;3;160412;препарати ендокринної системи;8.93%
товари;медикаменти та медичні товари;лікарські засоби;протиінфекційні препарати;препарати при захворюваннях ротової порожнини;4;401241;препарати при захворюваннях ротової порожнини;9.70%
товари;медикаменти та медичні товари;натуральні препарати;продукти бджільництва;продукти бджільництва;3;160326;продукти бджільництва;10.40%
товари;медикаменти та медичні товари;товари для людей з інвалідністю;товари після мастектомії;протези молочної залози;4;400908;протези молочної залози;12.32%
товари;медикаменти та медичні товари;лікарські засоби;дерматологічні засоби;протиалергічні речовини;4;160401;протиалергічні речовини;10.32%
товари;медикаменти та медичні товари;лікарські засоби;протиінфекційні препарати;протигрибкові препарати;4;401210;протигрибкові препарати;9.70%
товари;медикаменти та медичні товари;лікарські засоби;протиінфекційні препарати; протиінфекційні препарати, загальна;4;401208; протиінфекційні препарати, загальна;25.00%
товари;медикаменти та медичні товари;товари для людей з інвалідністю;протипролежневі системи;протипролежневі системи;3;400906;протипролежневі системи;14.35%
товари;медикаменти та медичні товари;товари для людей з інвалідністю;реабілітаційна меблі для дітей;реабілітаційна меблі для дітей;3;371318;реабілітаційна меблі для дітей;13.62%
товари;медикаменти та медичні товари;товари для людей з інвалідністю;реабілітаційні тренажери;реабілітаційні тренажери;3;200923;реабілітаційні тренажери;11.40%
товари;медикаменти та медичні товари;лікарські засоби;респіраторна система;респіраторна система, загальне;4;401203;респіраторна система, загальне;25.00%
товари;медикаменти та медичні товари;натуральні препарати;рослинні і тваринні екстракти;рослинні і тваринні екстракти;3;118;рослинні і тваринні екстракти;10.78%
товари;медикаменти та медичні товари;товари для людей з інвалідністю;санітарні пристосування для людей з інвалідністю;санітарні пристосування для людей з інвалідністю;3;400905;санітарні пристосування для людей з інвалідністю;13.93%
товари;медикаменти та медичні товари;лікарські засоби;серцево-судинна система;серцево-судинна система, загальне;4;401220;серцево-судинна система, загальне;25.00%
товари;медикаменти та медичні товари;лікарські засоби;серцево-судинна система;серцево-судинні препарати;4;160409;серцево-судинні препарати;8.18%
товари;медикаменти та медичні товари;лікарські засоби;сечостатева система;сечостатева система, загальне;4;401237;сечостатева система, загальне;25.00%
товари;медикаменти та медичні товари;товари медичного призначення;контрацептиви;спіралі внутрішньоматкові;4;16131202;спіралі внутрішньоматкові;13.75%
товари;медикаменти та медичні товари;товари медичного призначення;спринцівки;спринцівки;3;161217;спринцівки;8.93%
товари;медикаменти та медичні товари;товари медичного призначення;товари медичного призначення, загальне;товари медичного призначення, загальне;3;161201;товари медичного призначення, загальне;25.00%
товари;медикаменти та медичні товари;натуральні препарати;трав'яні збори та фіточаї;трав'яні збори та фіточаї;3;1602;трав'яні збори та фіточаї;15.26%
товари;медикаменти та медичні товари;лікарські засоби;травна система та обмін речовин;травна система та обмін речовин, загальне;4;401215;травна система та обмін речовин, загальне;25.00%
товари;медикаменти та медичні товари;товари для людей з інвалідністю;тростини;тростини;3;400902;тростини;14.68%
товари;медикаменти та медичні товари;товари для людей з інвалідністю;урологічні прокладки;урологічні прокладки;3;400916;урологічні прокладки;15.54%
товари;медикаменти та медичні товари;ортопедичні товари;фіксатори гомілковостопного суглоба;фіксатори гомілковостопного суглоба;3;401004;фіксатори гомілковостопного суглоба;14.91%
товари;медикаменти та медичні товари;ортопедичні товари;фіксатори колінного суглоба;фіксатори колінного суглоба;3;401006;фіксатори колінного суглоба;15.31%
товари;медикаменти та медичні товари;ортопедичні товари;фіксатори плечового і ліктьового суглоба;фіксатори плечового і ліктьового суглоба;3;401008;фіксатори плечового і ліктьового суглоба;15.21%
товари;медикаменти та медичні товари;ортопедичні товари;фіксатори променево-зап'ясткового суглоба та пальців кисті;фіксатори променево-зап'ясткового суглоба та пальців кисті;3;401009;фіксатори променево-зап'ясткового суглоба та пальців кисті;14.79%
товари;медикаменти та медичні товари;ортопедичні товари;фіксатори стегна;фіксатори стегна;3;401011;фіксатори стегна;14.87%
товари;медикаменти та медичні товари;ортопедичні товари;фіксатори шиї;фіксатори шиї;3;401007;фіксатори шиї;15.80%
товари;медикаменти та медичні товари;лікарські засоби;опорно-рухова система;хондропротектори;4;401228;хондропротектори;8.62%
товари;медикаменти та медичні товари;лікарські засоби;травна система та обмін речовин;шлунково-кишкові препарати;4;160413;шлунково-кишкові препарати;8.78%
товари;медичне обладнання та витратні матеріали;стоматологічні матеріали;адгезивні системи;адгезивні системи;3;161702;адгезивні системи;7.70%
товари;медичне обладнання та витратні матеріали;медичні інструменти та витратні матеріали;антибактеріальні килимки;антибактеріальні килимки;3;161316;антибактеріальні килимки;10.69%
товари;медичне обладнання та витратні матеріали;медичне обладнання;масажне обладнання;валики для масажних столів;4;16111702;валики для масажних столів;14.07%
товари;медичне обладнання та витратні матеріали;медичне обладнання;витратні матеріали для медичного обладнання;витратні матеріали для діагностичного обладнання;4;16111405;витратні матеріали для діагностичного обладнання;12.01%
товари;медичне обладнання та витратні матеріали;медичне обладнання;витратні матеріали для медичного обладнання;витратні матеріали для кардіологічного обладнання;4;16110906;витратні матеріали для кардіологічного обладнання;9.31%
товари;медичне обладнання та витратні матеріали;медичне обладнання;витратні матеріали для медичного обладнання;витратні матеріали для медичного устаткування, загальне;4;16130801;витратні матеріали для медичного устаткування, загальне;25.00%
товари;медичне обладнання та витратні матеріали;стоматологічні матеріали;відбиткові матеріали;відбиткові матеріали;3;161708;відбиткові матеріали;7.70%
товари;медичне обладнання та витратні матеріали;медичні інструменти та витратні матеріали;гінекологічні приналежності;гінекологічні приналежності;3;161309;гінекологічні приналежності;13.55%
товари;медичне обладнання та витратні матеріали;медичне обладнання;гістологічне обладнання;гістологічне обладнання;3;161122;гістологічне обладнання;6.60%
товари;медичне обладнання та витратні матеріали;медичні інструменти та витратні матеріали;дренажі медичні;дренажі медичні;3;161202;дренажі медичні;7.70%
товари;медичне обладнання та витратні матеріали;стоматологічні матеріали;ендодонтичні матеріали;ендодонтичні матеріали;3;161710;ендодонтичні матеріали;7.70%
товари;медичне обладнання та витратні матеріали;стоматологічні матеріали;змінні вініри для зубів;змінні вініри для зубів;3;161711;змінні вініри для зубів;15.49%
товари;медичне обладнання та витратні матеріали;медичні інструменти та витратні матеріали;зонди і катетери;зонди і катетери;3;161203;зонди і катетери;13.55%
товари;медичне обладнання та витратні матеріали;медичне обладнання;фізіотерапевтичне обладнання;інгалятори;4;16110405;інгалятори;13.56%
товари;медичне обладнання та витратні матеріали;медичні інструменти та витратні матеріали;кало-, сечоприймачі;кало-, сечоприймачі;3;161219;кало-, сечоприймачі;13.55%
товари;медичне обладнання та витратні матеріали;медичне обладнання;кисневе медичне обладнання;кисневі балончики;4;16112303;кисневі балончики;9.70%
товари;медичне обладнання та витратні матеріали;медичне обладнання;кисневе медичне обладнання;кисневі коктейлери і міксери;4;16112301;кисневі коктейлери і міксери;9.70%
товари;медичне обладнання та витратні матеріали;стоматологічні матеріали;комплектуючі та елементи зубних протезів;комплектуючі та елементи зубних протезів;3;161709;комплектуючі та елементи зубних протезів;7.70%
товари;медичне обладнання та витратні матеріали;стоматологічні матеріали;композитні стоматологічні матеріали;композитні стоматологічні матеріали;3;161704;композитні стоматологічні матеріали;13.55%
товари;медичне обладнання та витратні матеріали;стоматологічні матеріали;лікувальні стоматологічні матеріали;лікувальні стоматологічні матеріали;3;161706;лікувальні стоматологічні матеріали;12.96%
товари;медичне обладнання та витратні матеріали;медичні інструменти та витратні матеріали;лотки медичні;лотки медичні;3;161206;лотки медичні;8.93%
товари;медичне обладнання та витратні матеріали;медичні інструменти та витратні матеріали;м'який медичний інвентар;м'який медичний інвентар;3;161207;м'який медичний інвентар;8.93%
товари;медичне обладнання та витратні матеріали;медичне обладнання;лабораторне обладнання;магнітні мішалки;4;82618;магнітні мішалки;12.96%
товари;медичне обладнання та витратні матеріали;медичні інструменти та витратні матеріали;медичні витратні матеріали;медична вата ;4;16131301;медична вата ;14.88%
товари;медичне обладнання та витратні матеріали;медичні інструменти та витратні матеріали;медичні витратні матеріали;медична марля ;4;16131303;медична марля ;14.88%
товари;медичне обладнання та витратні матеріали;медичне обладнання;медичне обладнання, загальне;медичне обладнання, загальне;3;161105;медичне обладнання, загальне;25.00%
товари;медичне обладнання та витратні матеріали;медичні інструменти та витратні матеріали;медичне приладдя, загальне;медичне приладдя, загальне;3;161303;медичне приладдя, загальне;25.00%
товари;медичне обладнання та витратні матеріали;медичні інструменти та витратні матеріали;медичні витратні матеріали;медичні бинти ;4;161302;медичні бинти ;14.88%
товари;медичне обладнання та витратні матеріали;медичні інструменти та витратні матеріали;медичні витратні матеріали;медичні витратні матеріали, загальне;4;16131304;медичні витратні матеріали, загальне;25.00%
товари;медичне обладнання та витратні матеріали;медичні інструменти та витратні матеріали;медичні дезінфікуючі засоби;медичні дезінфікуючі засоби;3;161317;медичні дезінфікуючі засоби;15.25%
товари;медичне обладнання та витратні матеріали;медичні інструменти та витратні матеріали;медичні джгути;медичні джгути;3;801205;медичні джгути;8.93%
товари;медичне обладнання та витратні матеріали;медичні інструменти та витратні матеріали;медичні імпланти;медичні імпланти;3;4008;медичні імпланти;13.24%
товари;медичне обладнання та витратні матеріали;медичні інструменти та витратні матеріали;медичні інструменти для огляду;медичні інструменти для огляду;3;161212;медичні інструменти для огляду;7.70%
товари;медичне обладнання та витратні матеріали;медичні інструменти та витратні матеріали;медичні маски і респіратори;медичні маски і респіратори;3;161305;медичні маски і респіратори;16.11%
товари;медичне обладнання та витратні матеріали;медичні інструменти та витратні матеріали;медичні витратні матеріали;медичні пластирі ;4;16131305;медичні пластирі ;14.16%
товари;медичне обладнання та витратні матеріали;медичні товари, загальне;медичні товари, загальне;медичні товари, загальне;2;4006;медичні товари, загальне;25.00%
товари;медичне обладнання та витратні матеріали;медичне обладнання;медичні тренажери і моделі;медичні тренажери і моделі;3;161130;медичні тренажери і моделі;9.86%
товари;медичне обладнання та витратні матеріали;медичні інструменти та витратні матеріали;набори медичних інструментів;набори медичних інструментів;3;161209;набори медичних інструментів;12.96%
товари;медичне обладнання та витратні матеріали;медичне обладнання;діагностичне обладнання;обладнання та інструменти для подології;4;16111407;обладнання та інструменти для подології;14.05%
товари;медичне обладнання та витратні матеріали;медичні інструменти та витратні матеріали;одноразовий одяг і взуття;одноразовий одяг і взуття;3;161310;одноразовий одяг і взуття;13.65%
товари;медичне обладнання та витратні матеріали;медичні інструменти та витратні матеріали;одноразові рукавички ;одноразові рукавички ;3;161304;одноразові рукавички ;15.24%
товари;медичне обладнання та витратні матеріали;стоматологічні матеріали;ортодонтичні матеріали;ортодонтичні матеріали;3;161707;ортодонтичні матеріали;12.63%
товари;медичне обладнання та витратні матеріали;медичні інструменти та витратні матеріали;офтальмологічні інструменти;офтальмологічні інструменти;3;161210;офтальмологічні інструменти;11.86%
товари;медичне обладнання та витратні матеріали;медичні інструменти та витратні матеріали;медичні витратні матеріали;пакети для стерилізації;4;16131306;пакети для стерилізації;14.42%
товари;медичне обладнання та витратні матеріали;медичні інструменти та витратні матеріали;підперчатки;підперчатки;3;161319;підперчатки;14.17%
товари;медичне обладнання та витратні матеріали;медичні інструменти та витратні матеріали;медичні витратні матеріали;пов'язки для лікування ран;4;16131307;пов'язки для лікування ран;14.88%
товари;медичне обладнання та витратні матеріали;стоматологічні матеріали;прокладочні стоматологічні матеріали;прокладочні стоматологічні матеріали;3;161705;прокладочні стоматологічні матеріали;7.70%
товари;медичне обладнання та витратні матеріали;медичні інструменти та витратні матеріали;простирадла медичні;простирадла медичні;3;161315;простирадла медичні;14.04%
товари;медичне обладнання та витратні матеріали;медичне обладнання;кардіологічне обладнання;пульсоксіметри;4;16110904;пульсоксіметри;14.53%
товари;медичне обладнання та витратні матеріали;медичні інструменти та витратні матеріали;медичні витратні матеріали;серветки медичні;4;16131302;серветки медичні;15.32%
товари;медичне обладнання та витратні матеріали;медичні інструменти та витратні матеріали;стерилізаційний інвентар;стерилізаційний інвентар;3;161208;стерилізаційний інвентар;10.01%
товари;медичне обладнання та витратні матеріали;медичне обладнання;стоматологічне обладнання;стоматологічне обладнання;3;161106;стоматологічне обладнання;12.46%
товари;медичне обладнання та витратні матеріали;стоматологічні матеріали;стоматологічні витратні матеріали;стоматологічні витратні матеріали;3;161712;стоматологічні витратні матеріали;12.96%
товари;медичне обладнання та витратні матеріали;медичні інструменти та витратні матеріали;стоматологічні інструменти та інвентар;стоматологічні інструменти та інвентар;3;161211;стоматологічні інструменти та інвентар;7.66%
товари;медичне обладнання та витратні матеріали;стоматологічні матеріали;стоматологічні матеріали, загальне;стоматологічні матеріали, загальне;3;161701;стоматологічні матеріали, загальне;25.00%
товари;медичне обладнання та витратні матеріали;стоматологічні матеріали;стоматологічні цементи;стоматологічні цементи;3;161703;стоматологічні цементи;7.70%
товари;медичне обладнання та витратні матеріали;медичні інструменти та витратні матеріали;сумки та укладки медичні;сумки та укладки медичні;3;161213;сумки та укладки медичні;8.93%
товари;медичне обладнання та витратні матеріали;медичне обладнання;фізіотерапевтичне обладнання;фізіотерапевтичні апарати;4;16110404;фізіотерапевтичні апарати;12.39%
товари;медичне обладнання та витратні матеріали;медичне обладнання;операційне обладнання та інструмент;хірургічне обладнання;4;16111001;хірургічне обладнання;9.48%
товари;медичне обладнання та витратні матеріали;медичне обладнання;лабораторне обладнання;центрифуги лабораторні;4;82614;центрифуги лабораторні;12.96%
товари;медичне обладнання та витратні матеріали;медичне обладнання;обладнання для іммобілізації;шини та коміри іммобілізаційні;4;16112402;шини та коміри іммобілізаційні;10.82%
товари;медичне обладнання та витратні матеріали;медичні інструменти та витратні матеріали;шовний матеріал;шовний матеріал;3;161301;шовний матеріал;13.55%
товари;неліквідні запаси (стоки);сток одягу і взуття, секонд хенд;сток одягу і взуття, секонд хенд;сток одягу і взуття, секонд хенд;2;337;сток одягу і взуття, секонд хенд;9.24%
товари;обладнання та товари для надання послуг;рекламне і виставкове обладнання, матеріали; 3d голографічні пристрої; 3d голографічні пристрої;3;500703; 3d голографічні пристрої;12.57%
товари;обладнання та товари для надання послуг;horeca&fast-food;horeca&fast-food, загальне;horeca&fast-food, загальне;3;240699;horeca&fast-food, загальне;25.00%
товари;обладнання та товари для надання послуг;обладнання для автосервісу;обладнання для техогляду і контрольне обладнання;автомобільні діагностичні сканери;4;12110611;автомобільні діагностичні сканери;14.66%
товари;обладнання та товари для надання послуг;обладнання для автосервісу;обладнання для техогляду і контрольне обладнання;автомобільні стетоскопи;4;12110613;автомобільні стетоскопи;14.86%
товари;обладнання та товари для надання послуг;horeca&fast-food;аксесуари бариста;аксесуари бариста;3;240681;аксесуари бариста;14.73%
товари;обладнання та товари для надання послуг;horeca&fast-food;аксесуари для барменів;аксесуари для барменів, загальне;4;240679;аксесуари для барменів, загальне;25.00%
товари;обладнання та товари для надання послуг;все для салонів краси;обладнання та матеріали для салонів краси;аксесуари для перукарських інструментів;4;283010;аксесуари для перукарських інструментів;15.46%
товари;обладнання та товари для надання послуг;все для салонів краси;все для татуювання, боді-арту, пірсингу;аксесуари для тату і боді-арту;4;282973;аксесуари для тату і боді-арту;15.19%
товари;обладнання та товари для надання послуг;horeca&fast-food;аксесуари для барменів;аксесуари для флейринга;4;152907;аксесуари для флейринга;16.29%
товари;обладнання та товари для надання послуг;комерційні меблі;меблі для навчальних закладів;аксесуари до парт;4;370242;аксесуари до парт;11.62%
товари;обладнання та товари для надання послуг;вендінгове і розважальне обладнання;інвентар для більярду;аксесуари та комплектуючі для більярду;4;203215;аксесуари та комплектуючі для більярду;15.47%
товари;обладнання та товари для надання послуг;товари для офісу;обладнання для презентацій і конференцій;аксесуари та комплектуючі для презентацій;4;212005;аксесуари та комплектуючі для презентацій;15.96%
товари;обладнання та товари для надання послуг;комерційні меблі;медичні меблі;акушерсько-гінекологічні крісла і кушетки;4;37021004;акушерсько-гінекологічні крісла і кушетки;8.10%
товари;обладнання та товари для надання послуг;обладнання для автосервісу;обладнання для автомийок;апарати високого тиску;4;121105;апарати високого тиску;14.34%
товари;обладнання та товари для надання послуг;обладнання для торгівлі;теплове обладнання для вуличної торгівлі;апарати для попкорну;4;6300414;апарати для попкорну;12.32%
товари;обладнання та товари для надання послуг;обладнання для торгівлі;електромеханічне обладнання для торгівлі;апарати для розливу напоїв;4;240601;апарати для розливу напоїв;11.40%
товари;обладнання та товари для надання послуг;обладнання для торгівлі;електромеханічне обладнання для торгівлі;апарати цукрової вати і витратні матеріали;4;2200912;апарати цукрової вати і витратні матеріали;13.74%
товари;обладнання та товари для надання послуг;професійне аудіо-, відео-, фото обладнання;аудіомікшери;аудіомікшери;3;6371804;аудіомікшери;12.08%
товари;обладнання та товари для надання послуг;рекламне і виставкове обладнання, матеріали;матеріали для виготовлення реклами;банерна тканина;4;283034;банерна тканина;8.93%
товари;обладнання та товари для надання послуг;horeca&fast-food;аксесуари для барменів;барні килимки, барні сітки;4;240615;барні килимки, барні сітки;16.29%
товари;обладнання та товари для надання послуг;вендінгове і розважальне обладнання;інвентар для більярду;більярдні киї;4;203203;більярдні киї;15.34%
товари;обладнання та товари для надання послуг;вендінгове і розважальне обладнання;інвентар для більярду;більярдні кулі;4;203202;більярдні кулі;14.95%
товари;обладнання та товари для надання послуг;офісна техніка;біндер для зшивання документів;біндер для зшивання документів;3;2101;біндер для зшивання документів;11.55%
товари;обладнання та товари для надання послуг;обладнання та матеріали для друкарні;післядрукарське та оздоблювальне устаткування;паперорізальне обладнання;4;23090301;паперорізальне обладнання;12.96%
товари;обладнання та товари для надання послуг;комерційні меблі;меблі для салонів краси;валики для манікюрного столу;4;15030828;валики для манікюрного столу;14.82%
товари;обладнання та товари для надання послуг;все для салонів краси;обладнання та матеріали для косметології;вапорізатори;4;282993;вапорізатори;13.65%
товари;обладнання та товари для надання послуг;комерційні меблі;меблі для horeca;винні комоди і стелажі;4;152909;винні комоди і стелажі;10.01%
товари;обладнання та товари для надання послуг;все для салонів краси;обладнання та матеріали для салонів краси;витратні матеріали для салонів краси;4;161405;витратні матеріали для салонів краси;15.59%
товари;обладнання та товари для надання послуг;обладнання для торгівлі;флористичні матеріали;витратні матеріали для флористики;4;283076;витратні матеріали для флористики;16.40%
товари;обладнання та товари для надання послуг;комерційні меблі;медичні меблі;візки і столики медичні;4;15030823;візки і столики медичні;11.52%
товари;обладнання та товари для надання послуг;horeca&fast-food;прибиральний інвентар та засоби для horeca;віники, мітли, совки;4;151401;віники, мітли, совки;15.09%
товари;обладнання та товари для надання послуг;релігійні і езотеричні товари;ритуальні товари;вінки траурні;4;282604;вінки траурні;7.79%
товари;обладнання та товари для надання послуг;вендінгове і розважальне обладнання;все для боулінгу;все для боулінгу;3;2002;все для боулінгу;15.55%
товари;обладнання та товари для надання послуг;все для салонів краси;обладнання та матеріали для салонів краси;все для нарощування вій та брів;4;161407;все для нарощування вій та брів;15.65%
товари;обладнання та товари для надання послуг;все для салонів краси;обладнання та матеріали для салонів краси;все для нарощування та плетіння волосся;4;283023;все для нарощування та плетіння волосся;15.46%
товари;обладнання та товари для надання послуг;все для салонів краси;обладнання та матеріали для салонів краси;все для салонів краси, загальне;4;28290202;все для салонів краси, загальне;25.00%
товари;обладнання та товари для надання послуг;все для салонів краси;все для татуювання, боді-арту, пірсингу;все для татуювання, боді-арту, пірсингу, загальне;4;282988;все для татуювання, боді-арту, пірсингу, загальне;25.00%
товари;обладнання та товари для надання послуг;вендінгове і розважальне обладнання;гардеробні номерки;гардеробні номерки;3;282944;гардеробні номерки;13.86%
товари;обладнання та товари для надання послуг;horeca&fast-food;нейтральне обладнання horeca&fast-food;гастроємності;4;240654;гастроємності;15.42%
товари;обладнання та товари для надання послуг;обладнання для торгівлі;флористичні матеріали;гелі, фарби, олівці для квітів;4;1140504;гелі, фарби, олівці для квітів;16.66%
товари;обладнання та товари для надання послуг;вендінгове і розважальне обладнання;обладнання для заходів і клубів;генератори спецефектів;4;282915;генератори спецефектів;13.94%
товари;обладнання та товари для надання послуг;обладнання для автосервісу;підйомне устаткування;гідравлічні підкатні крани;4;12110307;гідравлічні підкатні крани;10.60%
товари;обладнання та товари для надання послуг;обладнання для навчальних закладів;глобуси;глобуси;3;282941;глобуси;14.53%
товари;обладнання та товари для надання послуг;рекламне і виставкове обладнання, матеріали;pos-матеріали;готові інформаційні таблички та вивіски;4;281973;готові інформаційні таблички та вивіски;14.38%
товари;обладнання та товари для надання послуг;все для салонів краси;обладнання та матеріали для салонів краси;грим і косметика для спецефектів;4;161608;грим і косметика для спецефектів;15.46%
товари;обладнання та товари для надання послуг;обладнання для торгівлі;касове/прикасове обладнання;грошові ящики;4;283001;грошові ящики;15.03%
товари;обладнання та товари для надання послуг;релігійні і езотеричні товари;ритуальні товари;декор для пам'ятників;4;282608;декор для пам'ятників;9.09%
товари;обладнання та товари для надання послуг;комерційні меблі;меблі для дошкільних установ;декорації;4;15030827;декорації;11.55%
товари;обладнання та товари для надання послуг;банківське обладнання;детектори валют;детектори валют;3;51004;детектори валют;10.33%
товари;обладнання та товари для надання послуг;horeca&fast-food;санітарно-гігієнічне обладнання;диспенсери;4;130105;диспенсери;15.56%
товари;обладнання та товари для надання послуг;комерційні меблі;меблі для навчальних закладів;дитячі і шкільні парти;4;37024002;дитячі і шкільні парти;13.55%
товари;обладнання та товари для надання послуг;комерційні меблі;меблі для навчальних закладів;дошки аудиторні;4;37024001;дошки аудиторні;13.55%
товари;обладнання та товари для надання послуг;товари для офісу;обладнання для презентацій і конференцій;дошки і фліпчарти;4;212002;дошки і фліпчарти;15.57%
товари;обладнання та товари для надання послуг;horeca&fast-food;дошки-меню;дошки-меню;3;240676;дошки-меню;14.63%
товари;обладнання та товари для надання послуг;релігійні і езотеричні товари;езотеричні товари;езотеричні товари;3;283040;езотеричні товари;22.65%
товари;обладнання та товари для надання послуг;horeca&fast-food;теплове обладнання horeca&fast-food;електричні шашличниці;4;2200933;електричні шашличниці;14.53%
товари;обладнання та товари для надання послуг;horeca&fast-food;теплове обладнання horeca&fast-food;електрокип'ятильники, роздавальники чаю;4;240625;електрокип'ятильники, роздавальники чаю;13.96%
товари;обладнання та товари для надання послуг;horeca&fast-food;електромеханічне обладнання horeca&fast-food;електромеханічне обладнання horeca&fast-food, загальне;4;240646;електромеханічне обладнання horeca&fast-food, загальне;25.00%
товари;обладнання та товари для надання послуг;обладнання для торгівлі;електромеханічне обладнання для торгівлі;електромеханічне обладнання для торгівлі, загальне;4;283044;електромеханічне обладнання для торгівлі, загальне;25.00%
товари;обладнання та товари для надання послуг;horeca&fast-food;теплове обладнання horeca&fast-food;жарові й пекарські шафи;4;240623;жарові й пекарські шафи;10.05%
товари;обладнання та товари для надання послуг;horeca&fast-food;запчастини до обладнання horeca&fast-food;запчастини для електромеханічного обладнання horeca&fast-food;4;240671;запчастини для електромеханічного обладнання horeca&fast-food;11.35%
товари;обладнання та товари для надання послуг;horeca&fast-food;запчастини до обладнання horeca&fast-food;запчастини для нейтрального обладнання horeca&fast-food;4;240670;запчастини для нейтрального обладнання horeca&fast-food;11.35%
товари;обладнання та товари для надання послуг;horeca&fast-food;запчастини до обладнання horeca&fast-food;запчастини для теплового обладнання horeca&fast-food;4;240661;запчастини для теплового обладнання horeca&fast-food;11.35%
товари;обладнання та товари для надання послуг;horeca&fast-food;запчастини до обладнання horeca&fast-food;запчастини для холодильного обладнання horeca&fast-food;4;240668;запчастини для холодильного обладнання horeca&fast-food;11.35%
товари;обладнання та товари для надання послуг;horeca&fast-food;запчастини до обладнання horeca&fast-food;запчастини до обладнання horeca&fast-food, загальне;4;240667;запчастини до обладнання horeca&fast-food, загальне;25.00%
товари;обладнання та товари для надання послуг;комерційні меблі;запчастини і комплектуючі для комерційних меблів;запчастини і комплектуючі для комерційних меблів;3;15030124;запчастини і комплектуючі для комерційних меблів;14.53%
товари;обладнання та товари для надання послуг;офісна техніка;запчастини і комплектуючі для офісної техніки;запчастини і комплектуючі для офісної техніки;3;210302;запчастини і комплектуючі для офісної техніки;17.42%
товари;обладнання та товари для надання послуг;професійне аудіо-, відео-, фото обладнання;запчастини і комплектуючі для професійного аудіо-відео обладнання;запчастини і комплектуючі для професійного аудіо-відео обладнання;3;6371814;запчастини і комплектуючі для професійного аудіо-відео обладнання;12.14%
товари;обладнання та товари для надання послуг;все для салонів краси;обладнання та матеріали для косметології;запчастини та комплектуючі до косметологічних апаратів;4;283080;запчастини та комплектуючі до косметологічних апаратів;15.21%
товари;обладнання та товари для надання послуг;все для салонів краси;обладнання та матеріали для салонів краси;засоби для ламінування і біозавивки;4;283093;засоби для ламінування і біозавивки;15.26%
товари;обладнання та товари для надання послуг;все для салонів краси;все для татуювання, боді-арту, пірсингу; засоби для перманентного макіяжу;4;283091; засоби для перманентного макіяжу;15.45%
товари;обладнання та товари для надання послуг;все для салонів краси;все для татуювання, боді-арту, пірсингу;засоби для татуювання, боді-арту, пірсингу;4;283028;засоби для татуювання, боді-арту, пірсингу;15.38%
товари;обладнання та товари для надання послуг;комерційні меблі;меблі для дошкільних установ;ігрові меблі;4;371310;ігрові меблі;11.55%
товари;обладнання та товари для надання послуг;релігійні і езотеричні товари;ікони, кіоти;ікони, кіоти;3;1701;ікони, кіоти;12.49%
товари;обладнання та товари для надання послуг;обладнання для автосервісу;інструменти для автосервісу;інструменти для автосервісу, загальне;4;12111801;інструменти для автосервісу, загальне;25.00%
товари;обладнання та товари для надання послуг;обладнання для автосервісу;інструменти для автосервісу;інструменти для ремонту і відновлення шин;4;12110202;інструменти для ремонту і відновлення шин;13.94%
товари;обладнання та товари для надання послуг;все для салонів краси;обладнання та матеріали для косметології;інструменти для видалення вугрів, прищів;4;283020;інструменти для видалення вугрів, прищів;15.08%
товари;обладнання та товари для надання послуг;обладнання для автосервісу;інструменти для автосервісу;інструменти для демонтажу авто-стекол;4;12110210;інструменти для демонтажу авто-стекол;13.94%
товари;обладнання та товари для надання послуг;все для салонів краси;все для татуювання, боді-арту, пірсингу;інструменти для пірсингу, татуювань і татуажу;4;161401;інструменти для пірсингу, татуювань і татуажу;15.32%
товари;обладнання та товари для надання послуг;все для салонів краси;обладнання та матеріали для косметології;інструменти і засоби для мезотерапії;4;283019;інструменти і засоби для мезотерапії;13.65%
товари;обладнання та товари для надання послуг;офісна техніка;калькулятори;калькулятори;3;501;калькулятори;15.66%
товари;обладнання та товари для надання послуг;обладнання для торгівлі;касове/прикасове обладнання;касові апарати;4;51006;касові апарати;9.80%
товари;обладнання та товари для надання послуг;обладнання для торгівлі;касове/прикасове обладнання;касові стрічки;4;282962;касові стрічки;15.03%
товари;обладнання та товари для надання послуг;все для салонів краси;обладнання та матеріали для салонів краси;кейси та валізи для майстра;4;283082;кейси та валізи для майстра;17.37%
товари;обладнання та товари для надання послуг;обладнання та матеріали для друкарні;технічні засоби управління кольором;колірні довідники;4;6370608;колірні довідники;7.66%
товари;обладнання та товари для надання послуг;комерційні меблі;комерційні меблі, загальне;комерційні меблі, загальне;3;370199;комерційні меблі, загальне;25.00%
товари;обладнання та товари для надання послуг;комерційні меблі;меблі для horeca;комплекти меблів horeca&fast-food;4;15030104;комплекти меблів horeca&fast-food;8.58%
товари;обладнання та товари для надання послуг;обладнання для автосервісу;обладнання для автомийок;комплектуючі для апаратів високого тиску;4;121111;комплектуючі для апаратів високого тиску;14.34%
товари;обладнання та товари для надання послуг;обладнання для автосервісу;шиномонтажне обладнання;комплектуючі для шиномонтажу;4;120208;комплектуючі для шиномонтажу;14.74%
товари;обладнання та товари для надання послуг;обладнання для автосервісу;обладнання для автомийок;комплектуючі та аксесуари для автомийок;4;12111404;комплектуючі та аксесуари для автомийок;14.34%
товари;обладнання та товари для надання послуг;вендінгове і розважальне обладнання;обладнання для заходів і клубів;комплектуючі та аксесуари до концертного і клубному обладнання;4;283042;комплектуючі та аксесуари до концертного і клубному обладнання;13.94%
товари;обладнання та товари для надання послуг;обладнання для автосервісу;обладнання для техогляду і контрольне обладнання;компресометри і масломіри автомобільні;4;12110614;компресометри і масломіри автомобільні;15.12%
товари;обладнання та товари для надання послуг;професійне аудіо-, відео-, фото обладнання;комутатори сигналу;комутатори сигналу;3;6371808;комутатори сигналу;12.18%
товари;обладнання та товари для надання послуг;офісна техніка;копіювальні апарати;копіювальні апарати;3;2104;копіювальні апарати;15.98%
товари;обладнання та товари для надання послуг;все для салонів краси;обладнання та матеріали для косметології;косметологічні апарати для салонів краси;4;282991;косметологічні апарати для салонів краси;13.65%
товари;обладнання та товари для надання послуг;horeca&fast-food;електромеханічне обладнання horeca&fast-food;котлетні автомати;4;240658;котлетні автомати;12.43%
товари;обладнання та товари для надання послуг;релігійні і езотеричні товари;крижми і аксесуари для хрещення;крижми і аксесуари для хрещення;3;40307;крижми і аксесуари для хрещення;19.72%
товари;обладнання та товари для надання послуг;комерційні меблі;меблі для салонів краси;крісла і пуфи для відвідувачів;4;15030413;крісла і пуфи для відвідувачів;14.63%
товари;обладнання та товари для надання послуг;вендінгове і розважальне обладнання;обладнання для сенсорних кімнат;кульки для басейнів;4;264803;кульки для басейнів;11.67%
товари;обладнання та товари для надання послуг;horeca&fast-food;електромеханічне обладнання horeca&fast-food;кутери, м'ясорубки професійні;4;240647;кутери, м'ясорубки професійні;10.13%
товари;обладнання та товари для надання послуг;товари для офісу;обладнання для презентацій і конференцій;лазерні указки;4;212001;лазерні указки;15.31%
товари;обладнання та товари для надання послуг;обладнання та матеріали для друкарні;післядрукарське та оздоблювальне устаткування;ламінатори;4;147107;ламінатори;12.96%
товари;обладнання та товари для надання послуг;все для салонів краси;обладнання та матеріали для косметології;лампи-лупи косметологічні;4;282992;лампи-лупи косметологічні;15.14%
товари;обладнання та товари для надання послуг;обладнання для автосервісу;інструменти для автосервісу;лежаки автослюсарні підкатні;4;12110209;лежаки автослюсарні підкатні;13.94%
товари;обладнання та товари для надання послуг;банківське обладнання;лічильники банкнот і монет;лічильники банкнот і монет;3;51003;лічильники банкнот і монет;14.48%
товари;обладнання та товари для надання послуг;horeca&fast-food;холодильне обладнання horeca&fast-food;льодогенератори;4;240606;льодогенератори;9.30%
товари;обладнання та товари для надання послуг;вендінгове і розважальне обладнання;обладнання для сенсорних кімнат;м'які ігрові модулі;4;180805;м'які ігрові модулі;10.63%
товари;обладнання та товари для надання послуг;комерційні меблі;меблі для horeca;м'які меблі для ресторанів і кафе;4;15030108;м'які меблі для ресторанів і кафе;8.58%
товари;обладнання та товари для надання послуг;обладнання для автосервісу;інструменти для автосервісу;магнітний інструмент;4;12110211;магнітний інструмент;13.94%
товари;обладнання та товари для надання послуг;обладнання для торгівлі;презентаційне обладнання для торгівлі;манекени;4;33801;манекени;15.03%
товари;обладнання та товари для надання послуг;комерційні меблі;меблі для салонів краси;манікюрні столи;4;161802;манікюрні столи;14.43%
товари;обладнання та товари для надання послуг;horeca&fast-food;маркізи;маркізи;3;153810;маркізи;9.80%
товари;обладнання та товари для надання послуг;horeca&fast-food;теплове обладнання horeca&fast-food;марміти;4;240602;марміти;14.85%
товари;обладнання та товари для надання послуг;комерційні меблі;медичні меблі;масажні столи;4;37021011;масажні столи;13.80%
товари;обладнання та товари для надання послуг;обладнання та матеріали для друкарні;витратні матеріали для поліграфії;матеріали для друкарських процесів;4;230925;матеріали для друкарських процесів;14.54%
товари;обладнання та товари для надання послуг;обладнання для автосервісу;матеріали для ремонту і відновлення шин;матеріали для ремонту і відновлення шин;3;121109;матеріали для ремонту і відновлення шин;8.93%
товари;обладнання та товари для надання послуг;все для салонів краси;обладнання та матеріали для салонів краси;матеріали і засоби для парафінотерапії;4;161408;матеріали і засоби для парафінотерапії;15.00%
товари;обладнання та товари для надання послуг;швейні матеріали та обладнання;комплектуючі та матеріали для взуття;матеріали та фурнітура для взуттєвого виробництва;4;3221001;матеріали та фурнітура для взуттєвого виробництва;16.17%
товари;обладнання та товари для надання послуг;комерційні меблі;меблі для дошкільних установ;меблі для дошкільних установ, загальне;4;15030805;меблі для дошкільних установ, загальне;25.00%
товари;обладнання та товари для надання послуг;комерційні меблі;меблі для салонів краси;меблі для салонів краси, загальне;4;1503080103;меблі для салонів краси, загальне;25.00%
товари;обладнання та товари для надання послуг;комерційні меблі;меблі для установ;меблі для установ, загальне;4;15030116;меблі для установ, загальне;25.00%
товари;обладнання та товари для надання послуг;комерційні меблі;медичні меблі;медичні меблі, загальне;4;37021007;медичні меблі, загальне;25.00%
товари;обладнання та товари для надання послуг;рекламне і виставкове обладнання, матеріали;pos-матеріали;аксесуари для подачі меню та рахунку;4;281976;аксесуари для подачі меню та рахунку;14.38%
товари;обладнання та товари для надання послуг;все для салонів краси;обладнання та матеріали для салонів краси;мийки перукарні;4;282975;мийки перукарні;15.72%
товари;обладнання та товари для надання послуг;професійне аудіо-, відео-, фото обладнання;мікрофонні стійки, утримувачі;мікрофонні стійки, утримувачі;3;180561;мікрофонні стійки, утримувачі;14.46%
товари;обладнання та товари для надання послуг;horeca&fast-food;електромеханічне обладнання horeca&fast-food;міксери і тістоміси професійні;4;240627;міксери і тістоміси професійні;10.26%
товари;обладнання та товари для надання послуг;все для салонів краси;обладнання та матеріали для салонів краси;міні холодильники для косметики;4;283094;міні холодильники для косметики;15.00%
товари;обладнання та товари для надання послуг;обладнання для торгівлі;касове/прикасове обладнання;монетниці;4;283007;монетниці;14.90%
товари;обладнання та товари для надання послуг;обладнання для навчальних закладів;навчальні плакати;навчальні плакати;3;282942;навчальні плакати;15.07%
товари;обладнання та товари для надання послуг;швейні матеріали та обладнання;швейні аксесуари і фурнітура;наконечники та люверси;4;32808;наконечники та люверси;15.57%
товари;обладнання та товари для надання послуг;horeca&fast-food;нейтральне обладнання horeca&fast-food;нейтральне обладнання horeca&fast-food, загальне;4;240652;нейтральне обладнання horeca&fast-food, загальне;25.00%
товари;обладнання та товари для надання послуг;вендінгове і розважальне обладнання;обладнання для заходів і клубів;обладнання для dj;4;180508;обладнання для dj;9.80%
товари;обладнання та товари для надання послуг;обладнання для автосервісу;обладнання для автомийок;обладнання для автомийок, загальне;4;12111401;обладнання для автомийок, загальне;25.00%
товари;обладнання та товари для надання послуг;обладнання для торгівлі;теплове обладнання для вуличної торгівлі;обладнання для гриля;4;2200929;обладнання для гриля;12.32%
товари;обладнання та товари для надання послуг;все для салонів краси;обладнання та матеріали для салонів краси;обладнання для епіляції;4;283024;обладнання для епіляції;14.94%
товари;обладнання та товари для надання послуг;обладнання для автосервісу;обладнання для обслуговування автомобільних кондиціонерів;обладнання для обслуговування автомобільних кондиціонерів;3;121112;обладнання для обслуговування автомобільних кондиціонерів;8.93%
товари;обладнання та товари для надання послуг;рекламне і виставкове обладнання, матеріали;обладнання для опитування та жеребкування;обладнання для опитування та жеребкування;3;281971;обладнання для опитування та жеребкування;13.94%
товари;обладнання та товари для надання послуг;все для салонів краси;обладнання та матеріали для салонів краси;обладнання для парафінотерапії;4;283025;обладнання для парафінотерапії;15.46%
товари;обладнання та товари для надання послуг;товари для офісу;обладнання для презентацій і конференцій;обладнання для презентацій, загальне;4;212099;обладнання для презентацій, загальне;25.00%
товари;обладнання та товари для надання послуг;обладнання для торгівлі;теплове обладнання для вуличної торгівлі;обладнання для приготування шаурми;4;2200907;обладнання для приготування шаурми;12.32%
товари;обладнання та товари для надання послуг;швейні матеріали та обладнання;обладнання для ремонту взуття;обладнання для ремонту взуття;3;32218;обладнання для ремонту взуття;8.93%
товари;обладнання та товари для надання послуг;обладнання для торгівлі;обладнання для торгівлі, загальне;обладнання для торгівлі, загальне;3;28290399;обладнання для торгівлі, загальне;25.00%
товари;обладнання та товари для надання послуг;все для салонів краси;все для татуювання, боді-арту, пірсингу;обладнання та комплектуючі для тату, татуажу;4;28290603;обладнання та комплектуючі для тату, татуажу;15.51%
товари;обладнання та товари для надання послуг;все для салонів краси;обладнання та матеріали для косметології;обладнання та матеріали для косметології, загальне;4;161403;обладнання та матеріали для косметології, загальне;25.00%
товари;обладнання та товари для надання послуг;все для салонів краси;обладнання та матеріали для салонів краси;обладнання та професійні засоби для депіляції;4;282977;обладнання та професійні засоби для депіляції;15.20%
товари;обладнання та товари для надання послуг;ювелірне обладнання;обладнання ювелірне, загальне;обладнання ювелірне, загальне;3;283070;обладнання ювелірне, загальне;25.00%
товари;обладнання та товари для надання послуг;релігійні і езотеричні товари;ритуальні товари;огорожі, столи і лавки на кладовищі;4;282607;огорожі, столи і лавки на кладовищі;9.09%
товари;обладнання та товари для надання послуг;horeca&fast-food;одноразова продукція для готелів;одноразова продукція для готелів;3;240636;одноразова продукція для готелів;14.17%
товари;обладнання та товари для надання послуг;все для салонів краси;обладнання та матеріали для салонів краси;одяг для перукарень та салонів краси;4;282938;одяг для перукарень та салонів краси;15.46%
товари;обладнання та товари для надання послуг;вендінгове і розважальне обладнання;обладнання для заходів і клубів;освітлення для концертів, клубів і шоу;4;390504;освітлення для концертів, клубів і шоу;13.94%
товари;обладнання та товари для надання послуг;офісна техніка;офісна техніка, загальне;офісна техніка, загальне;3;210304;офісна техніка, загальне;25.00%
товари;обладнання та товари для надання послуг;комерційні меблі;офісні меблі;офісні дивани та м'які крісла;4;15030412;офісні дивани та м'які крісла;12.72%
товари;обладнання та товари для надання послуг;комерційні меблі;офісні меблі;офісні стільці;4;37013006;офісні стільці;11.84%
товари;обладнання та товари для надання послуг;комерційні меблі;офісні меблі;офісні тумби;4;15030402;офісні тумби;13.94%
товари;обладнання та товари для надання послуг;обладнання та матеріали для друкарні;витратні матеріали для поліграфії;палітурні матеріали;4;230926;палітурні матеріали;14.98%
товари;обладнання та товари для надання послуг;релігійні і езотеричні товари;пахощі;пахощі;3;172408;пахощі;15.24%
товари;обладнання та товари для надання послуг;комерційні меблі;меблі для салонів краси;педикюрні крісла;4;15030816;педикюрні крісла;14.04%
товари;обладнання та товари для надання послуг;комерційні меблі;меблі для салонів краси;перукарські крісла;4;1503080101;перукарські крісла;13.33%
товари;обладнання та товари для надання послуг;комерційні меблі;меблі для салонів краси;перукарські та косметологічні візки;4;15030818;перукарські та косметологічні візки;14.63%
товари;обладнання та товари для надання послуг;horeca&fast-food;теплове обладнання horeca&fast-food;печі для піци;4;2200905;печі для піци;9.84%
товари;обладнання та товари для надання послуг;комерційні меблі;меблі для салонів краси;підставки для ніг;4;15030825;підставки для ніг;14.82%
товари;обладнання та товари для надання послуг;комерційні меблі;офісні меблі;підставки під системний блок;4;15030416;підставки під системний блок;13.94%
товари;обладнання та товари для надання послуг;обладнання для автосервісу;обладнання для автомийок;піногенератори;4;13040101;піногенератори;14.34%
товари;обладнання та товари для надання послуг;обладнання та матеріали для друкарні;витратні матеріали для поліграфії;плівки для ламінування;4;230927;плівки для ламінування;14.54%
товари;обладнання та товари для надання послуг;рекламне і виставкове обладнання, матеріали;матеріали для виготовлення реклами;плівки самоклеючі для друку;4;283033;плівки самоклеючі для друку;8.93%
товари;обладнання та товари для надання послуг;обладнання та матеріали для друкарні;друкарське устаткування;плоттери;4;2108;плоттери;8.93%
товари;обладнання та товари для надання послуг;horeca&fast-food;теплове обладнання horeca&fast-food;поверхні для смаження;4;2200918;поверхні для смаження;13.96%
товари;обладнання та товари для надання послуг;horeca&fast-food;електромеханічне обладнання horeca&fast-food;подрібнювачі льоду;4;240609;подрібнювачі льоду;10.84%
товари;обладнання та товари для надання послуг;обладнання для торгівлі;презентаційне обладнання для торгівлі;презентаційне обладнання для торгівлі, загальне;4;283046;презентаційне обладнання для торгівлі, загальне;25.00%
товари;обладнання та товари для надання послуг;horeca&fast-food;прибиральний інвентар та засоби для horeca;прибиральний інвентар та засоби для horeca, загальне;4;240674;прибиральний інвентар та засоби для horeca, загальне;25.00%
товари;обладнання та товари для надання послуг;професійне аудіо-, відео-, фото обладнання;приймачі і передавачі сигналу;приймачі і передавачі сигналу;3;6371809;приймачі і передавачі сигналу;7.70%
товари;обладнання та товари для надання послуг;horeca&fast-food;аксесуари для барменів;прикраси для напоїв і їжі;4;152901;прикраси для напоїв і їжі;20.69%
товари;обладнання та товари для надання послуг;обладнання для торгівлі;допоміжне обладнання та аксесуари для торгівлі;примірочні кабіни та аксесуари;4;283009;примірочні кабіни та аксесуари;12.32%
товари;обладнання та товари для надання послуг;обладнання для торгівлі;касове/прикасове обладнання;принтери етикеток, штрихкодів, чеків;4;28290305;принтери етикеток, штрихкодів, чеків;14.64%
товари;обладнання та товари для надання послуг;професійне аудіо-, відео-, фото обладнання;пристрої обробки звуку;пристрої обробки звуку;3;6371810;пристрої обробки звуку;13.33%
товари;обладнання та товари для надання послуг;обладнання для автосервісу;обладнання для техогляду і контрольне обладнання;програматори автоключів;4;12110615;програматори автоключів;14.66%
товари;обладнання та товари для надання послуг;товари для офісу;обладнання для презентацій і конференцій;проекційні екрани;4;212003;проекційні екрани;18.10%
товари;обладнання та товари для надання послуг;все для салонів краси;обладнання та матеріали для салонів краси;професійні інструменти для стрижки волосся;4;282983;професійні інструменти для стрижки волосся;15.26%
товари;обладнання та товари для надання послуг;обладнання та засоби для клінінгу;професійні пилососи;професійні пилососи;3;147005;професійні пилососи;11.70%
товари;обладнання та товари для надання послуг;horeca&fast-food;електромеханічне обладнання horeca&fast-food;професійні посудомийні машини ;4;240630;професійні посудомийні машини ;10.66%
товари;обладнання та товари для надання послуг;комерційні меблі;меблі для салонів краси;процедурні крісла і кушетки;4;1503080102;процедурні крісла і кушетки;14.04%
товари;обладнання та товари для надання послуг;професійне аудіо-, відео-, фото обладнання;радіосистеми;радіосистеми;3;5090505;радіосистеми;12.57%
товари;обладнання та товари для надання послуг;рекламне і виставкове обладнання, матеріали;рекламне і виставкове обладнання, матеріали, загальне;рекламне і виставкове обладнання, матеріали, загальне;3;28191911;рекламне і виставкове обладнання, матеріали, загальне;25.00%
товари;обладнання та товари для надання послуг;рекламне і виставкове обладнання, матеріали;рекламні та виставкові стенди;рекламні та виставкові стенди;3;28290101;рекламні та виставкові стенди;15.07%
товари;обладнання та товари для надання послуг;релігійні і езотеричні товари;релігійні товари для мусульман;релігійні товари для мусульман;3;172402;релігійні товари для мусульман;17.69%
товари;обладнання та товари для надання послуг;релігійні і езотеричні товари;релігійні товари для християн;релігійні товари для християн;3;172413;релігійні товари для християн;9.70%
товари;обладнання та товари для надання послуг;релігійні і езотеричні товари;ритуальні товари;ритуальний одяг;4;282611;ритуальний одяг;7.79%
товари;обладнання та товари для надання послуг;обладнання для автосервісу;інструменти для автосервісу;рихтувальні інструменти;4;12110212;рихтувальні інструменти;13.37%
товари;обладнання та товари для надання послуг;все для салонів краси;обладнання та матеріали для салонів краси;робочі місця перукарів і візажистів;4;15030817;робочі місця перукарів і візажистів;15.00%
товари;обладнання та товари для надання послуг;horeca&fast-food;санітарно-гігієнічне обладнання;санітарно-гігієнічне обладнання, загальне;4;240614;санітарно-гігієнічне обладнання, загальне;25.00%
товари;обладнання та товари для надання послуг;обладнання для торгівлі;касове/прикасове обладнання;сканери штрихкодів;4;282946;сканери штрихкодів;14.90%
товари;обладнання та товари для надання послуг;все для салонів краси;обладнання та матеріали для салонів краси;стерилізатори і дезінфікуючі засоби;4;28290606;стерилізатори і дезінфікуючі засоби;14.94%
товари;обладнання та товари для надання послуг;товари для спортивної інфраструктури;професійні тренажери;стійки для гантелей, грифів і дисків;4;200919;стійки для гантелей, грифів і дисків;8.93%
товари;обладнання та товари для надання послуг;комерційні меблі;офісні меблі;стійки-ресепшн;4;15030403;стійки-ресепшн;13.63%
товари;обладнання та товари для надання послуг;комерційні меблі;медичні меблі;стільці для лікарів;4;15030812;стільці для лікарів;8.10%
товари;обладнання та товари для надання послуг;комерційні меблі;меблі для салонів краси;стільці майстра;4;15030819;стільці майстра;14.76%
товари;обладнання та товари для надання послуг;комерційні меблі;меблі для навчальних закладів;стільці учнівські;4;370230;стільці учнівські;13.55%
товари;обладнання та товари для надання послуг;комерційні меблі;меблі для fast-food;столи для ресторанів і кафе;4;15030106;столи для ресторанів і кафе;10.32%
товари;обладнання та товари для надання послуг;обладнання для торгівлі;касове/прикасове обладнання;стрічка для термотрансферних принтерів;4;282937;стрічка для термотрансферних принтерів;15.03%
товари;обладнання та товари для надання послуг;horeca&fast-food;санітарно-гігієнічне обладнання;сушарки для рук;4;614;сушарки для рук;14.79%
товари;обладнання та товари для надання послуг;все для салонів краси;обладнання та матеріали для салонів краси;сушуари, клімазони;4;282976;сушуари, клімазони;16.56%
товари;обладнання та товари для надання послуг;horeca&fast-food;текстиль для horeca;текстиль для horeca;3;240680;текстиль для horeca;8.58%
товари;обладнання та товари для надання послуг;рекламне і виставкове обладнання, матеріали;матеріали для виготовлення реклами;текстиль під нанесення;4;283037;текстиль під нанесення;7.66%
товари;обладнання та товари для надання послуг;релігійні і езотеричні товари;ритуальні товари;текстиль ритуальний;4;282610;текстиль ритуальний;7.79%
товари;обладнання та товари для надання послуг;horeca&fast-food;темпери, нок-бокси;темпери, нок-бокси;3;240683;темпери, нок-бокси;12.49%
товари;обладнання та товари для надання послуг;horeca&fast-food;теплове обладнання horeca&fast-food;теплове обладнання horeca&fast-food, загальне;4;240641;теплове обладнання horeca&fast-food, загальне;25.00%
товари;обладнання та товари для надання послуг;обладнання для торгівлі;теплове обладнання для вуличної торгівлі;теплове обладнання для торгівлі, загальне;4;2200931;теплове обладнання для торгівлі, загальне;25.00%
товари;обладнання та товари для надання послуг;horeca&fast-food;термоконтейнери для їжі;термоконтейнери для їжі;3;283060;термоконтейнери для їжі;14.74%
товари;обладнання та товари для надання послуг;horeca&fast-food;електромеханічне обладнання horeca&fast-food;тісторозкатувальні машини;4;2200903;тісторозкатувальні машини;10.19%
товари;обладнання та товари для надання послуг;все для салонів краси;товари для spa та соляріїв;товари для spa та соляріїв;3;161406;товари для spa та соляріїв;13.22%
товари;обладнання та товари для надання послуг;товари для спортивної інфраструктури;товари для спортивної інфраструктури, загальне;товари для спортивної інфраструктури, загальне;3;283064;товари для спортивної інфраструктури, загальне;25.00%
товари;обладнання та товари для надання послуг;вендінгове і розважальне обладнання;торгові автомати;торгові автомати;3;282947;торгові автомати;7.66%
товари;обладнання та товари для надання послуг;обладнання для торгівлі;допоміжне обладнання та аксесуари для торгівлі;торгові візки, кошики;4;28290307;торгові візки, кошики;12.32%
товари;обладнання та товари для надання послуг;обладнання для торгівлі;презентаційне обладнання для торгівлі;торгові намети, тенти і комплектуючі;4;282997;торгові намети, тенти і комплектуючі;14.58%
товари;обладнання та товари для надання послуг;комерційні меблі;торгові меблі;торгові прилавки і вітрини;4;282911;торгові прилавки і вітрини;13.90%
товари;обладнання та товари для надання послуг;професійне аудіо-, відео-, фото обладнання;транскодери і конвертери сигналу;транскодери і конвертери сигналу;3;6371806;транскодери і конвертери сигналу;12.30%
товари;обладнання та товари для надання послуг;обладнання для автосервісу;підйомне устаткування;трансмісійні стійки;4;12110306;трансмісійні стійки;10.60%
товари;обладнання та товари для надання послуг;релігійні і езотеричні товари;ритуальні товари;труни та урни для праху;4;282602;труни та урни для праху;7.79%
товари;обладнання та товари для надання послуг;horeca&fast-food;санітарно-гігієнічне обладнання;урни, баки та кесони;4;151411;урни, баки та кесони;15.31%
товари;обладнання та товари для надання послуг;офісна техніка;факси;факси;3;50908;факси;15.39%
товари;обладнання та товари для надання послуг;все для салонів краси;все для татуювання, боді-арту, пірсингу;фарби та пігменти для тату і татуажу;4;283090;фарби та пігменти для тату і татуажу;15.45%
товари;обладнання та товари для надання послуг;рекламне і виставкове обладнання, матеріали;матеріали для виготовлення реклами;флагштоки;4;282961;флагштоки;12.50%
товари;обладнання та товари для надання послуг;обладнання для торгівлі;флористичні матеріали;флористична упаковка;4;283074;флористична упаковка;20.12%
товари;обладнання та товари для надання послуг;обладнання для торгівлі;флористичні матеріали;флористичний декор;4;1140503;флористичний декор;20.12%
товари;обладнання та товари для надання послуг;обладнання для торгівлі;флористичні матеріали;флористичні інструменти;4;283075;флористичні інструменти;16.40%
товари;обладнання та товари для надання послуг;обладнання для торгівлі;флористичні матеріали;флористичні матеріали, загальне;4;283073;флористичні матеріали, загальне;25.00%
товари;обладнання та товари для надання послуг;horeca&fast-food;електромеханічне обладнання horeca&fast-food;фонтани для напоїв;4;240622;фонтани для напоїв;12.43%
товари;обладнання та товари для надання послуг;horeca&fast-food;теплове обладнання horeca&fast-food;фритюрниці та чебуречниці професійні;4;2200915;фритюрниці та чебуречниці професійні;13.96%
товари;обладнання та товари для надання послуг;horeca&fast-food;холодильне обладнання horeca&fast-food;фрізери, гранітори;4;240620;фрізери, гранітори;9.66%
товари;обладнання та товари для надання послуг;швейні матеріали та обладнання;швейні аксесуари і фурнітура;фурнітура для тентів і пологов;4;282967;фурнітура для тентів і пологов;15.11%
товари;обладнання та товари для надання послуг;швейні матеріали та обладнання;швейні аксесуари і фурнітура;фурнітура та запчастини для сумок та валіз;4;152409;фурнітура та запчастини для сумок та валіз;15.57%
товари;обладнання та товари для надання послуг;horeca&fast-food;фуршетні стійки;фуршетні стійки;3;240672;фуршетні стійки;15.31%
товари;обладнання та товари для надання послуг;релігійні і езотеричні товари;хрести християнські;хрести християнські;3;172404;хрести християнські;17.62%
товари;обладнання та товари для надання послуг;релігійні і езотеричні товари;церковне начиння;церковне начиння;3;172405;церковне начиння;8.93%
товари;обладнання та товари для надання послуг;вендінгове і розважальне обладнання;цирковий, фокусний реквізит;цирковий, фокусний реквізит;3;282966;цирковий, фокусний реквізит;13.86%
товари;обладнання та товари для надання послуг;обладнання для торгівлі;презентаційне обладнання для торгівлі;цінникотримачі;4;283008;цінникотримачі;15.03%
товари;обладнання та товари для надання послуг;релігійні і езотеричні товари;чотки;чотки;3;172407;чотки;12.94%
товари;обладнання та товари для надання послуг;комерційні меблі;офісні меблі;шафи для офісів і навчальних кабінетів;4;37013003;шафи для офісів і навчальних кабінетів;13.94%
товари;обладнання та товари для надання послуг;комерційні меблі;промислові меблі;шафи, тумби і візки інструментальні;4;15031602;шафи, тумби і візки інструментальні;10.80%
товари;обладнання та товари для надання послуг;швейні матеріали та обладнання;швейні аксесуари і фурнітура;швейні аксесуари і фурнітура, загальне;4;32899;швейні аксесуари і фурнітура, загальне;25.00%
товари;обладнання та товари для надання послуг;швейні матеріали та обладнання;швейні матеріали та обладнання, загальне;швейні матеріали та обладнання, загальне;3;36401;швейні матеріали та обладнання, загальне;25.00%
товари;обладнання та товари для надання послуг;horeca&fast-food;теплове обладнання horeca&fast-food;шоколадниці;4;240635;шоколадниці;13.30%
товари;обладнання та товари для надання послуг;все для салонів краси;обладнання та матеріали для косметології;шпателі, кисті, мисочки для косметології;4;283021;шпателі, кисті, мисочки для косметології;15.34%
товари;обладнання та товари для надання послуг;обладнання для автосервісу;інструменти для автосервісу;шприци масляні та змащувальні;4;12110207;шприци масляні та змащувальні;13.94%
товари;обладнання та товари для надання послуг;офісна техніка;шредери;шредери;3;2105;шредери;14.59%
товари;товари для дому;догляд за будинком;прибирання;щітки та скребачки для прибирання;4;151405;щітки та скребачки для прибирання;15.09%
товари;товари для дому;печі та каміни;каміни;каміни;3;13240308;каміни;10.48%
товари;товари для дому;печі та каміни;каміни, загальне;каміни, загальне;;13240309;каміни, загальне;25.00%
товари;товари для дому;печі та каміни;каміни;біокаміни;;13240310;біокаміни;10.48%
товари;товари для дому;печі та каміни;каміни;газові каміни;;13240311;газові каміни;10.48%
товари;обладнання та товари для надання послуг;ювелірне обладнання;ювелірний інструмент та обладнання;ювелірний інструмент та обладнання;3;360960;ювелірний інструмент та обладнання;8.93%
товари;обладнання та товари для надання послуг;обладнання для торгівлі;допоміжне обладнання та аксесуари для торгівлі;ярликоутримувачі;4;283071;ярликоутримувачі;12.32%
товари;одяг та взуття;аксесуари для взуття;аксесуари для взуття, загальне;аксесуари для взуття, загальне;3;580304;аксесуари для взуття, загальне;25.00%
товари;одяг та взуття;карнавальні костюми;аксесуари для карнавальних костюмів;аксесуари для карнавальних костюмів;3;34706;аксесуари для карнавальних костюмів;21.19%
товари;одяг та взуття;жіночий одяг;жіноча білизна і купальники;аксесуари для нижньої білизни;4;31207;аксесуари для нижньої білизни;19.31%
товари;одяг та взуття;жіночий одяг;одяг та білизна для вагітних та годуючих;блузки і туніки для вагітних та годуючих;4;3450108;блузки і туніки для вагітних та годуючих;15.89%
товари;одяг та взуття;дитячий одяг та взуття;одяг для дівчаток;блузки і туніки для дівчаток;4;31104;блузки і туніки для дівчаток;18.53%
товари;одяг та взуття;дитячий одяг та взуття;одяг для малюків;боді та пісочники;4;31014;боді та пісочники;18.61%
товари;одяг та взуття;дитячий одяг та взуття;одяг для дівчаток;брюки і джинси для дівчаток;4;31102;брюки і джинси для дівчаток;18.53%
товари;одяг та взуття;дитячий одяг та взуття;одяг для хлопчиків;брюки і джинси для хлопчиків;4;3111701;брюки і джинси для хлопчиків;18.53%
товари;одяг та взуття;жіночий одяг;одяг та білизна для вагітних та годуючих;брюки, джинси і лосини для вагітних;4;3450104;брюки, джинси і лосини для вагітних;15.89%
товари;одяг та взуття;жіночий одяг;жіноча білизна і купальники;бюст'є, боді, комбідреси;4;31205;бюст'є, боді, комбідреси;19.31%
товари;одяг та взуття;жіночий одяг;жіноча білизна і купальники;бюстгальтери;4;31201;бюстгальтери;19.31%
товари;одяг та взуття;жіночий одяг;одяг та білизна для вагітних та годуючих;верхній одяг для вагітних, слінгоодяг;4;3450112;верхній одяг для вагітних, слінгоодяг;15.89%
товари;одяг та взуття;дитячий одяг та взуття;одяг для малюків;пінетки;4;32203;пінетки;18.61%
товари;одяг та взуття;взуття;взуття, загальне;взуття, загальне;3;580301;взуття, загальне;25.00%
товари;одяг та взуття;аксесуари для взуття; джибітси; джибітси;3;580306; джибітси;19.25%
товари;одяг та взуття;дитячий одяг та взуття;дитяча білизна і купальники  ;дитяча білизна і купальники, загальне;4;3110805;дитяча білизна і купальники, загальне;25.00%
товари;одяг та взуття;дитячий одяг та взуття;дитяча білизна і купальники  ;дитяча термобілизна;4;3110803;дитяча термобілизна;17.83%
товари;одяг та взуття;дитячий одяг та взуття;дитяче та підліткове взуття;дитяче і підліткове демісезонне взуття;4;3221201;дитяче і підліткове демісезонне взуття;18.09%
товари;одяг та взуття;дитячий одяг та взуття;дитяче та підліткове взуття;дитяче та підліткове взуття, загальне;4;3221299;дитяче та підліткове взуття, загальне;25.00%
товари;одяг та взуття;дитячий одяг та взуття;дитяче та підліткове взуття;дитяче та підліткове зимове взуття;4;3221211;дитяче та підліткове зимове взуття;18.09%
товари;одяг та взуття;дитячий одяг та взуття;дитяче та підліткове взуття;дитяче та підліткове літнє взуття;4;3221206;дитяче та підліткове літнє взуття;18.09%
товари;одяг та взуття;дитячий одяг та взуття;дитяче та підліткове взуття;дитяче та підліткове ортопедичне взуття;4;3221208;дитяче та підліткове ортопедичне взуття;14.62%
товари;одяг та взуття;дитячий одяг та взуття;дитячий верхній одяг;дитячий верхній одяг;3;31101;дитячий верхній одяг;18.18%
товари;одяг та взуття;дитячий одяг та взуття;дитячий одяг для сну та дому;дитячий домашній одяг;4;3661303;дитячий домашній одяг;18.96%
товари;одяг та взуття;дитячий одяг та взуття;дитячий одяг для сну та дому;дитячий домашній одяг, загальне;4;3661304;дитячий домашній одяг, загальне;25.00%
товари;одяг та взуття;дитячий одяг та взуття;дитячий етнічний одяг;дитячий етнічний одяг;3;31019;дитячий етнічний одяг;18.18%
товари;одяг та взуття;дитячий одяг та взуття;одяг для малюків;дитячий одяг для хрещення;4;282613;дитячий одяг для хрещення;18.61%
товари;одяг та взуття;дитячий одяг та взуття;дитячий одяг та взуття, загальне;дитячий одяг та взуття, загальне;3;31199;дитячий одяг та взуття, загальне;25.00%
товари;одяг та взуття;дитячий одяг та взуття;дитячий спортивний одяг;дитячий спортивний одяг, загальне;4;3110511;дитячий спортивний одяг, загальне;25.00%
товари;одяг та взуття;дитячий одяг та взуття;дитяче та підліткове взуття;дитячі і підліткові гумові чоботи;4;3221205;дитячі і підліткові гумові чоботи;18.09%
товари;одяг та взуття;карнавальні костюми;дитячі карнавальні костюми;дитячі карнавальні костюми;3;34704;дитячі карнавальні костюми;13.34%
товари;одяг та взуття;дитячий одяг та взуття;дитяча білизна і купальники  ;дитячі колготи;4;31114;дитячі колготи;17.83%
товари;одяг та взуття;дитячий одяг та взуття;дитяча білизна і купальники  ;дитячі купальники і плавки;4;3110806;дитячі купальники і плавки;17.83%
товари;одяг та взуття;дитячий одяг та взуття;одяг для дівчаток;дитячі лосини;4;3112503;дитячі лосини;18.53%
товари;одяг та взуття;дитячий одяг та взуття;дитячий одяг для сну та дому;дитячі піжами;4;31113;дитячі піжами;18.96%
товари;одяг та взуття;дитячий одяг та взуття;одяг для дівчаток;дитячі спідниці;4;31111;дитячі спідниці;18.53%
товари;одяг та взуття;дитячий одяг та взуття;дитячий спортивний одяг;дитячі спортивні костюми;4;3110506;дитячі спортивні костюми;18.00%
товари;одяг та взуття;дитячий одяг та взуття;дитячий спортивний одяг;дитячі спортивні кофти та светри;4;3110508;дитячі спортивні кофти та светри;18.00%
товари;одяг та взуття;дитячий одяг та взуття;дитячий спортивний одяг;дитячі спортивні штани;4;3110510;дитячі спортивні штани;18.00%
товари;одяг та взуття;дитячий одяг та взуття;дитяче та підліткове взуття;дитячі та підліткові домашні капці;4;3221207;дитячі та підліткові домашні капці;18.09%
товари;одяг та взуття;дитячий одяг та взуття;дитяче та підліткове взуття;дитячі та підліткові кросівки, кеди;4;3221214;дитячі та підліткові кросівки, кеди;18.09%
товари;одяг та взуття;дитячий одяг та взуття;дитяча білизна і купальники  ;дитячі трусики;4;3110801;дитячі трусики;17.83%
товари;одяг та взуття;дитячий одяг та взуття;одяг для хлопчиків;дитячі футболки та майки;4;3111703;дитячі футболки та майки;18.53%
товари;одяг та взуття;дитячий одяг та взуття;дитячий одяг для сну та дому;дитячі халати;4;31112;дитячі халати;18.96%
товари;одяг та взуття;дитячий одяг та взуття;дитяча білизна і купальники  ;дитячі шкарпетки та гольфи;4;31115;дитячі шкарпетки та гольфи;17.83%
товари;одяг та взуття;дитячий одяг та взуття;одяг для дівчаток;дитячі шорти і бриджі ;4;30603;дитячі шорти і бриджі ;18.53%
товари;одяг та взуття;етнічний одяг;етнічний одяг, загальне;етнічний одяг, загальне;3;7601;етнічний одяг, загальне;25.00%
товари;одяг та взуття;дитячий одяг та взуття;одяг для дівчаток;жилети для дівчаток;4;31109;жилети для дівчаток;18.53%
товари;одяг та взуття;дитячий одяг та взуття;одяг для хлопчиків;жилети для хлопчиків;4;3111704;жилети для хлопчиків;18.53%
товари;одяг та взуття;жіночий одяг;жіноча білизна і купальники;жіноча білизна і купальники, загальне;4;3121101;жіноча білизна і купальники, загальне;25.00%
товари;одяг та взуття;взуття;жіноче взуття ;жіноче взуття, загальне;4;32299;жіноче взуття, загальне;25.00%
товари;одяг та взуття;взуття;жіноче взуття ;жіноче ортопедичне взуття ;4;32219;жіноче ортопедичне взуття ;14.52%
товари;одяг та взуття;жіночий одяг;жіночий верхній одяг ;жіночий верхній одяг, загальне;4;31309;жіночий верхній одяг, загальне;25.00%
товари;одяг та взуття;жіночий одяг;жіночий одяг для сну та дому ;жіночий домашній одяг ;4;36602;жіночий домашній одяг ;19.05%
товари;одяг та взуття;етнічний одяг;жіночий етнічний одяг та взуття ;жіночий етнічний одяг та взуття ;3;307;жіночий етнічний одяг та взуття ;18.44%
товари;одяг та взуття;жіночий одяг;жіночий одяг для сну та дому ;жіночий одяг для сну та дому, загальне;4;36611;жіночий одяг для сну та дому, загальне;25.00%
товари;одяг та взуття;жіночий одяг;жіночий одяг, загальне;жіночий одяг, загальне;3;35404;жіночий одяг, загальне;25.00%
товари;одяг та взуття;взуття;жіноче взуття ;жіночі балетки ;4;35705;жіночі балетки ;17.74%
товари;одяг та взуття;жіночий одяг;жіночі блузки та туніки ;жіночі блузки та туніки ;3;314;жіночі блузки та туніки ;19.84%
товари;одяг та взуття;взуття;жіноче взуття ;жіночі босоніжки та сандалі;4;35702;жіночі босоніжки та сандалі;17.74%
товари;одяг та взуття;взуття;жіноче взуття ;жіночі ботильйони, черевики ;4;3220404;жіночі ботильйони, черевики ;17.74%
товари;одяг та взуття;жіночий одяг;жіночі джинси ;жіночі джинси ;3;35401;жіночі джинси ;19.68%
товари;одяг та взуття;взуття;жіноче взуття ;жіночі домашні капці;4;32206;жіночі домашні капці;17.74%
товари;одяг та взуття;жіночий одяг;жіночий верхній одяг ;жіночі дублянки ;4;31305;жіночі дублянки ;17.21%
товари;одяг та взуття;жіночий одяг;жіночий верхній одяг ;жіночі жилети та безрукавки ;4;352;жіночі жилети та безрукавки ;17.83%
товари;одяг та взуття;карнавальні костюми;жіночі карнавальні костюми ;жіночі карнавальні костюми ;3;34701;жіночі карнавальні костюми ;19.18%
товари;одяг та взуття;жіночий одяг;жіноча білизна і купальники;жіночі колготи та панчохи;4;304;жіночі колготи та панчохи;19.31%
товари;одяг та взуття;жіночий одяг;жіночі комбінезони ;жіночі комбінезони ;3;331;жіночі комбінезони ;17.65%
товари;одяг та взуття;жіночий одяг;жіноча білизна і купальники;жіночі комплекти нижньої білизни ;4;31206;жіночі комплекти нижньої білизни ;19.31%
товари;одяг та взуття;жіночий одяг;жіночі корсети ;жіночі корсети ;3;319;жіночі корсети ;15.68%
товари;одяг та взуття;жіночий одяг;жіночі костюми ;жіночі костюми ;3;332;жіночі костюми ;19.14%
товари;одяг та взуття;жіночий одяг;жіноча білизна і купальники;жіночі купальники ;4;31299;жіночі купальники ;19.31%
товари;одяг та взуття;жіночий одяг;жіночий верхній одяг ;жіночі куртки ;4;31302;жіночі куртки ;17.15%
товари;одяг та взуття;взуття;жіноче взуття ;жіночі мокасини і сліпони ;4;35703;жіночі мокасини і сліпони ;17.74%
товари;одяг та взуття;жіночий одяг;жіночий верхній одяг ;жіночі пальта;4;31301;жіночі пальта;17.41%
товари;одяг та взуття;жіночий одяг;жіночі піджаки та жакети ;жіночі піджаки та жакети ;3;317;жіночі піджаки та жакети ;18.61%
товари;одяг та взуття;жіночий одяг;жіночий одяг для сну та дому ;жіночі піжами ;4;36601;жіночі піжами ;19.05%
товари;одяг та взуття;жіночий одяг;жіночий верхній одяг ;жіночі плащі ;4;31304;жіночі плащі ;17.83%
товари;одяг та взуття;жіночий одяг;жіночий верхній одяг ;жіночі пуховики ;4;31308;жіночі пуховики ;15.13%
товари;одяг та взуття;жіночий одяг;жіночі светри та кардигани ;жіночі светри та кардигани ;3;30504;жіночі светри та кардигани ;19.40%
товари;одяг та взуття;жіночий одяг;жіночі спідниці ;жіночі спідниці ;3;349;жіночі спідниці ;19.23%
товари;одяг та взуття;жіночий одяг;жіночі сукні ;жіночі сукні ;3;35402;жіночі сукні ;18.86%
товари;одяг та взуття;жіночий одяг;жіночі толстовки і реглани ;жіночі толстовки і реглани ;3;303;жіночі толстовки і реглани ;18.96%
товари;одяг та взуття;жіночий одяг;жіноча білизна і купальники;жіночі трусики ;4;351;жіночі трусики ;19.31%
товари;одяг та взуття;взуття;жіноче взуття ;жіночі туфлі ;4;32202;жіночі туфлі ;17.74%
товари;одяг та взуття;жіночий одяг;жіночі футболки та майки ;жіночі футболки та майки ;3;315;жіночі футболки та майки ;19.31%
товари;одяг та взуття;жіночий одяг;жіночий одяг для сну та дому ;жіночі халати ;4;336;жіночі халати ;19.05%
товари;одяг та взуття;жіночий одяг;жіночий верхній одяг ;жіночі хутряні жилети ;4;31311;жіночі хутряні жилети ;14.55%
товари;одяг та взуття;взуття;жіноче взуття ;жіночі чоботи, напівчоботи ;4;3220409;жіночі чоботи, напівчоботи ;17.74%
товари;одяг та взуття;жіночий одяг;жіноча білизна і купальники;жіночі шкарпетки, гольфи, гетри ;4;323;жіночі шкарпетки, гольфи, гетри ;19.31%
товари;одяг та взуття;жіночий одяг;жіночі шорти і бриджі ;жіночі шорти і бриджі ;3;306;жіночі шорти і бриджі ;17.30%
товари;одяг та взуття;жіночий одяг;жіночі штани ;жіночі штани ;3;318;жіночі штани ;18.44%
товари;одяг та взуття;жіночий одяг;жіночий верхній одяг ;жіночі шуби ;4;31303;жіночі шуби ;15.52%
товари;одяг та взуття;жіночий одяг;одяг та білизна для вагітних та годуючих;капрі та шорти для вагітних;4;3450105;капрі та шорти для вагітних;15.89%
товари;одяг та взуття;карнавальні костюми;карнавальні костюми унісекс;карнавальні костюми унісекс;3;34707;карнавальні костюми унісекс;11.14%
товари;одяг та взуття;карнавальні костюми;карнавальні костюми, загальне;карнавальні костюми, загальне;3;34705;карнавальні костюми, загальне;25.00%
товари;одяг та взуття;карнавальні костюми;карнавальні маски;карнавальні маски;3;34702;карнавальні маски;14.71%
товари;одяг та взуття;жіночий одяг;жіночий одяг для сну та дому ;кігурумі;4;3121104;кігурумі;19.05%
товари;одяг та взуття;жіночий одяг;одяг та білизна для вагітних та годуючих;колготи для вагітних;4;3450511;колготи для вагітних;15.89%
товари;одяг та взуття;жіночий одяг;одяг та білизна для вагітних та годуючих;комбінезони для вагітних і годуючих;4;3450107;комбінезони для вагітних і годуючих;15.89%
товари;одяг та взуття;дитячий одяг та взуття;одяг для малюків;комбінезони для малюків;4;31006;комбінезони для малюків;18.61%
товари;одяг та взуття;дитячий одяг та взуття;дитяча білизна і купальники  ;комплекти дитячої нижньої білизни;4;3110804;комплекти дитячої нижньої білизни;17.83%
товари;одяг та взуття;дитячий одяг та взуття;одяг для малюків;комплекти для малюків;4;31016;комплекти для малюків;18.61%
товари;одяг та взуття;чоловічий одяг ;чоловіча білизна та купальні плавки;комплекти чоловічої білизни;4;3121208;комплекти чоловічої білизни;18.88%
товари;одяг та взуття;дитячий одяг та взуття;одяг для малюків;конверти для новонароджених;4;15011308;конверти для новонароджених;18.61%
товари;одяг та взуття;жіночий одяг;жіноча білизна і купальники;корегуюча білизна;4;163401;корегуюча білизна;20.53%
товари;одяг та взуття;жіночий одяг;одяг та білизна для вагітних та годуючих;костюми для вагітних та годуючих;4;3450111;костюми для вагітних та годуючих;15.89%
товари;одяг та взуття;дитячий одяг та взуття;одяг для дівчаток;костюми для дівчаток;4;31103;костюми для дівчаток;18.53%
товари;одяг та взуття;дитячий одяг та взуття;одяг для хлопчиків;костюми для хлопчиків;4;3111702;костюми для хлопчиків;18.53%
товари;одяг та взуття;дитячий одяг та взуття;одяг для дівчаток;кофти та светри для дівчаток;4;31106;кофти та светри для дівчаток;18.53%
товари;одяг та взуття;дитячий одяг та взуття;одяг для хлопчиків;кофти та светри для хлопчиків;4;31122;кофти та светри для хлопчиків;18.53%
товари;одяг та взуття;спортивний одяг та взуття;кросівки та кеди;кросівки та кеди;3;3220713;кросівки та кеди;18.53%
товари;одяг та взуття;жіночий одяг;легінси і лосини;легінси і лосини;3;32302;легінси і лосини;18.44%
товари;одяг та взуття;дитячий одяг та взуття;одяг для дівчаток;легкі комбінезони для дівчаток;4;31121;легкі комбінезони для дівчаток;18.53%
товари;одяг та взуття;дитячий одяг та взуття;одяг для хлопчиків;легкі комбінезони для хлопчиків;4;3111709;легкі комбінезони для хлопчиків;18.53%
товари;одяг та взуття;жіночий одяг;одяг та білизна для вагітних та годуючих;накидки для годування;4;34507;накидки для годування;15.51%
товари;одяг та взуття;жіночий одяг;одяг та білизна для вагітних та годуючих;нижня білизна для вагітних і годуючих;4;31210;нижня білизна для вагітних і годуючих;16.64%
товари;одяг та взуття;жіночий одяг;одяг та білизна для вагітних та годуючих;одяг для вагітних, загальне;4;3450114;одяг для вагітних, загальне;25.00%
товари;одяг та взуття;дитячий одяг та взуття;одяг для дівчаток;одяг для дівчаток, загальне;4;3112501;одяг для дівчаток, загальне;25.00%
товари;одяг та взуття;дитячий одяг та взуття;одяг для малюків;одяг для малюків, загальне;4;31099;одяг для малюків, загальне;25.00%
товари;одяг та взуття;жіночий одяг;одяг та білизна для вагітних та годуючих;одяг для сну та дому для вагітних і годуючих;4;3121001;одяг для сну та дому для вагітних і годуючих;15.89%
товари;одяг та взуття;дитячий одяг та взуття;одяг для хлопчиків;одяг для хлопчиків, загальне;4;3111710;одяг для хлопчиків, загальне;25.00%
товари;одяг та взуття;одяг, взуття, аксесуари, загальне;одяг, взуття, аксесуари, загальне;одяг, взуття, аксесуари, загальне;2;335;одяг, взуття, аксесуари, загальне;25.00%
товари;одяг та взуття;жіночий одяг;жіночий одяг для сну та дому ;пеньюари і нічні сорочки;4;31208;пеньюари і нічні сорочки;19.05%
товари;одяг та взуття;дитячий одяг та взуття;одяг для хлопчиків;піджаки для хлопчиків;4;3111714;піджаки для хлопчиків;18.53%
товари;одяг та взуття;дитячий одяг та взуття;одяг для дівчаток;піджаки і болеро для дівчаток;4;33403;піджаки і болеро для дівчаток;18.53%
товари;одяг та взуття;жіночий одяг;пляжний одяг і парео;пляжний одяг і парео;3;32508;пляжний одяг і парео;19.75%
товари;одяг та взуття;дитячий одяг та взуття;одяг для малюків;повзунки і штани для новонароджених;4;31012;повзунки і штани для новонароджених;18.61%
товари;одяг та взуття;жіночий одяг;одяг та білизна для вагітних та годуючих;светри і толстовки для вагітних та годуючих;4;3450110;светри і толстовки для вагітних та годуючих;15.89%
товари;одяг та взуття;дитячий одяг та взуття;одяг для малюків;сорочечки і сорочки для новонароджених;4;31013;сорочечки і сорочки для новонароджених;18.61%
товари;одяг та взуття;дитячий одяг та взуття;одяг для хлопчиків;сорочки для хлопчиків;4;31123;сорочки для хлопчиків;18.53%
товари;одяг та взуття;жіночий одяг;одяг та білизна для вагітних та годуючих;спідниці для вагітних;4;3450103;спідниці для вагітних;15.89%
товари;одяг та взуття;спортивний одяг та взуття;спортивний одяг, загальне;спортивний одяг, загальне;3;30199;спортивний одяг, загальне;25.00%
товари;одяг та взуття;спортивний одяг та взуття;спортивні костюми;спортивні костюми;3;30107;спортивні костюми;19.75%
товари;одяг та взуття;спортивний одяг та взуття;спортивні кофти та светри;спортивні кофти та светри;3;30111;спортивні кофти та светри;18.09%
товари;одяг та взуття;спортивний одяг та взуття;спортивні куртки;спортивні куртки;3;34301;спортивні куртки;18.26%
товари;одяг та взуття;спортивний одяг та взуття;спортивні футболки та майки;спортивні футболки та майки;3;30104;спортивні футболки та майки;17.48%
товари;одяг та взуття;спортивний одяг та взуття;спортивні шкарпетки, гетри;спортивні шкарпетки, гетри;3;30110;спортивні шкарпетки, гетри;9.35%
товари;одяг та взуття;спортивний одяг та взуття;спортивні шорти;спортивні шорти;3;30105;спортивні шорти;18.26%
товари;одяг та взуття;спортивний одяг та взуття;спортивні штани;спортивні штани;3;30113;спортивні штани;19.25%
товари;одяг та взуття;жіночий одяг;одяг та білизна для вагітних та годуючих;сукні для вагітних і годуючих;4;3450101;сукні для вагітних і годуючих;15.89%
товари;одяг та взуття;дитячий одяг та взуття;одяг для дівчаток;сукні та сарафани для дівчаток;4;31110;сукні та сарафани для дівчаток;18.53%
товари;одяг та взуття;спортивний одяг та взуття;термобілизна;термобілизна;3;3120602;термобілизна;18.68%
товари;одяг та взуття;дитячий одяг та взуття;дитяча білизна і купальники  ;топи і бюстгалтери для дівчаток;4;3110807;топи і бюстгалтери для дівчаток;17.83%
товари;одяг та взуття;взуття;жіноче взуття ;унти, уггі, сноубутси;4;3220416;унти, уггі, сноубутси;17.74%
товари;одяг та взуття;аксесуари для взуття;устілки;устілки;3;3221019;устілки;15.25%
товари;одяг та взуття;аксесуари для взуття;утеплювачі, вкладиші для чобіт;утеплювачі, вкладиші для чобіт;3;580305;утеплювачі, вкладиші для чобіт;8.94%
товари;одяг та взуття;жіночий одяг;одяг та білизна для вагітних та годуючих;футболки та майки для вагітних та годуючих;4;3450205;футболки та майки для вагітних та годуючих;15.89%
товари;одяг та взуття;дитячий одяг та взуття;одяг для малюків;царапки;4;31015;царапки;18.61%
товари;одяг та взуття;чоловічий одяг ;чоловіча білизна та купальні плавки;чоловіча білизна і плавки купальні, загальне;4;3121207;чоловіча білизна і плавки купальні, загальне;25.00%
товари;одяг та взуття;взуття;чоловіче взуття ;чоловіче взуття, загальне;4;35809;чоловіче взуття, загальне;25.00%
товари;одяг та взуття;взуття;чоловіче взуття ;чоловіче ортопедичне взуття ;4;35806;чоловіче ортопедичне взуття ;13.97%
товари;одяг та взуття;чоловічий одяг ;чоловічий верхній одяг ;чоловічий верхній одяг, загальне;4;35504;чоловічий верхній одяг, загальне;25.00%
товари;одяг та взуття;чоловічий одяг ;чоловічий одяг для сну та дому;чоловічий домашній одяг ;4;36608;чоловічий домашній одяг ;18.61%
товари;одяг та взуття;етнічний одяг;чоловічий етнічний одяг та взуття ;чоловічий етнічний одяг та взуття ;3;35514;чоловічий етнічний одяг та взуття ;17.56%
товари;одяг та взуття;чоловічий одяг ;чоловічий одяг для сну та дому;чоловічий одяг для сну та дому, загальне;4;36612;чоловічий одяг для сну та дому, загальне;25.00%
товари;одяг та взуття;чоловічий одяг ;чоловічий одяг, загальне;чоловічий одяг, загальне;3;35510;чоловічий одяг, загальне;25.00%
товари;одяг та взуття;чоловічий одяг ;чоловічі джинси ;чоловічі джинси ;3;35502;чоловічі джинси ;18.62%
товари;одяг та взуття;взуття;чоловіче взуття ;чоловічі домашні капці ;4;35805;чоловічі домашні капці ;17.65%
товари;одяг та взуття;чоловічий одяг ;чоловічий верхній одяг ;чоловічі дублянки та шуби;4;3550405;чоловічі дублянки та шуби;11.30%
товари;одяг та взуття;чоловічий одяг ;чоловічий верхній одяг ;чоловічі жилети та безрукавки ;4;35513;чоловічі жилети та безрукавки ;17.74%
товари;одяг та взуття;карнавальні костюми;чоловічі карнавальні костюми ;чоловічі карнавальні костюми ;3;34703;чоловічі карнавальні костюми ;9.49%
товари;одяг та взуття;чоловічий одяг ;чоловічі костюми;чоловічі костюми;3;32003;чоловічі костюми;16.16%
товари;одяг та взуття;чоловічий одяг ;чоловіча білизна та купальні плавки;чоловічі купальні плавки ;4;3121201;чоловічі купальні плавки ;18.88%
товари;одяг та взуття;чоловічий одяг ;чоловічий верхній одяг ;чоловічі куртки ;4;3550402;чоловічі куртки ;16.93%
товари;одяг та взуття;взуття;чоловіче взуття ;чоловічі мокасини ;4;35804;чоловічі мокасини ;17.65%
товари;одяг та взуття;чоловічий одяг ;чоловічий верхній одяг ;чоловічі пальта та плащі;4;3550401;чоловічі пальта та плащі;16.80%
товари;одяг та взуття;чоловічий одяг ;чоловічі піджаки ;чоловічі піджаки ;3;35509;чоловічі піджаки ;18.28%
товари;одяг та взуття;чоловічий одяг ;чоловіча білизна та купальні плавки;чоловічі підштаники ;4;3121206;чоловічі підштаники ;18.88%
товари;одяг та взуття;чоловічий одяг ;чоловічий одяг для сну та дому;чоловічі піжами ;4;36607;чоловічі піжами ;18.61%
товари;одяг та взуття;чоловічий одяг ;чоловічий верхній одяг ;чоловічі пуховики ;4;3550406;чоловічі пуховики ;12.90%
товари;одяг та взуття;взуття;чоловіче взуття ;чоловічі сандалі і шльопанці ;4;32205;чоловічі сандалі і шльопанці ;17.65%
товари;одяг та взуття;чоловічий одяг ;чоловічі светри та кардигани ;чоловічі светри та кардигани ;3;30509;чоловічі светри та кардигани ;18.28%
товари;одяг та взуття;чоловічий одяг ;чоловічі сорочки ;чоловічі сорочки ;3;348;чоловічі сорочки ;18.53%
товари;одяг та взуття;чоловічий одяг ;чоловічі толстовки і реглани ;чоловічі толстовки і реглани ;3;30503;чоловічі толстовки і реглани ;19.62%
товари;одяг та взуття;чоловічий одяг ;чоловіча білизна та купальні плавки;чоловічі труси ;4;31202;чоловічі труси ;18.88%
товари;одяг та взуття;взуття;чоловіче взуття ;чоловічі туфлі ;4;32213;чоловічі туфлі ;17.65%
товари;одяг та взуття;чоловічий одяг ;чоловічі футболки та майки ;чоловічі футболки та майки ;3;35506;чоловічі футболки та майки ;20.19%
товари;одяг та взуття;чоловічий одяг ;чоловічий одяг для сну та дому;чоловічі халати ;4;3121205;чоловічі халати ;18.61%
товари;одяг та взуття;взуття;чоловіче взуття ;чоловічі черевики ;4;3220413;чоловічі черевики ;17.65%
товари;одяг та взуття;взуття;чоловіче взуття ;чоловічі чоботи ;4;3220411;чоловічі чоботи ;17.65%
товари;одяг та взуття;чоловічий одяг ;чоловіча білизна та купальні плавки;чоловічі шкарпетки ;4;3121204;чоловічі шкарпетки ;18.88%
товари;одяг та взуття;чоловічий одяг ;чоловічі шорти і бриджі ;чоловічі шорти і бриджі ;3;30602;чоловічі шорти і бриджі ;16.35%
товари;одяг та взуття;чоловічий одяг ;чоловічі штани ;чоловічі штани ;3;35501;чоловічі штани ;18.00%
товари;одяг та взуття;дитячий одяг та взуття;шкільна форма;шкільна форма;3;31116;шкільна форма;16.78%
товари;одяг та взуття;дитячий одяг та взуття;дитяче та підліткове взуття;шкільне взуття;4;3221217;шкільне взуття;18.09%
товари;одяг та взуття;аксесуари для взуття;шнурки для взуття;шнурки для взуття;3;580303;шнурки для взуття;18.88%
товари;опалення;газові котли;газові котли;газові котли;2;14210101;газові котли;7.80%
товари;опалення;електричні котли;електричні котли;електричні котли;2;14210102;електричні котли;9.14%
товари;опалення;опалення, загальне;опалення, загальне;опалення, загальне;2;5901;опалення, загальне;25.00%
товари;подарунки, хобі, книги;подарунки і сувеніри;сувенірні магніти;сувенірні магніти;3;170701;сувенірні магніти;16.19%
товари;подарунки, хобі, книги;музичні інструменти;клавішні інструменти та обладнання;midi-клавіатури;4;180550;midi-клавіатури;10.77%
товари;подарунки, хобі, книги;подарунки і сувеніри;адвент календарі;адвент календарі;3;1768;адвент календарі;8.93%
товари;подарунки, хобі, книги;музичні інструменти;клавішні інструменти та обладнання;акордеони, баяни, гармоні;4;180517;акордеони, баяни, гармоні;10.51%
товари;подарунки, хобі, книги;музичні інструменти;духові інструменти та аксесуари;аксесуари для духових інструментів;4;180563;аксесуари для духових інструментів;11.20%
товари;подарунки, хобі, книги;ігри;аксесуари для настільних ігор;аксесуари для настільних ігор;3;180616;аксесуари для настільних ігор;20.69%
товари;подарунки, хобі, книги;cвяткові прикраси;аксесуари для свята;аксесуари для свята;3;175509;аксесуари для свята;23.48%
товари;подарунки, хобі, книги;музичні інструменти;смичкові інструменти та аксесуари;аксесуари для смичкових інструментів;4;180562;аксесуари для смичкових інструментів;14.14%
товари;подарунки, хобі, книги;музичні інструменти;ударні музичні інструменти та аксесуари;аксесуари та комплектуючі для ударних інструментів;4;180537;аксесуари та комплектуючі для ударних інструментів;13.21%
товари;подарунки, хобі, книги;cвяткові прикраси;аксесуари та обладнання для повітряних куль;аксесуари та обладнання для повітряних куль;3;283081;аксесуари та обладнання для повітряних куль;9.70%
товари;подарунки, хобі, книги;музичні інструменти;ударні музичні інструменти та аксесуари;акустичні ударні установки і барабани;4;180531;акустичні ударні установки і барабани;13.08%
товари;подарунки, хобі, книги;рукоділля;малювання і аплікація;алмазна мозаїка;4;211133;алмазна мозаїка;15.70%
товари;подарунки, хобі, книги;аудіо/відео продукція;аудіо/відео продукція;аудіо/відео продукція;2;2203;аудіо/відео продукція;13.55%
товари;подарунки, хобі, книги;музичні інструменти;ударні музичні інструменти та аксесуари;барабанні палички, щітки, рукавички;4;180520;барабанні палички, щітки, рукавички;14.06%
товари;подарунки, хобі, книги;рукоділля;миловаріння та виготовлення свічок;барвники, пігменти для мила;4;15250905;барвники, пігменти для мила;12.61%
товари;подарунки, хобі, книги;cвяткові прикраси;бенгальські вогні;бенгальські вогні;3;175508;бенгальські вогні;18.17%
товари;подарунки, хобі, книги;книги, журнали, друкована продукція;книги;бізнес-книги;4;220228;бізнес-книги;15.16%
товари;подарунки, хобі, книги;рукоділля;вишивка та бісероплетіння;бісер;4;15251005;бісер;15.24%
товари;подарунки, хобі, книги;рукоділля;вишивка та бісероплетіння;бісерне рукоділля;4;152517;бісерне рукоділля;15.50%
товари;подарунки, хобі, книги;подарунки і сувеніри;брелоки;брелоки;3;170702;брелоки;19.69%
товари;подарунки, хобі, книги;рукоділля;в'язання та валяння;в'язання та валяння, загальне;4;15252301;в'язання та валяння, загальне;25.00%
товари;подарунки, хобі, книги;cвяткові прикраси;великодні подарунки та прикраси;великодні подарунки та прикраси;3;1740;великодні подарунки та прикраси;22.85%
товари;подарунки, хобі, книги;рукоділля;виготовлення ножів;виготовлення ножів;3;152529;виготовлення ножів;14.68%
товари;подарунки, хобі, книги;рукоділля;вишивка та бісероплетіння;вишивка та бісероплетіння, загальне;4;152501;вишивка та бісероплетіння, загальне;25.00%
товари;подарунки, хобі, книги;кальяни і аксесуари до них;вугілля та фольга для кальянів;вугілля та фольга для кальянів;3;152611;вугілля та фольга для кальянів;14.92%
товари;подарунки, хобі, книги;музичні інструменти;гітари та обладнання;гітари та обладнання, загальне;4;180526;гітари та обладнання, загальне;25.00%
товари;подарунки, хобі, книги;музичні інструменти;гітари та обладнання;гітари, струнні інструменти;4;180509;гітари, струнні інструменти;12.72%
товари;подарунки, хобі, книги;музичні інструменти;гітари та обладнання;гітарна електроніка і фурнітура;4;180546;гітарна електроніка і фурнітура;12.33%
товари;подарунки, хобі, книги;музичні інструменти;гітари та обладнання;гітарні динаміки, лампи посилення;4;180545;гітарні динаміки, лампи посилення;11.64%
товари;подарунки, хобі, книги;музичні інструменти;гітари та обладнання;гітарні педалі і процесори;4;180533;гітарні педалі і процесори;11.64%
товари;подарунки, хобі, книги;музичні інструменти;гітари та обладнання;гітарні ремені, стреплоки;4;180539;гітарні ремені, стреплоки;13.37%
товари;подарунки, хобі, книги;ігри;гральні карти;гральні карти;3;180609;гральні карти;23.48%
товари;подарунки, хобі, книги;музичні інструменти;духові інструменти та аксесуари;губні гармошки;4;180565;губні гармошки;14.26%
товари;подарунки, хобі, книги;рукоділля;шиття;гудзики;4;32810;гудзики;15.50%
товари;подарунки, хобі, книги;ігри;дартс;дартс;3;180602;дартс;15.92%
товари;подарунки, хобі, книги;рукоділля;шиття;декор для шиття та рукоділля;4;32812;декор для шиття та рукоділля;15.43%
товари;товари для дому;декор для дому;інтер'єрні аксесуари;декоративні подушки;4;170718;декоративні подушки;16.67%
товари;подарунки, хобі, книги;подарунки і сувеніри;дзвіночки;дзвіночки;3;1746;дзвіночки;14.17%
товари;подарунки, хобі, книги;рукоділля;миловаріння та виготовлення свічок;добавки для миловаріння;4;152503;добавки для миловаріння;14.47%
товари;подарунки, хобі, книги;музичні інструменти;духові інструменти та аксесуари;духові інструменти;4;180502;духові інструменти;13.87%
товари;подарунки, хобі, книги;музичні інструменти;духові інструменти та аксесуари;духові інструменти та аксесуари, загальне;4;180559;духові інструменти та аксесуари, загальне;25.00%
товари;подарунки, хобі, книги;музичні інструменти;ударні музичні інструменти та аксесуари;електронні барабани і установки;4;180530;електронні барабани і установки;13.08%
товари;подарунки, хобі, книги;cвяткові прикраси;етикетки, прикраси на пляшки;етикетки, прикраси на пляшки;3;175506;етикетки, прикраси на пляшки;21.87%
товари;подарунки, хобі, книги;музичні інструменти;етнічні інструменти;етнічні інструменти;3;180507;етнічні інструменти;15.21%
товари;подарунки, хобі, книги;букети;живі квіти і букети;живі квіти і букети;3;1140501;живі квіти і букети;21.08%
товари;подарунки, хобі, книги;книги, журнали, друкована продукція;журнали, газети;журнали, газети;3;2205;журнали, газети;15.10%
товари;подарунки, хобі, книги;рукоділля;органайзери та заготовки для рукоділля;заготовки для творчості;4;152514;заготовки для творчості;15.77%
товари;подарунки, хобі, книги;музичні інструменти;гітари та обладнання;засоби по догляду за гітарами;4;180572;засоби по догляду за гітарами;12.26%
товари;подарунки, хобі, книги;рукоділля;шиття;застібки;4;32806;застібки;15.50%
товари;подарунки, хобі, книги;музичні інструменти;гітари та обладнання;звукознімачі для гітар;4;180518;звукознімачі для гітар;13.97%
товари;подарунки, хобі, книги;ігри;ігри, загальне;ігри, загальне;3;180699;ігри, загальне;25.00%
товари;подарунки, хобі, книги;ігри;ігрові столи;ігрові столи;3;180605;ігрові столи;21.20%
товари;подарунки, хобі, книги;музичні інструменти;гітари та обладнання;інструментальні кабелі, перехідники, роз'єми;4;180542;інструментальні кабелі, перехідники, роз'єми;14.99%
товари;подарунки, хобі, книги;рукоділля;ліплення та створення іграшок;інструменти для роботи з полімерною глиною;4;152520;інструменти для роботи з полімерною глиною;15.96%
товари;подарунки, хобі, книги;книги, журнали, друкована продукція;календарі та плакати;календарі та плакати;3;3504;календарі та плакати;14.76%
товари;подарунки, хобі, книги;кальяни і аксесуари до них;кальяни;кальяни;3;152604;кальяни;15.18%
товари;подарунки, хобі, книги;рукоділля;вишивка та бісероплетіння;канва, полотно для вишивання;4;15251003;канва, полотно для вишивання;15.47%
товари;подарунки, хобі, книги;рукоділля;малювання і аплікація;картини за номерами;4;170416;картини за номерами;15.64%
товари;подарунки, хобі, книги;музичні інструменти;клавішні інструменти та обладнання;клавішні інструменти та обладнання, загальне;4;180548;клавішні інструменти та обладнання, загальне;25.00%
товари;подарунки, хобі, книги;книги, журнали, друкована продукція;книги;книги для батьків;4;220232;книги для батьків;15.33%
товари;подарунки, хобі, книги;книги, журнали, друкована продукція;книги;книги для вашого хобі;4;220242;книги для вашого хобі;15.13%
товари;подарунки, хобі, книги;книги, журнали, друкована продукція;книги;книги для вивчення іноземних мов;4;220211;книги для вивчення іноземних мов;15.00%
товари;подарунки, хобі, книги;книги, журнали, друкована продукція;книги;книги з природничих і технічних наук;4;220205;книги з природничих і технічних наук;15.13%
товари;подарунки, хобі, книги;книги, журнали, друкована продукція;книги, журнали, друкована продукція, загальне;книги, журнали, друкована продукція, загальне;3;2211;книги, журнали, друкована продукція, загальне;25.00%
товари;подарунки, хобі, книги;книги, журнали, друкована продукція;книги;книги, загальне;4;220202;книги, загальне;25.00%
товари;подарунки, хобі, книги;cвяткові прикраси;кольоровий дим;кольоровий дим;3;175511;кольоровий дим;24.00%
товари;подарунки, хобі, книги;книги, журнали, друкована продукція;книги;комп'ютерні книги;4;220229;комп'ютерні книги;15.07%
товари;подарунки, хобі, книги;кальяни і аксесуари до них;комплектуючі для pod-систем;комплектуючі для pod-систем;3;177103;комплектуючі для pod-систем;16.55%
товари;подарунки, хобі, книги;кальяни і аксесуари до них;комплектуючі для кальянів;комплектуючі для кальянів;3;152610;комплектуючі для кальянів;16.54%
товари;подарунки, хобі, книги;букети;композиції з іграшок, одягу, підгузків;композиції з іграшок, одягу, підгузків;3;1750;композиції з іграшок, одягу, підгузків;21.71%
товари;подарунки, хобі, книги;рукоділля;миловаріння та виготовлення свічок;косметичні аромати;4;15250904;косметичні аромати;15.14%
товари;подарунки, хобі, книги;подарунки і сувеніри;листівки та подарункові конверти;листівки та подарункові конверти;3;1756;листівки та подарункові конверти;15.40%
товари;подарунки, хобі, книги;рукоділля;ліплення та створення іграшок;ліплення та створення іграшок, загальне;4;15252601;ліплення та створення іграшок, загальне;25.00%
товари;подарунки, хобі, книги;книги, журнали, друкована продукція;книги;література з суспільних та гуманітарних наук;4;220206;література з суспільних та гуманітарних наук;15.20%
товари;подарунки, хобі, книги;рукоділля;малювання і аплікація;малювання, загальне;4;21111199;малювання, загальне;25.00%
товари;подарунки, хобі, книги;рукоділля;ліплення та створення іграшок;матеріали для виготовлення іграшок;4;152518;матеріали для виготовлення іграшок;19.08%
товари;подарунки, хобі, книги;рукоділля;матеріали для виготовлення прикрас та аксесуарів;матеріали для виготовлення прикрас та аксесуарів;3;152528;матеріали для виготовлення прикрас та аксесуарів;15.34%
товари;подарунки, хобі, книги;рукоділля;миловаріння та виготовлення свічок;матеріали для виготовлення свічок;4;152522;матеріали для виготовлення свічок;15.14%
товари;подарунки, хобі, книги;рукоділля;матеріали для виготовлення сувенірної продукції;матеріали для виготовлення сувенірної продукції;3;1751;матеріали для виготовлення сувенірної продукції;13.20%
товари;подарунки, хобі, книги;рукоділля;в'язання та валяння;матеріали та інструменти для фелтингу;4;152502;матеріали та інструменти для фелтингу;16.00%
товари;подарунки, хобі, книги;книги, журнали, друкована продукція;книги;медична література;4;220207;медична література;15.07%
товари;подарунки, хобі, книги;музичні інструменти;гітари та обладнання;медіатори, слайдери, каподастри;4;180512;медіатори, слайдери, каподастри;12.33%
товари;подарунки, хобі, книги;рукоділля;миловаріння та виготовлення свічок;миловаріння та виготовлення свічок, загальне;4;15250902;миловаріння та виготовлення свічок, загальне;25.00%
товари;подарунки, хобі, книги;рукоділля;миловаріння та виготовлення свічок;мильна основа;4;15250903;мильна основа;14.47%
товари;подарунки, хобі, книги;рукоділля;малювання і аплікація;мольберти;4;21111107;мольберти;15.64%
товари;подарунки, хобі, книги;музичні інструменти;музичні інструменти, загальне;музичні інструменти, загальне;3;180501;музичні інструменти, загальне;25.00%
товари;подарунки, хобі, книги;рукоділля;миловаріння та виготовлення свічок;набори для виготовлення свічок і мила;4;15250907;набори для виготовлення свічок і мила;16.88%
товари;подарунки, хобі, книги;рукоділля;вишивка та бісероплетіння;набори для вишивання;4;15251001;набори для вишивання;15.68%
товари;подарунки, хобі, книги;кальяни і аксесуари до них;набори для самозамісу;набори для самозамісу;3;177102;набори для самозамісу;17.95%
товари;подарунки, хобі, книги;книги, журнали, друкована продукція;книги;навчальна і довідкова література;4;220201;навчальна і довідкова література;15.07%
товари;подарунки, хобі, книги;книги, журнали, друкована продукція;наочні та роздаткові матеріали;наочні та роздаткові матеріали;3;900502;наочні та роздаткові матеріали;10.63%
товари;подарунки, хобі, книги;подарунки і сувеніри;народні сувеніри;народні сувеніри;3;1725;народні сувеніри;14.39%
товари;подарунки, хобі, книги;ігри;настільні ігри;настільні ігри;3;180607;настільні ігри;22.58%
товари;подарунки, хобі, книги;кальяни і аксесуари до них;кальяни та аксесуари, загальне;кальяни та аксесуари, загальне;3;177101;кальяни та аксесуари, загальне;25.00%
товари;подарунки, хобі, книги;cвяткові прикраси;небесні ліхтарики;небесні ліхтарики;3;1749;небесні ліхтарики;21.48%
товари;подарунки, хобі, книги;рукоділля;шиття;нитки;4;427;нитки;15.37%
товари;подарунки, хобі, книги;cвяткові прикраси;новорічні іграшки та прикраси;новорічні іграшки та прикраси;3;175503;новорічні іграшки та прикраси;23.65%
товари;подарунки, хобі, книги;рукоділля;органайзери та заготовки для рукоділля;органайзери та заготовки для рукоділля, загальне;4;15252501;органайзери та заготовки для рукоділля, загальне;25.00%
товари;подарунки, хобі, книги;рукоділля;органайзери та заготовки для рукоділля;органайзери та шкатулки для рукоділля;4;152505;органайзери та шкатулки для рукоділля;15.44%
товари;подарунки, хобі, книги;подарунки і сувеніри;оригінальні подарунки;оригінальні подарунки;3;281916;оригінальні подарунки;23.85%
товари;подарунки, хобі, книги;ігри;пазли і головоломки;пазли і головоломки;3;180613;пазли і головоломки;23.28%
товари;подарунки, хобі, книги;подарункова упаковка;пакувальний папір;пакувальний папір;3;230105;пакувальний папір;23.61%
товари;подарунки, хобі, книги;рукоділля;малювання і аплікація;палітри, художні пенали;4;21111102;палітри, художні пенали;15.70%
товари;подарунки, хобі, книги;рукоділля;скрапбукінг, квіллінг і декупаж;папір та картон для творчості;4;152512;папір та картон для творчості;16.14%
товари;подарунки, хобі, книги;парний одяг;парний одяг;парний одяг;2;1760;парний одяг;14.65%
товари;подарунки, хобі, книги;музичні інструменти;ударні музичні інструменти та аксесуари;педалі для акустичних барабанів;4;180535;педалі для акустичних барабанів;11.85%
товари;подарунки, хобі, книги;музичні інструменти;ударні музичні інструменти та аксесуари;перкусія;4;180505;перкусія;14.51%
товари;подарунки, хобі, книги;музичні інструменти;клавішні інструменти та обладнання;піаніно, синтезатори, роялі;4;180551;піаніно, синтезатори, роялі;11.95%
товари;подарунки, хобі, книги;музичні інструменти;гітари та обладнання;підсилювачі музичних інструментів;4;180540;підсилювачі музичних інструментів;11.64%
товари;подарунки, хобі, книги;музичні інструменти;ударні музичні інструменти та аксесуари;пластики для барабанів;4;180523;пластики для барабанів;12.37%
товари;подарунки, хобі, книги;повітряні кулі та композиції з них;повітряні кулі та композиції з них;повітряні кулі та композиції з них;2;1742;повітряні кулі та композиції з них;23.43%
товари;подарунки, хобі, книги;подарунки та сувеніри ручної роботи;подарунки та сувеніри ручної роботи;подарунки та сувеніри ручної роботи;2;172001;подарунки та сувеніри ручної роботи;15.71%
товари;подарунки, хобі, книги;подарунки та сувеніри, загальне;подарунки та сувеніри, загальне;подарунки та сувеніри, загальне;2;1729;подарунки та сувеніри, загальне;25.00%
товари;подарунки, хобі, книги;подарункова упаковка;подарункова упаковка, загальне;подарункова упаковка, загальне;3;176201;подарункова упаковка, загальне;25.00%
товари;подарунки, хобі, книги;подарункова упаковка;подарункові коробки і пакети;подарункові коробки і пакети;3;380540;подарункові коробки і пакети;16.28%
товари;подарунки, хобі, книги;подарунки і сувеніри;подарункові сертифікати;подарункові сертифікати;3;1752;подарункові сертифікати;19.71%
товари;подарунки, хобі, книги;подарункова упаковка;подарункові стрічки і банти;подарункові стрічки і банти;3;176203;подарункові стрічки і банти;20.30%
товари;подарунки, хобі, книги;ігри;покерні набори;покерні набори;3;180610;покерні набори;13.40%
товари;подарунки, хобі, книги;рукоділля;ліплення та створення іграшок;полімерна глина;4;152508;полімерна глина;19.21%
товари;подарунки, хобі, книги;рукоділля;малювання і аплікація;полотна;4;21111106;полотна;15.70%
товари;подарунки, хобі, книги;прапори та герби;прапори та герби;прапори та герби;2;1733;прапори та герби;11.64%
товари;подарунки, хобі, книги;рукоділля;шиття;прикладні матеріали для шиття;4;32821;прикладні матеріали для шиття;15.88%
товари;подарунки, хобі, книги;cвяткові прикраси;прикраси для виписки з пологового будинку;прикраси для виписки з пологового будинку;3;175505;прикраси для виписки з пологового будинку;23.65%
товари;подарунки, хобі, книги;рукоділля;скрапбукінг, квіллінг і декупаж;приладдя для декупажу, патинування та кракелюру;4;152511;приладдя для декупажу, патинування та кракелюру;20.10%
товари;подарунки, хобі, книги;книги, журнали, друкована продукція;приладдя для книг;приладдя для книг, загальне;4;350601;приладдя для книг, загальне;25.00%
товари;подарунки, хобі, книги;рукоділля;скрапбукінг, квіллінг і декупаж;приладдя для скрапбукінгу;4;152513;приладдя для скрапбукінгу;19.45%
товари;подарунки, хобі, книги;рукоділля;малювання і аплікація;приладдя для художньої графіки;4;211125;приладдя для художньої графіки;15.44%
товари;подарунки, хобі, книги;рукоділля;в'язання та валяння;пряжа;4;408;пряжа;15.71%
товари;подарунки, хобі, книги;музичні інструменти;смичкові інструменти та аксесуари;пюпітри для нот;4;180522;пюпітри для нот;14.47%
товари;подарунки, хобі, книги;рукоділля;вишивка та бісероплетіння;пяльці для вишивання;4;15251002;пяльці для вишивання;15.47%
товари;подарунки, хобі, книги;книги, журнали, друкована продукція;книги;релігійна, езотерична література;4;220241;релігійна, езотерична література;15.26%
товари;подарунки, хобі, книги;рукоділля;рукоділля, загальне;рукоділля, загальне;3;152506;рукоділля, загальне;25.00%
товари;подарунки, хобі, книги;cвяткові прикраси;свічки для торта;свічки для торта;3;175510;свічки для торта;14.89%
товари;подарунки, хобі, книги;cвяткові прикраси;святкові прикраси та феєрверки, загальне;святкові прикраси та феєрверки, загальне;3;1702;святкові прикраси та феєрверки, загальне;25.00%
товари;подарунки, хобі, книги;cвяткові прикраси;серпантин і конфеті;серпантин і конфеті;3;175501;серпантин і конфеті;22.85%
товари;подарунки, хобі, книги;подарунки і сувеніри;скарбнички;скарбнички;3;1736;скарбнички;23.85%
товари;подарунки, хобі, книги;рукоділля;скрапбукінг, квіллінг і декупаж;скрапбукінг, квіллінг і декупаж, загальне;4;15252401;скрапбукінг, квіллінг і декупаж, загальне;25.00%
товари;товари для дому;декор для дому;інтер'єрні аксесуари;скретч-карти подорожей;4;170713;скретч-карти подорожей;15.90%
товари;подарунки, хобі, книги;рукоділля;малювання і аплікація;скретч-набори;4;211135;скретч-набори;18.35%
товари;подарунки, хобі, книги;смачні подарунки;смачні подарунки;смачні подарунки;2;1764;смачні подарунки;15.19%
товари;подарунки, хобі, книги;музичні інструменти;смичкові інструменти та аксесуари;смички;4;180557;смички;14.14%
товари;подарунки, хобі, книги;музичні інструменти;смичкові інструменти та аксесуари;смичкові інструменти;4;180506;смичкові інструменти;13.62%
товари;подарунки, хобі, книги;музичні інструменти;смичкові інструменти та аксесуари;смичкові інструменти та аксесуари, загальне;4;180554;смичкові інструменти та аксесуари, загальне;25.00%
товари;подарунки, хобі, книги;рукоділля;в'язання та валяння;спиці, гачки та аксесуари для в'язання;4;152504;спиці, гачки та аксесуари для в'язання;15.67%
товари;подарунки, хобі, книги;музичні інструменти;стійки, підставки для музичних інструментів;стійки, підставки для музичних інструментів;3;180544;стійки, підставки для музичних інструментів;13.78%
товари;подарунки, хобі, книги;музичні інструменти;ударні музичні інструменти та аксесуари;стільці для музикантів;4;180521;стільці для музикантів;13.21%
товари;подарунки, хобі, книги;музичні інструменти;гітари та обладнання;струни для музичних інструментів;4;180515;струни для музичних інструментів;13.56%
товари;подарунки, хобі, книги;подарунки і сувеніри;сувеніри морської тематики;сувеніри морської тематики;3;1738;сувеніри морської тематики;23.66%
товари;подарунки, хобі, книги;подарунки і сувеніри;сувеніри фен-шуй;сувеніри фен-шуй;3;170710;сувеніри фен-шуй;15.72%
товари;подарунки, хобі, книги;подарунки і сувеніри;сувеніри, загальне;сувеніри, загальне;3;170706;сувеніри, загальне;25.00%
товари;подарунки, хобі, книги;подарунки і сувеніри;сувенірна зброя і обладунки;сувенірна зброя і обладунки;3;170703;сувенірна зброя і обладунки;16.32%
товари;подарунки, хобі, книги;cвяткові прикраси;сувенірні гроші;сувенірні гроші;3;1763;сувенірні гроші;19.25%
товари;подарунки, хобі, книги;подарунки і сувеніри;сувенірні значки, нагороди;сувенірні значки, нагороди;3;170708;сувенірні значки, нагороди;23.24%
товари;подарунки, хобі, книги;подарунки і сувеніри;сувенірні та подарункові набори;сувенірні та подарункові набори;3;1769;сувенірні та подарункові набори;19.18%
товари;подарунки, хобі, книги;кальяни і аксесуари до них;сумки та кейси для кальянів;сумки та кейси для кальянів;3;152612;сумки та кейси для кальянів;16.15%
товари;подарунки, хобі, книги;подарунки і сувеніри;талісмани, обереги, амулети;талісмани, обереги, амулети;3;1757;талісмани, обереги, амулети;15.40%
товари;подарунки, хобі, книги;музичні інструменти;ударні музичні інструменти та аксесуари;тарілки для барабанів;4;180524;тарілки для барабанів;13.47%
товари;подарунки, хобі, книги;рукоділля;шиття;текстильні аксесуари;4;32809;текстильні аксесуари;15.63%
товари;подарунки, хобі, книги;книги, журнали, друкована продукція;технічна література;технічна література;3;3501;технічна література;14.84%
товари;подарунки, хобі, книги;рукоділля;шиття;тканини та сітки для рукоділля;4;152516;тканини та сітки для рукоділля;15.17%
товари;подарунки, хобі, книги;рукоділля;шиття;товари для печворку;4;152519;товари для печворку;17.28%
товари;товари для дому;декор для дому;кімнатні рослини;трав'янчики та екокуби;4;170711;трав'янчики та екокуби;17.81%
товари;подарунки, хобі, книги;рукоділля;скрапбукінг, квіллінг і декупаж;трафарети та штампи для рукоділля;4;152515;трафарети та штампи для рукоділля;16.46%
товари;подарунки, хобі, книги;музичні інструменти;ударні музичні інструменти та аксесуари;тренувальні педи, демпфери та установки;4;180532;тренувальні педи, демпфери та установки;14.77%
товари;подарунки, хобі, книги;музичні інструменти;гітари та обладнання;тюнери і метрономи;4;180536;тюнери і метрономи;13.76%
товари;подарунки, хобі, книги;музичні інструменти;ударні музичні інструменти та аксесуари;ударні інструменти та аксесуари, загальне;4;180528;ударні інструменти та аксесуари, загальне;25.00%
товари;подарунки, хобі, книги;cвяткові прикраси;урочисті стрічки;урочисті стрічки;3;175504;урочисті стрічки;23.61%
товари;подарунки, хобі, книги;cвяткові прикраси;феєрверки та піротехніка;феєрверки та піротехніка;3;282913;феєрверки та піротехніка;19.67%
товари;подарунки, хобі, книги;рукоділля;миловаріння та виготовлення свічок;форми для мила;4;15250901;форми для мила;15.34%
товари;подарунки, хобі, книги;кальяни і аксесуари до них;футляри для сигар і сигарет;футляри для сигар і сигарет;3;152602;футляри для сигар і сигарет;14.78%
товари;подарунки, хобі, книги;cвяткові прикраси;хвойні гірлянди та вінки;хвойні гірлянди та вінки;3;175512;хвойні гірлянди та вінки;22.96%
товари;подарунки, хобі, книги;cвяткові прикраси;хлопавки, пневмохлопавки;хлопавки, пневмохлопавки;3;175507;хлопавки, пневмохлопавки;18.48%
товари;подарунки, хобі, книги;рукоділля;малювання і аплікація;художні лаки, грунтовки, добавки;4;211136;художні лаки, грунтовки, добавки;12.30%
товари;подарунки, хобі, книги;рукоділля;малювання і аплікація;художні пензлі;4;21111112;художні пензлі;15.70%
товари;подарунки, хобі, книги;рукоділля;малювання і аплікація;художні пігменти;4;211138;художні пігменти;15.83%
товари;подарунки, хобі, книги;рукоділля;малювання і аплікація;художні планшети для малювання;4;21111105;художні планшети для малювання;15.70%
товари;подарунки, хобі, книги;рукоділля;малювання і аплікація;художні фарби;4;21111109;художні фарби;15.70%
товари;подарунки, хобі, книги;книги, журнали, друкована продукція;книги;художня література;4;220203;художня література;15.00%
товари;подарунки, хобі, книги;музичні інструменти;чохли, кейси для музичних інструментів;чохли, кейси для музичних інструментів;3;180513;чохли, кейси для музичних інструментів;11.95%
товари;подарунки, хобі, книги;ігри;шахи, шашки, нарди;шахи, шашки, нарди;3;1809;шахи, шашки, нарди;23.25%
товари;подарунки, хобі, книги;рукоділля;шиття;шиття, загальне;4;15252701;шиття, загальне;25.00%
товари;продукти харчування, напої;напої;алкогольні напої;алкогольні напої, загальне;4;2041101;алкогольні напої, загальне;25.00%
товари;продукти харчування, напої;бакалія;харчові інгредієнти;ароматизатори, смакові добавки;4;23003;ароматизатори, смакові добавки;15.56%
товари;продукти харчування, напої;бакалія;бакалія, загальне;бакалія, загальне;3;23501;бакалія, загальне;25.00%
товари;продукти харчування, напої;напої;безалкогольні напої;безалкогольні напої;3;202;безалкогольні напої;14.75%
товари;продукти харчування, напої;безглютенові продукти харчування;безглютенові продукти харчування;безглютенові продукти харчування;2;241;безглютенові продукти харчування;12.28%
товари;продукти харчування, напої;бакалія;бобові;бобові;3;23503;бобові;12.01%
товари;продукти харчування, напої;бакалія;борошно та висівки;борошно;4;300;борошно;14.95%
товари;продукти харчування, напої;бакалія;борошно та висівки;борошно та висівки, загальне;4;23301;борошно та висівки, загальне;25.00%
товари;продукти харчування, напої;хлібобулочні, кондитерські вироби;борошняні кондитерські вироби;борошняні кондитерські вироби, загальне;4;2181701;борошняні кондитерські вироби, загальне;25.00%
товари;продукти харчування, напої;бакалія;консерви;варення і джеми;4;21403;варення і джеми;14.58%
товари;продукти харчування, напої;хлібобулочні, кондитерські вироби;борошняні кондитерські вироби;вафлі та трубочки;4;2181706;вафлі та трубочки;14.58%
товари;продукти харчування, напої;веганські і вегетаріанські продукти;вегетаріанські напівфабрикати;вегетаріанські напівфабрикати;3;23702;вегетаріанські напівфабрикати;12.78%
товари;продукти харчування, напої;веганські і вегетаріанські продукти; вегетаріанські солодощі і снеки; вегетаріанські солодощі і снеки;3;23704; вегетаріанські солодощі і снеки;12.94%
товари;продукти харчування, напої;веганські і вегетаріанські продукти; вегетаріанські сосиски і ковбаси; вегетаріанські сосиски і ковбаси;3;23703; вегетаріанські сосиски і ковбаси;14.07%
товари;продукти харчування, напої;молочні продукти;вершки;вершки;3;20906;вершки;14.70%
товари;продукти харчування, напої;молочні продукти;вершкове масло;вершкове масло;3;21301;вершкове масло;14.16%
товари;продукти харчування, напої;бакалія;борошно та висівки;висівки;4;30003;висівки;14.95%
товари;продукти харчування, напої;хлібобулочні, кондитерські вироби;все для кондитера;все для кондитера, загальне;4;2181801;все для кондитера, загальне;25.00%
товари;продукти харчування, напої;бакалія;горіхи;горіхи;3;104;горіхи;14.70%
товари;продукти харчування, напої;солодощі;горіхові і шоколадні пасти;горіхові і шоколадні пасти;3;21306;горіхові і шоколадні пасти;15.05%
товари;продукти харчування, напої;овочі, фрукти, ягоди, гриби;гриби;гриби;3;10609;гриби;14.16%
товари;продукти харчування, напої;напої;алкогольні напої;десертні та ігристі вина;4;20406;десертні та ігристі вина;11.11%
товари;продукти харчування, напої;дієтичні продукти;дієтичні продукти;дієтичні продукти;2;217;дієтичні продукти;14.75%
товари;продукти харчування, напої;хлібобулочні, кондитерські вироби;все для кондитера;дріжджі та розпушувач тіста;4;23002;дріжджі та розпушувач тіста;16.25%
товари;продукти харчування, напої;хлібобулочні, кондитерські вироби;борошняні кондитерські вироби;еклери і пончики;4;236;еклери і пончики;14.58%
товари;продукти харчування, напої;бакалія;харчові інгредієнти;емульгатори;4;81904;емульгатори;15.56%
товари;продукти харчування, напої;бакалія;харчові інгредієнти;желатин, загусники;4;81910;желатин, загусники;14.85%
товари;продукти харчування, напої;солодощі; желе і десерти; желе і десерти;3;21812; желе і десерти;14.36%
товари;продукти харчування, напої;бакалія;харчові інгредієнти;закваски;4;81911;закваски;14.85%
товари;продукти харчування, напої; заморожені напівфабрикати; заморожені напівфабрикати; заморожені напівфабрикати;2;222; заморожені напівфабрикати;13.55%
товари;продукти харчування, напої;молочні продукти;згущене молоко;згущене молоко;3;20911;згущене молоко;14.70%
товари;продукти харчування, напої;солодощі;зефір і мармелад;зефір і мармелад;3;21813;зефір і мармелад;14.29%
товари;продукти харчування, напої;ікра;ікра;ікра;2;10904;ікра;14.64%
товари;продукти харчування, напої;бакалія;харчові інгредієнти;інгредієнти для кондитерських і хлібобулочних виробів;4;23011;інгредієнти для кондитерських і хлібобулочних виробів;14.85%
товари;продукти харчування, напої;молочні продукти;йогурти та молочні десерти;йогурти та молочні десерти;3;20913;йогурти та молочні десерти;13.55%
товари;продукти харчування, напої;напої;чай, кава, какао;кава;4;10702;кава;15.43%
товари;продукти харчування, напої;напої;чай, кава, какао;кавові напої;4;10705;кавові напої;15.32%
товари;продукти харчування, напої;напої;чай, кава, какао;какао;4;10703;какао;14.71%
товари;продукти харчування, напої;молочні продукти;кисломолочний сир ;кисломолочний сир ;3;20905;кисломолочний сир ;8.93%
товари;продукти харчування, напої;молочні продукти;кисломолочні напої;кисломолочні напої;3;20903;кисломолочні напої;12.46%
товари;продукти харчування, напої;бакалія;борошно та висівки;клітковина та рослинний шрот;4;23302;клітковина та рослинний шрот;14.95%
товари;продукти харчування, напої;м'ясо та м'ясна продукція;ковбаси та м'ясні вироби;ковбаси;4;2110301;ковбаси;14.36%
товари;продукти харчування, напої;м'ясо та м'ясна продукція;ковбаси та м'ясні вироби;ковбасні вироби, загальне;4;2110310;ковбасні вироби, загальне;25.00%
товари;продукти харчування, напої;хлібобулочні, кондитерські вироби;все для кондитера;кондитерський декор;4;21804;кондитерський декор;14.88%
товари;продукти харчування, напої;хлібобулочні, кондитерські вироби;все для кондитера;кондитерський крем та начинки;4;21810;кондитерський крем та начинки;14.88%
товари;продукти харчування, напої;хлібобулочні, кондитерські вироби;все для кондитера;кондитерські глазурі та покриття;4;21811;кондитерські глазурі та покриття;14.88%
товари;продукти харчування, напої;бакалія;харчові інгредієнти;консерванти;4;81907;консерванти;15.56%
товари;продукти харчування, напої;бакалія;консерви;консервовані гриби;4;10606;консервовані гриби;14.58%
товари;продукти харчування, напої;бакалія;консерви;консервовані овочі;4;21405;консервовані овочі;14.58%
товари;продукти харчування, напої;бакалія;консерви;консервовані продукти, загальне;4;21406;консервовані продукти, загальне;25.00%
товари;продукти харчування, напої;бакалія;консерви;консервовані фрукти і ягоди;4;21404;консервовані фрукти і ягоди;14.58%
товари;продукти харчування, напої;бакалія;харчові інгредієнти;крохмаль;4;226;крохмаль;14.85%
товари;продукти харчування, напої;бакалія;крупи;крупи;3;205;крупи;14.38%
товари;продукти харчування, напої;м'ясо та м'ясна продукція;м'ясна продукція, загальне;м'ясна продукція, загальне;3;21104;м'ясна продукція, загальне;25.00%
товари;продукти харчування, напої;м'ясо та м'ясна продукція;ковбаси та м'ясні вироби;м'ясні делікатеси;4;2110104;м'ясні делікатеси;14.23%
товари;продукти харчування, напої;бакалія;консерви;м'ясні консерви;4;21401;м'ясні консерви;14.58%
товари;продукти харчування, напої;м'ясо та м'ясна продукція;м'ясо;м'ясо;3;21101;м'ясо;13.55%
товари;продукти харчування, напої;бакалія;макаронні вироби;макаронні вироби;3;201;макаронні вироби;14.75%
товари;продукти харчування, напої;бакалія;мед;мед;3;210;мед;14.70%
товари;продукти харчування, напої;напої;мінеральні та питні води;мінеральні та питні води;3;20402;мінеральні та питні води;14.87%
товари;продукти харчування, напої;напої;алкогольні напої;міцні алкогольні напої;4;20401;міцні алкогольні напої;11.11%
товари;продукти харчування, напої;молочні продукти;молоко;молоко;3;20902;молоко;14.75%
товари;продукти харчування, напої;молочні продукти;молочні продукти, загальне;молочні продукти, загальне;3;20909;молочні продукти, загальне;25.00%
товари;продукти харчування, напої;молочні продукти;морозиво;морозиво;3;20912;морозиво;13.94%
товари;продукти харчування, напої;бакалія;морська капуста;морська капуста;3;10911;морська капуста;10.78%
товари;продукти харчування, напої;напої;напої, загальне;напої, загальне;3;20409;напої, загальне;25.00%
товари;продукти харчування, напої;овочі, фрукти, ягоди, гриби;овочі та зелень;овочі та зелень;3;10201;овочі та зелень;13.55%
товари;продукти харчування, напої;овочі, фрукти, ягоди, гриби;овочі, фрукти, ягоди, гриби, загальне;овочі, фрукти, ягоди, гриби, загальне;3;23401;овочі, фрукти, ягоди, гриби, загальне;25.00%
товари;продукти харчування, напої;бакалія;харчові інгредієнти;оцет;4;81905;оцет;14.85%
товари;продукти харчування, напої;м'ясо та м'ясна продукція;ковбаси та м'ясні вироби;паштети;4;2110308;паштети;14.36%
товари;продукти харчування, напої;хлібобулочні, кондитерські вироби;борошняні кондитерські вироби;печиво і пряники;4;2181703;печиво і пряники;14.58%
товари;продукти харчування, напої;напої;алкогольні напої;пиво;4;20405;пиво;11.11%
товари;продукти харчування, напої;бакалія;харчові інгредієнти;підсолоджувачі, цукрозамінники;4;81909;підсолоджувачі, цукрозамінники;14.85%
товари;продукти харчування, напої;бакалія;продукти для приготування суші;продукти для приготування суші;3;219;продукти для приготування суші;15.17%
товари;продукти харчування, напої;продукти харчування, загальне;продукти харчування, загальне;продукти харчування, загальне;2;225;продукти харчування, загальне;25.00%
товари;продукти харчування, напої;бакалія;прянощі, спеції, приправи;прянощі, спеції, приправи;3;212;прянощі, спеції, приправи;14.75%
товари;продукти харчування, напої;риба і морепродукти;риба і морепродукти;риба і морепродукти;2;1091203;риба і морепродукти;14.53%
товари;продукти харчування, напої;бакалія;консерви;рибні консерви;4;21402;рибні консерви;14.58%
товари;продукти харчування, напої;бакалія;рослинна олія;рослинна олія;3;21302;рослинна олія;14.75%
товари;продукти харчування, напої;веганські і вегетаріанські продукти;рослинні молочні продукти;рослинні молочні продукти;3;20412;рослинні молочні продукти;14.16%
товари;продукти харчування, напої;хлібобулочні, кондитерські вироби;борошняні кондитерські вироби;рулети і круасани;4;2181705;рулети і круасани;14.58%
товари;продукти харчування, напої;м'ясо та м'ясна продукція;сало;сало;3;2110110;сало;10.78%
товари;продукти харчування, напої;молочні продукти;сири;сири;3;20901;сири;14.75%
товари;продукти харчування, напої;бакалія;харчові інгредієнти;сировина, концентрати для алкогольної продукції;4;20408;сировина, концентрати для алкогольної продукції;16.15%
товари;продукти харчування, напої;бакалія;харчові інгредієнти;сиропи і топінги;4;23012;сиропи і топінги;14.85%
товари;продукти харчування, напої;напої;алкогольні напої;слабоалкогольні напої;4;20407;слабоалкогольні напої;11.11%
товари;продукти харчування, напої;молочні продукти;сметана;сметана;3;20904;сметана;8.93%
товари;продукти харчування, напої;бакалія;снеки;снеки;3;215;снеки;14.33%
товари;продукти харчування, напої;бакалія;соєві продукти;соєві продукти;3;207;соєві продукти;14.38%
товари;продукти харчування, напої;напої;соки та нектари;соки та нектари;3;20403;соки та нектари;14.35%
товари;продукти харчування, напої;солодощі;солодощі, загальне;солодощі, загальне;3;24001;солодощі, загальне;25.00%
товари;продукти харчування, напої;м'ясо та м'ясна продукція;ковбаси та м'ясні вироби;сосиски, сардельки;4;2110304;сосиски, сардельки;14.36%
товари;продукти харчування, напої;бакалія;соуси і заправки;соуси і заправки;3;23001;соуси і заправки;14.85%
товари;продукти харчування, напої;напої;алкогольні напої;столові вина;4;2041102;столові вина;11.11%
товари;продукти харчування, напої;бакалія;сублімована їжа та їжа швидкого приготування;сублімована їжа та їжа швидкого приготування;3;216;сублімована їжа та їжа швидкого приготування;14.62%
товари;продукти харчування, напої;м'ясо та м'ясна продукція;субпродукти;субпродукти;3;21102;субпродукти;7.66%
товари;продукти харчування, напої;молочні продукти;сухе молоко, сухі вершки;сухе молоко, сухі вершки;3;20910;сухе молоко, сухі вершки;14.50%
товари;продукти харчування, напої;бакалія;сухі пайки;сухі пайки;3;23507;сухі пайки;14.38%
товари;продукти харчування, напої;бакалія;сухі сніданки;сухі сніданки;3;224;сухі сніданки;14.70%
товари;продукти харчування, напої;бакалія;харчові інгредієнти;сухі суміші для сиру, морозива;4;81908;сухі суміші для сиру, морозива;14.85%
товари;продукти харчування, напої;овочі, фрукти, ягоди, гриби;сушені та в'ялені овочі;сушені та в'ялені овочі;3;23402;сушені та в'ялені овочі;14.07%
товари;продукти харчування, напої;солодощі;східні солодощі;східні солодощі;3;2181405;східні солодощі;14.33%
товари;продукти харчування, напої;хлібобулочні, кондитерські вироби;борошняні кондитерські вироби;тістечка, мафіни, кекси;4;2181704;тістечка, мафіни, кекси;14.58%
товари;продукти харчування, напої;хлібобулочні, кондитерські вироби;борошняні кондитерські вироби;торти і пироги;4;2181702;торти і пироги;14.58%
товари;продукти харчування, напої;овочі, фрукти, ягоди, гриби;фрукти та ягоди;фрукти та ягоди;3;228;фрукти та ягоди;14.65%
товари;продукти харчування, напої;бакалія;харчові інгредієнти;фруктові концентрати;4;81912;фруктові концентрати;14.85%
товари;продукти харчування, напої;бакалія;харчова сіль;харчова сіль;3;23006;харчова сіль;14.85%
товари;продукти харчування, напої;бакалія;харчова сода;харчова сода;3;23014;харчова сода;15.07%
товари;продукти харчування, напої;бакалія;харчові інгредієнти;харчові барвники;4;81906;харчові барвники;14.85%
товари;продукти харчування, напої;бакалія;харчові інгредієнти;харчові добавки, загальне;4;81999;харчові добавки, загальне;25.00%
товари;продукти харчування, напої;молочні продукти;харчові жири, маргарин;харчові жири, маргарин;3;21303;харчові жири, маргарин;8.93%
товари;продукти харчування, напої;бакалія;харчові інгредієнти;харчові стабілізатори;4;23004;харчові стабілізатори;15.56%
товари;продукти харчування, напої;хлібобулочні, кондитерські вироби;хлібобулочні вироби;хлібобулочні вироби;3;2181905;хлібобулочні вироби;14.26%
товари;продукти харчування, напої;хлібобулочні, кондитерські вироби;хлібобулочні, кондитерські вироби, загальне;хлібобулочні, кондитерські вироби, загальне;3;21806;хлібобулочні, кондитерські вироби, загальне;25.00%
товари;продукти харчування, напої;овочі, фрукти, ягоди, гриби;цукати та сухофрукти;цукати та сухофрукти;3;23403;цукати та сухофрукти;14.38%
товари;продукти харчування, напої;солодощі;цукерки;цукерки;3;21803;цукерки;14.38%
товари;продукти харчування, напої;бакалія;цукор;цукор;3;23007;цукор;14.65%
товари;продукти харчування, напої;напої;чай, кава, какао;чай;4;10701;чай;14.57%
товари;продукти харчування, напої;напої;чай, кава, какао;чай, кава, какао, загальне;4;10704;чай, кава, какао, загальне;25.00%
товари;продукти харчування, напої;солодощі;шоколадні вироби;шоколадні вироби;3;2180305;шоколадні вироби;14.60%
товари;продукти харчування, напої;бакалія;яйця;яйця;3;21105;яйця;14.26%
товари;промислова хімія;колоїдна хімія;адсорбенти;активоване вугілля;4;100109;активоване вугілля;15.23%
товари;промислова хімія;органічні сполуки;алкани;алкани;3;80208;алкани;8.84%
товари;промислова хімія;органічні сполуки;альдегіди і кетон;альдегіди і кетон;3;80309;альдегіди і кетон;13.86%
товари;промислова хімія;хімічні реактиви;антиожеледні реагенти;антиожеледні реагенти;3;81706;антиожеледні реагенти;10.63%
товари;промислова хімія;ароматизатори та ароматизуючі речовини;ароматизатори та ароматизуючі речовини;ароматизатори та ароматизуючі речовини;2;82102;ароматизатори та ароматизуючі речовини;10.01%
товари;промислова хімія;пігменти, барвники;барвники;барвники;3;81502;барвники;9.70%
товари;промислова хімія;клеючі речовини та герметики;будівельні та промислові клеї;будівельні та промислові клеї;3;1319;будівельні та промислові клеї;11.51%
товари;промислова хімія;органічні сполуки;вуглеводи;вуглеводи;3;80311;вуглеводи;12.01%
товари;промислова хімія;неорганічні сполуки;дистильована вода;дистильована вода;3;80102;дистильована вода;13.94%
товари;промислова хімія;органічні сполуки;ефіри;ефіри;3;80305;ефіри;9.39%
товари;промислова хімія;засоби для біотуалетів та вигрібних ям;засоби для біотуалетів та вигрібних ям;засоби для біотуалетів та вигрібних ям;2;809;засоби для біотуалетів та вигрібних ям;13.75%
товари;промислова хімія;лакофарбові матеріали та покриття;захисні просочення;захисні просочення;3;81115;захисні просочення;11.22%
товари;промислова хімія;клеючі речовини та герметики;клей для ремонту одягу та взуття;клей для ремонту одягу та взуття;3;82203;клей для ремонту одягу та взуття;10.63%
товари;промислова хімія;клеючі речовини та герметики;клейка універсальна стрічка;клейка універсальна стрічка;3;230620;клейка універсальна стрічка;14.91%
товари;промислова хімія;клеючі речовини та герметики;клеючі речовини та герметики, загальне;клеючі речовини та герметики, загальне;3;82299;клеючі речовини та герметики, загальне;25.00%
товари;промислова хімія;лакофарбові матеріали та покриття;лакофарбові матеріали для декорування;лакофарбові матеріали для декорування;3;81121;лакофарбові матеріали для декорування;8.93%
товари;промислова хімія;лакофарбові матеріали та покриття;лакофарбові матеріали з антисептичними властивостями;лакофарбові матеріали з антисептичними властивостями;3;81117;лакофарбові матеріали з антисептичними властивостями;11.26%
товари;промислова хімія;лакофарбові матеріали та покриття;лакофарбові матеріали, загальне;лакофарбові матеріали, загальне;3;81199;лакофарбові матеріали, загальне;25.00%
товари;промислова хімія;лакофарбові матеріали та покриття;люмінесцентні покриття;люмінесцентні покриття;3;13071004;люмінесцентні покриття;13.07%
товари;промислова хімія;мастильно-охолоджуючі рідини;мастильно-охолоджуючі рідини;мастильно-охолоджуючі рідини;2;10010207;мастильно-охолоджуючі рідини;8.32%
товари;промислова хімія;лакофарбові матеріали та покриття;матеріали для пластикових покриттів;матеріали для пластикових покриттів;3;81107;матеріали для пластикових покриттів;8.58%
товари;промислова хімія;неорганічні сполуки;мінеральні солі;мінеральні солі;3;8020313;мінеральні солі;9.55%
товари;промислова хімія;хімічні реактиви;органічні та неорганічні кислоти;органічні та неорганічні кислоти;3;81702;органічні та неорганічні кислоти;8.93%
товари;промислова хімія;побутовий антифриз для опалювальних систем;побутовий антифриз для опалювальних систем;побутовий антифриз для опалювальних систем;2;816;побутовий антифриз для опалювальних систем;11.60%
товари;промислова хімія;колоїдна хімія;поверхнево-активні речовини;поверхнево-активні речовини;3;83208;поверхнево-активні речовини;12.01%
товари;промислова хімія;лакофарбові матеріали та покриття;порошкові фарби;порошкові фарби;3;81108;порошкові фарби;10.78%
товари;промислова хімія;лакофарбові матеріали та покриття;промислові маркери;промислові маркери;3;81118;промислові маркери;12.32%
товари;промислова хімія;речовини для обробки води;речовини для обробки води;речовини для обробки води;2;83210;речовини для обробки води;9.86%
товари;промислова хімія;рідке скло;рідке скло;рідке скло;2;80325;рідке скло;12.40%
товари;промислова хімія;клеючі речовини та герметики;рідкі цвяхи;рідкі цвяхи;3;82213;рідкі цвяхи;11.18%
товари;промислова хімія;колоїдна хімія;адсорбенти;силікагель;4;8320102;силікагель;14.97%
товари;промислова хімія;органічні сполуки;спирти;спирти;3;80206;спирти;10.93%
товари;промислова хімія;клеючі речовини та герметики;столярні клеї;столярні клеї;3;82207;столярні клеї;9.86%
товари;промислова хімія;лакофарбові матеріали та покриття;фарби для текстилю та шкіри;фарби для текстилю та шкіри;3;81110;фарби для текстилю та шкіри;15.55%
товари;промислова хімія;хімікати для шкіри;хімікати для шкіри;хімікати для шкіри;2;83203;хімікати для шкіри;8.93%
товари;промислова хімія;хімічні реактиви;хімічні індикатори ;хімічні індикатори ;3;81701;хімічні індикатори ;8.93%
товари;промислова хімія;хімічні речовини для електроніки;хімічні речовини для електроніки;хімічні речовини для електроніки;2;83202;хімічні речовини для електроніки;10.78%
товари;промислова хімія;клеючі речовини та герметики;холодне зварювання;холодне зварювання;3;82212;холодне зварювання;8.93%
товари;промислова хімія;холодоагенти;холодоагенти;холодоагенти;2;80316;холодоагенти;7.70%
товари;промислова хімія;колоїдна хімія;адсорбенти;цеоліт;4;8320101;цеоліт;15.75%
товари;промислове обладнання та верстати;зварювальне та паяльне обладнання;апарати контактного зварювання;апарати контактного зварювання;3;14400901;апарати контактного зварювання;9.52%
товари;промислове обладнання та верстати;резервуари та баки;бочкові насоси;бочкові насоси;3;140310;бочкові насоси;14.52%
товари;промислове обладнання та верстати;технологічне обладнання;вакуумне обладнання;вакуумні системи;4;142503;вакуумні системи;7.70%
товари;промислове обладнання та верстати;верстати;металообробні верстати;відрізні верстати, пилки;4;14172703;відрізні верстати, пилки;10.35%
товари;промислове обладнання та верстати;зварювальне та паяльне обладнання;газозварювальні апарати;газозварювальні апарати;3;14400301;газозварювальні апарати;9.98%
товари;промислове обладнання та верстати;гідрообладнання;гідрообладнання, загальне;гідрообладнання, загальне;3;140308;гідрообладнання, загальне;25.00%
товари;промислове обладнання та верстати;загальні деталі та вузли машин та механізмів;підшипники;деталі підшипників;4;145605;деталі підшипників;14.24%
товари;промислове обладнання та верстати;складське обладнання;домкрати;домкрати;3;142910;домкрати;14.39%
товари;промислове обладнання та верстати;виробниче обладнання;допоміжне обладнання;допоміжне обладнання, загальне;4;14312401;допоміжне обладнання, загальне;25.00%
товари;промислове обладнання та верстати;електрогенератори та електродвигуни;електрогенератори та електродвигуни, загальне;електрогенератори та електродвигуни, загальне;3;145201;електрогенератори та електродвигуни, загальне;25.00%
товари;промислове обладнання та верстати;зварювальне та паяльне обладнання;матеріали та комплектуючі для зварювання і паяння;електроди;4;142706;електроди;10.65%
товари;промислове обладнання та верстати;пакувальне та фасувальне обладнання;зашивочне обладнання;зашивочне обладнання;3;230732;зашивочне обладнання;8.93%
товари;промислове обладнання та верстати;зварювальне та паяльне обладнання;матеріали та комплектуючі для зварювання і паяння;зварювальна хімія;4;142714;зварювальна хімія;10.65%
товари;промислове обладнання та верстати;зварювальне та паяльне обладнання;зварювальне обладнання, загальне;зварювальне обладнання, загальне;3;144099;зварювальне обладнання, загальне;25.00%
товари;промислове обладнання та верстати;зварювальне та паяльне обладнання;матеріали та комплектуючі для зварювання і паяння;зварювальний дріт;4;142709;зварювальний дріт;10.65%
товари;промислове обладнання та верстати;зварювальне та паяльне обладнання;зварювальні автомати та напівавтомати;зварювальні автомати та напівавтомати;3;14400105;зварювальні автомати та напівавтомати;9.44%
товари;промислове обладнання та верстати;зварювальне та паяльне обладнання;матеріали та комплектуючі для зварювання і паяння;зварювальні голівки;4;142707;зварювальні голівки;10.65%
товари;промислове обладнання та верстати;зварювальне та паяльне обладнання;зварювальні інвертори;зварювальні інвертори;3;14400101;зварювальні інвертори;10.23%
товари;промислове обладнання та верстати;зварювальне та паяльне обладнання;матеріали та комплектуючі для зварювання і паяння;зварювальні наконечники та сопла;4;142713;зварювальні наконечники та сопла;10.65%
товари;промислове обладнання та верстати;зварювальне та паяльне обладнання;матеріали та комплектуючі для зварювання і паяння;зварювальні пальники та різаки;4;142712;зварювальні пальники та різаки;10.65%
товари;промислове обладнання та верстати;зварювальне та паяльне обладнання;матеріали та комплектуючі для зварювання і паяння;зварювальні пістолети;4;142704;зварювальні пістолети;10.65%
товари;промислове обладнання та верстати;зварювальне та паяльне обладнання;матеріали та комплектуючі для зварювання і паяння;клеми маси;4;142710;клеми маси;10.65%
товари;промислове обладнання та верстати;альтернативні джерела енергії;комплектуючі для альтернативних джерел енергії;комплектуючі для альтернативних джерел енергії;3;101003;комплектуючі для альтернативних джерел енергії;11.35%
товари;промислове обладнання та верстати;хімічне обладнання;газобалонне обладнання;комплектуючі для газобалонного обладнання;4;141611;комплектуючі для газобалонного обладнання;10.47%
товари;промислове обладнання та верстати;комплектуючі для промислового обладнання та верстатів;комплектуючі для електродвигунів;комплектуючі для електродвигунів;3;140136;комплектуючі для електродвигунів;8.84%
товари;промислове обладнання та верстати;комплектуючі для промислового обладнання та верстатів;комплектуючі для енергозберігаючого обладнання;комплектуючі для енергозберігаючого обладнання;3;140119;комплектуючі для енергозберігаючого обладнання;6.60%
товари;промислове обладнання та верстати;зварювальне та паяльне обладнання;матеріали та комплектуючі для зварювання і паяння;комплектуючі для зварювання та паяння;4;142716;комплектуючі для зварювання та паяння;14.53%
товари;промислове обладнання та верстати;комплектуючі для промислового обладнання та верстатів;комплектуючі для очищувачів повітря;комплектуючі для очищувачів повітря;3;140101;комплектуючі для очищувачів повітря;10.54%
товари;промислове обладнання та верстати;комплектуючі для промислового обладнання та верстатів;комплектуючі для промислового обладнання та верстатів, загальне;комплектуючі для промислового обладнання та верстатів, загальне;3;140104;комплектуючі для промислового обладнання та верстатів, загальне;25.00%
товари;промислове обладнання та верстати;обладнання для видобувної промисловості;бурове обладнання;комплектуючі для свердловин;4;9150412;комплектуючі для свердловин;8.93%
товари;промислове обладнання та верстати;комплектуючі для промислового обладнання та верстатів;комплектуючі для сепараторів;комплектуючі для сепараторів;3;140111;комплектуючі для сепараторів;7.66%
товари;промислове обладнання та верстати;комплектуючі для промислового обладнання та верстатів;комплектуючі для холодильного і теплообмінного обладнання;комплектуючі для холодильного і теплообмінного обладнання;3;140137;комплектуючі для холодильного і теплообмінного обладнання;8.93%
товари;промислове обладнання та верстати;комплектуючі для промислового обладнання та верстатів;комплектуючі для швейного та вишивального обладнання;комплектуючі для швейного та вишивального обладнання;3;432404;комплектуючі для швейного та вишивального обладнання;7.66%
товари;промислове обладнання та верстати;загальні деталі та вузли машин та механізмів;компоненти гідравліки;компоненти гідравліки;3;4110;компоненти гідравліки;11.70%
товари;промислове обладнання та верстати;загальні деталі та вузли машин та механізмів;компоненти пневматики;компоненти пневматики;3;1473;компоненти пневматики;10.63%
товари;промислове обладнання та верстати;обладнання для харчової промисловості;коптильне обладнання;коптильне обладнання;3;22010;коптильне обладнання;13.71%
товари;промислове обладнання та верстати;загальні деталі та вузли машин та механізмів;підшипники;магнітні підшипники;4;145611;магнітні підшипники;14.24%
товари;промислове обладнання та верстати;зварювальне та паяльне обладнання;матеріали та комплектуючі для зварювання і паяння;магнітні фіксатори;4;142702;магнітні фіксатори;10.65%
товари;промислове обладнання та верстати;зварювальне та паяльне обладнання;матеріали та комплектуючі для зварювання і паяння;матеріали та комплектуючі для зварювання і паяння, загальне;4;142799;матеріали та комплектуючі для зварювання і паяння, загальне;25.00%
товари;промислове обладнання та верстати;компресори;мембранні компресори;мембранні компресори;3;141009;мембранні компресори;9.69%
товари;промислове обладнання та верстати;гідрообладнання;мотопомпи;мотопомпи;3;140314;мотопомпи;12.80%
товари;промислове обладнання та верстати;зварювальне та паяльне обладнання;матеріали та комплектуючі для зварювання і паяння;направляючі канали для зварювального дроту;4;142715;направляючі канали для зварювального дроту;10.65%
товари;промислове обладнання та верстати;зварювальне та паяльне обладнання;матеріали та комплектуючі для зварювання і паяння;насадки та жала для паяльників;4;142711;насадки та жала для паяльників;14.53%
товари;промислове обладнання та верстати;промислові насоси;насосні станції;насосні станції;3;140305;насосні станції;12.01%
товари;промислове обладнання та верстати;обладнання для автозаправних станцій, нафтобаз;обладнання для автозаправних станцій, нафтобаз, загальне;обладнання для автозаправних станцій, нафтобаз, загальне;3;1461;обладнання для автозаправних станцій, нафтобаз, загальне;25.00%
товари;промислове обладнання та верстати;обладнання для харчової промисловості;обладнання для виробництва напоїв;обладнання для виробництва напоїв, загальне;4;23101;обладнання для виробництва напоїв, загальне;25.00%
товари;промислове обладнання та верстати;зварювальне та паяльне обладнання;обладнання для зварювання та паяння пластикових труб;обладнання для зварювання та паяння пластикових труб;3;144007;обладнання для зварювання та паяння пластикових труб;15.21%
товари;промислове обладнання та верстати;виробниче обладнання;обладнання для обробки каменю;обладнання для обробки каменю;3;14209811;обладнання для обробки каменю;6.72%
товари;промислове обладнання та верстати;обладнання для харчової промисловості;обладнання для переробки м'яса, виробництва м'ясопродуктів;обладнання для переробки м'яса, виробництва м'ясопродуктів, загальне;4;2200601;обладнання для переробки м'яса, виробництва м'ясопродуктів, загальне;25.00%
товари;промислове обладнання та верстати;зварювальне та паяльне обладнання;обладнання для плазмового зварювання та різання;обладнання для плазмового зварювання та різання;3;144006;обладнання для плазмового зварювання та різання;8.78%
товари;промислове обладнання та верстати;технологічне обладнання;обладнання для прочищення та телеінспекції трубопроводів;обладнання для прочищення та телеінспекції трубопроводів;3;144504;обладнання для прочищення та телеінспекції трубопроводів;14.63%
товари;промислове обладнання та верстати;обладнання для легкої промисловості;швейне обладнання;обладнання для розкрою та підготовки;4;33002;обладнання для розкрою та підготовки;14.14%
товари;промислове обладнання та верстати;обладнання для харчової промисловості;обладнання для харчової промисловості, загальне;обладнання для харчової промисловості, загальне;3;22008;обладнання для харчової промисловості, загальне;25.00%
товари;промислове обладнання та верстати;зварювальне та паяльне обладнання;паяльне обладнання;паяльне обладнання, загальне;4;14400801;паяльне обладнання, загальне;25.00%
товари;промислове обладнання та верстати;зварювальне та паяльне обладнання;паяльне обладнання;паяльні ванни;4;14400806;паяльні ванни;13.94%
товари;промислове обладнання та верстати;зварювальне та паяльне обладнання;паяльне обладнання;паяльні лампи;4;14400804;паяльні лампи;13.94%
товари;промислове обладнання та верстати;зварювальне та паяльне обладнання;паяльне обладнання;паяльні станції;4;14400802;паяльні станції;13.94%
товари;промислове обладнання та верстати;загальні деталі та вузли машин та механізмів;підшипники;підшипники ковзання;4;145607;підшипники ковзання;14.24%
товари;промислове обладнання та верстати;загальні деталі та вузли машин та механізмів;підшипники;підшипники кочення;4;145606;підшипники кочення;14.24%
товари;промислове обладнання та верстати;загальні деталі та вузли машин та механізмів;підшипники;підшипники, загальне;4;145699;підшипники, загальне;25.00%
товари;промислове обладнання та верстати;технологічне обладнання;піскоструминне обладнання;піскоструминні пересувні апарати;4;14171602;піскоструминні пересувні апарати;13.16%
товари;промислове обладнання та верстати;складське обладнання;промислово-складські ваги;платформні ваги;4;15371111;платформні ваги;14.91%
товари;промислове обладнання та верстати;компресори;поршневі компресори;поршневі компресори;3;141002;поршневі компресори;9.05%
товари;промислове обладнання та верстати;загальні деталі та вузли машин та механізмів;прес-маслянки;прес-маслянки;3;4103;прес-маслянки;9.86%
товари;промислове обладнання та верстати;загальні деталі та вузли машин та механізмів;прокладки;прокладки;3;1407;прокладки;10.01%
товари;промислове обладнання та верстати;обладнання для харчової промисловості;промислове обладнання для оброблення та нарізання продуктів харчування;промислове обладнання для оброблення та нарізання продуктів харчування;3;22014;промислове обладнання для оброблення та нарізання продуктів харчування;9.88%
товари;промислове обладнання та верстати;промислове обладнання та верстати, загальне;промислове обладнання та верстати, загальне;промислове обладнання та верстати, загальне;2;1451;промислове обладнання та верстати, загальне;25.00%
товари;промислове обладнання та верстати;промислові насоси;промислові насоси, загальне;промислові насоси, загальне;3;147601;промислові насоси, загальне;25.00%
товари;промислове обладнання та верстати;складське обладнання;промислові стелажі;промислові стелажі;3;14290202;промислові стелажі;12.78%
товари;промислове обладнання та верстати;промислове прибиральне та очисне обладнання;протиральні матеріали для промисловості;протиральні матеріали для промисловості;3;144804;протиральні матеріали для промисловості;13.24%
товари;промислове обладнання та верстати;загальні деталі та вузли машин та механізмів;редуктори;редуктори;3;146911;редуктори;10.20%
товари;промислове обладнання та верстати;складське обладнання;ручні візки;ручні візки;3;142904;ручні візки;14.65%
товари;промислове обладнання та верстати;верстати;металообробні верстати;свердлильні верстати;4;14209803;свердлильні верстати;9.96%
товари;промислове обладнання та верстати;технологічне обладнання;сепаратори;сепаратори жиру;4;142306;сепаратори жиру;13.71%
товари;промислове обладнання та верстати;альтернативні джерела енергії;системи, які використовують сонячну енергію;системи, які використовують сонячну енергію, загальне;4;100799;системи, які використовують сонячну енергію, загальне;25.00%
товари;промислове обладнання та верстати;складське обладнання;складське обладнання, загальне;складське обладнання, загальне;3;142905;складське обладнання, загальне;25.00%
товари;промислове обладнання та верстати;альтернативні джерела енергії;системи, які використовують сонячну енергію;сонячні електростанції;4;100705;сонячні електростанції;6.90%
товари;промислове обладнання та верстати;альтернативні джерела енергії;системи, які використовують сонячну енергію;сонячні колектори;4;100704;сонячні колектори;7.11%
товари;промислове обладнання та верстати;альтернативні джерела енергії;системи, які використовують сонячну енергію;сонячні контролери;4;100703;сонячні контролери;10.12%
товари;промислове обладнання та верстати;альтернативні джерела енергії;системи, які використовують сонячну енергію;сонячні панелі;4;52806;сонячні панелі;9.89%
товари;промислове обладнання та верстати;альтернативні джерела енергії;системи, які використовують сонячну енергію;сонячні трекери;4;100709;сонячні трекери;9.68%
товари;промислове обладнання та верстати;загальні деталі та вузли машин та механізмів;підшипники;спеціальні підшипники;4;145604;спеціальні підшипники;14.24%
товари;промислове обладнання та верстати;виробниче обладнання;допоміжне обладнання;станини, верстаки, робочі столи;4;142614;станини, верстаки, робочі столи;14.34%
товари;промислове обладнання та верстати;пакувальне та фасувальне обладнання;стрепінг обладнання;стрепінг обладнання;3;230727;стрепінг обладнання;8.45%
товари;промислове обладнання та верстати;промислове кліматичне обладнання;теплові гармати та нагрівачі;теплові гармати;4;14150501;теплові гармати;8.93%
товари;промислове обладнання та верстати;верстати;металообробні верстати;точильні верстати;4;143109;точильні верстати;10.35%
товари;промислове обладнання та верстати;зварювальне та паяльне обладнання;матеріали та комплектуючі для зварювання і паяння;тримачі для паяльників;4;142718;тримачі для паяльників;14.53%
товари;промислове обладнання та верстати;зварювальне та паяльне обладнання;матеріали та комплектуючі для зварювання і паяння;тримачі електродів;4;142701;тримачі електродів;10.44%
товари;промислове обладнання та верстати;промислове прибиральне та очисне обладнання;фільтрувальні матеріали;фільтрувальна сітка;4;143305;фільтрувальна сітка;7.81%
товари;промислове обладнання та верстати;промислове прибиральне та очисне обладнання;фільтрувальні матеріали;фільтрувальна тканина;4;143303;фільтрувальна тканина;10.93%
товари;промислове обладнання та верстати;промислове прибиральне та очисне обладнання;фільтрувальні матеріали;фільтрувальний папір;4;143306;фільтрувальний папір;10.93%
товари;промислове обладнання та верстати;зварювальне та паяльне обладнання;матеріали та комплектуючі для зварювання і паяння;флюси, припій;4;142703;флюси, припій;14.53%
товари;промислове обладнання та верстати;виробниче обладнання;форми для пресового та ливарного виробництва;форми для пресового та ливарного виробництва;3;431409;форми для пресового та ливарного виробництва;15.56%
товари;промислове обладнання та верстати;верстати;фрезерні та фрезерно-гравіювальні верстати;фрезерні та фрезерно-гравіювальні верстати;3;142605;фрезерні та фрезерно-гравіювальні верстати;9.48%
товари;промислове обладнання та верстати;енергообладнання;холодильне промислове обладнання;холодильний інструмент;4;61607;холодильний інструмент;13.33%
товари;промислове обладнання та верстати;компресори;холодильні компресори;холодильні компресори;3;141001;холодильні компресори;9.88%
товари;промислове обладнання та верстати;верстати;деревообробні верстати;циркулярні настільні пилки;4;143110;циркулярні настільні пилки;9.38%
товари;промислове обладнання та верстати;верстати;деревообробні верстати;шліфувальні верстати по дереву;4;370908;шліфувальні верстати по дереву;9.57%
товари;сировина та матеріали;абразивні матеріали;абразивні матеріали;абразивні матеріали;2;1428;абразивні матеріали;6.60%
товари;сировина та матеріали;паливно-енергетична сировина;рідке паливо;бензинове паливо;4;10010302;бензинове паливо;9.09%
товари;сировина та матеріали;паливно-енергетична сировина;нафта та нафтопродукти;вазелін;4;100106;вазелін;13.85%
товари;сировина та матеріали;паливно-енергетична сировина;газоподібне паливо;газоподібне паливо;3;1003;газоподібне паливо;10.32%
товари;сировина та матеріали;паливно-енергетична сировина;рідке паливо;гас;4;10010305;гас;9.09%
товари;сировина та матеріали;паливно-енергетична сировина;тверде паливо;деревне вугілля;4;122;деревне вугілля;10.47%
товари;сировина та матеріали;сировина для легкої промисловості;тканини;інтер'єрні тканини;4;432;інтер'єрні тканини;15.38%
товари;сировина та матеріали;композиційні матеріали;композиційні матеріали;композиційні матеріали;2;924;композиційні матеріали;12.11%
товари;сировина та матеріали;магніти та магнітні матеріали;магніти та магнітні матеріали;магніти та магнітні матеріали;2;911;магніти та магнітні матеріали;17.61%
товари;сировина та матеріали;паливно-енергетична сировина;мастильні оливи;мастильні оливи, загальне;4;10010202;мастильні оливи, загальне;25.00%
товари;сировина та матеріали;сировина для легкої промисловості;неткані матеріали;неткані матеріали;3;425;неткані матеріали;10.78%
товари;сировина та матеріали;паливно-енергетична сировина;нафта та нафтопродукти;парафін;4;100104;парафін;13.85%
товари;сировина та матеріали;паливно-енергетична сировина;мастильні оливи;промислові мастила;4;10010211;промислові мастила;15.31%
товари;сировина та матеріали;паливно-енергетична сировина;мастильні оливи;промислові оливи;4;10010203;промислові оливи;14.92%
товари;сировина та матеріали;сировина для легкої промисловості;пух та пір'я;пух та пір'я;3;429;пух та пір'я;10.47%
товари;сировина та матеріали;ротанг;ротанг;ротанг;2;926;ротанг;14.32%
товари;сировина та матеріали;сировина для легкої промисловості;рулонна клейонка;рулонна клейонка;3;422;рулонна клейонка;8.93%
товари;сировина та матеріали;сировина для важкої промисловості;полімерна сировина;синтетичні смоли;4;80702;синтетичні смоли;10.10%
товари;сировина та матеріали;сировина для легкої промисловості;тканини;тканини для домашнього текстилю та horeca;4;43201;тканини для домашнього текстилю та horeca;15.38%
товари;сировина та матеріали;сировина для легкої промисловості;тканини;тканини для одягу;4;42315;тканини для одягу;15.30%
товари;сировина та матеріали;сировина для легкої промисловості;тканини;тканини, загальне;4;420;тканини, загальне;25.00%
товари;сировина та матеріали;сировина для легкої промисловості;холлофайбер;холлофайбер;3;424;холлофайбер;10.78%
товари;сировина та матеріали;сировина для легкої промисловості;хутро;хутро;3;419;хутро;9.86%
товари;сировина та матеріали;сировина для легкої промисловості;шкіра та замша;шкіра та замша;3;421;шкіра та замша;10.63%
товари;сільгосппродукція, техніка та обладнання;рослинництво;добрива;азотні добрива;4;11504;азотні добрива;13.75%
товари;сільгосппродукція, техніка та обладнання;рослинництво;засоби захисту рослин;бактерициди;4;1160206;бактерициди;13.88%
товари;сільгосппродукція, техніка та обладнання;рослинництво;добрива;бактеріальні добрива;4;11605;бактеріальні добрива;13.75%
товари;сільгосппродукція, техніка та обладнання;тваринництво;бджільництво;бджільництво;3;105;бджільництво;10.03%
товари;сільгосппродукція, техніка та обладнання;рослинництво;засоби захисту рослин;біопрепарати;4;1110501;біопрепарати;15.55%
товари;сільгосппродукція, техніка та обладнання;рослинництво;добрива;вермикулітові добрива;4;11508;вермикулітові добрива;13.75%
товари;сільгосппродукція, техніка та обладнання;сільськогосподарська техніка;навісне та причіпне сільгоспобладнання;ворошителі та граблі-ворошилки;4;1280602;ворошителі та граблі-ворошилки;8.32%
товари;сільгосппродукція, техніка та обладнання;рослинництво;засоби захисту рослин;гербіциди;4;1160205;гербіциди;15.94%
товари;сільгосппродукція, техніка та обладнання;грибівництво;грибівництво;грибівництво;2;10601;грибівництво;14.53%
товари;сільгосппродукція, техніка та обладнання;рослинництво;засоби захисту рослин;десиканти;4;11108;десиканти;13.88%
товари;сільгосппродукція, техніка та обладнання;рослинництво;добрива;добрива, загальне;4;11699;добрива, загальне;25.00%
товари;сільгосппродукція, техніка та обладнання;сільськогосподарська техніка;навісне та причіпне сільгоспобладнання;додаткове обладнання для культиваторів;4;1280808;додаткове обладнання для культиваторів;9.70%
товари;сільгосппродукція, техніка та обладнання;сільськогосподарське обладнання;обладнання для тваринництва;електрозагорожі, електропастухи;4;13112;електрозагорожі, електропастухи;9.98%
товари;сільгосппродукція, техніка та обладнання;сільськогосподарська техніка;запасні частини для причіпної техніки;запасні частини для причіпної техніки;3;14090204;запасні частини для причіпної техніки;8.93%
товари;сільгосппродукція, техніка та обладнання;сільськогосподарська техніка; запчастини до грунтообробної техніки; запчастини до грунтообробної техніки;3;14090207; запчастини до грунтообробної техніки;10.30%
товари;сільгосппродукція, техніка та обладнання;сільськогосподарське обладнання;обладнання для тваринництва;запчастини та аксесуари до доїльних апаратів;4;1310702;запчастини та аксесуари до доїльних апаратів;9.53%
товари;сільгосппродукція, техніка та обладнання;рослинництво;засоби захисту рослин;засоби захисту рослин, загальне;4;11106;засоби захисту рослин, загальне;25.00%
товари;сільгосппродукція, техніка та обладнання;рослинництво;засоби захисту рослин;зооциди;4;1160208;зооциди;13.88%
товари;сільгосппродукція, техніка та обладнання;сільськогосподарське обладнання;обладнання для тваринництва;інвентар для бджільництва;4;12814;інвентар для бджільництва;10.37%
товари;сільгосппродукція, техніка та обладнання;рослинництво;засоби захисту рослин;інсектициди;4;11603;інсектициди;15.55%
товари;сільгосппродукція, техніка та обладнання;рослинництво;добрива;калійні добрива;4;11506;калійні добрива;13.75%
товари;сільгосппродукція, техніка та обладнання;рослинництво;добрива;кальцієві добрива;4;11608;кальцієві добрива;13.75%
товари;сільгосппродукція, техніка та обладнання;тваринництво;сільськогосподарські корми;комбікорми та премікси;4;11302;комбікорми та премікси;10.09%
товари;сільгосппродукція, техніка та обладнання;рослинництво;добрива;комплексні добрива;4;11503;комплексні добрива;13.75%
товари;сільгосппродукція, техніка та обладнання;сільськогосподарська техніка;навісне та причіпне сільгоспобладнання;комплектуючі для навісного сільгоспобладнання;4;1281104;комплектуючі для навісного сільгоспобладнання;9.51%
товари;сільгосппродукція, техніка та обладнання;сільськогосподарське обладнання;обладнання для рослинництва;комплектуючі та запчастини до обприскувачів;4;12820;комплектуючі та запчастини до обприскувачів;13.85%
товари;сільгосппродукція, техніка та обладнання;тваринництво;сільськогосподарські корми;кормові добавки;4;818;кормові добавки;10.29%
товари;сільгосппродукція, техніка та обладнання;тваринництво;маркувальні бирки та кільця;маркувальні бирки та кільця;3;1100210;маркувальні бирки та кільця;11.09%
товари;сільгосппродукція, техніка та обладнання;рослинництво;добрива;мікродобрива;4;11607;мікродобрива;13.75%
товари;сільгосппродукція, техніка та обладнання;рослинництво;польові культури;насіння зернових культур;4;10102;насіння зернових культур;13.65%
товари;сільгосппродукція, техніка та обладнання;рослинництво;польові культури;насіння олійних культур;4;10104;насіння олійних культур;13.65%
товари;сільгосппродукція, техніка та обладнання;рослинництво;польові культури;непродовольчі культури;4;1140210;непродовольчі культури;11.70%
товари;сільгосппродукція, техніка та обладнання;сільськогосподарське обладнання;обладнання для тваринництва;обладнання для вівчарства та козівництва;4;13117;обладнання для вівчарства та козівництва;10.15%
товари;сільгосппродукція, техніка та обладнання;сільськогосподарське обладнання;обладнання для тваринництва;обладнання для запліднення;4;13108;обладнання для запліднення;10.63%
товари;сільгосппродукція, техніка та обладнання;сільськогосподарське обладнання;обладнання для тваринництва;обладнання для кролівництва;4;13109;обладнання для кролівництва;10.15%
товари;сільгосппродукція, техніка та обладнання;сільськогосподарське обладнання;обладнання для рослинництва;обладнання для рослинництва, загальне;4;1280701;обладнання для рослинництва, загальне;25.00%
товари;сільгосппродукція, техніка та обладнання;рослинництво;добрива;органічні добрива;4;11502;органічні добрива;13.75%
товари;сільгосппродукція, техніка та обладнання;сільськогосподарське обладнання;обладнання для тваринництва;поїлки для сільськогосподарських тварин;4;13103;поїлки для сільськогосподарських тварин;10.57%
товари;сільгосппродукція, техніка та обладнання;рослинництво;польові культури;польові культури, загальне;4;1140701;польові культури, загальне;25.00%
товари;сільгосппродукція, техніка та обладнання;рослинництво;засоби захисту рослин;прилипачі;4;11107;прилипачі;15.94%
товари;сільгосппродукція, техніка та обладнання;рослинництво;засоби захисту рослин;протруйники насіння;4;1160207;протруйники насіння;15.88%
товари;сільгосппродукція, техніка та обладнання;рослинництво;добрива;регулятори росту рослин;4;11604;регулятори росту рослин;13.75%
товари;сільгосппродукція, техніка та обладнання;тваринництво;свійські тварини та птиця;свійські тварини та птиця;3;1100211;свійські тварини та птиця;6.60%
товари;сільгосппродукція, техніка та обладнання;сільськогосподарське обладнання;сільськогосподарська техніка та обладнання, загальне;сільськогосподарська техніка та обладнання, загальне;3;12804;сільськогосподарська техніка та обладнання, загальне;25.00%
товари;сільгосппродукція, техніка та обладнання;сільськогосподарське обладнання;обладнання для рослинництва;фітоосвітлення;4;1280702;фітоосвітлення;13.85%
товари;сільгосппродукція, техніка та обладнання;рослинництво;добрива;фосфорні добрива;4;11505;фосфорні добрива;13.75%
товари;сільгосппродукція, техніка та обладнання;рослинництво;засоби захисту рослин;фунгіциди;4;11601;фунгіциди;15.81%
товари;спецодяг та взуття;академічний та суддівський одяг;академічний та суддівський одяг;академічний та суддівський одяг;2;30819;академічний та суддівський одяг;11.86%
товари;спецодяг та взуття;водонепроникний одяг;водонепроникний одяг;водонепроникний одяг;2;30802;водонепроникний одяг;13.24%
товари;спецодяг та взуття;захисний спецодяг;захисний спецодяг;захисний спецодяг;2;30813;захисний спецодяг;19.88%
товари;спецодяг та взуття;медичний одяг;медичний одяг;медичний одяг;2;30801;медичний одяг;19.88%
товари;спецодяг та взуття;одяг для захисту від комах;одяг для захисту від комах;одяг для захисту від комах;2;30815;одяг для захисту від комах;8.93%
товари;спецодяг та взуття;одяг для сфери обслуговування;одяг для сфери обслуговування;одяг для сфери обслуговування;2;30803;одяг для сфери обслуговування;19.88%
товари;спецодяг та взуття;робочий одяг;робочий одяг, загальне;робочий одяг, загальне;3;3080809;робочий одяг, загальне;25.00%
товари;спецодяг та взуття;робочий одяг;робочі головні убори;робочі головні убори;3;3080808;робочі головні убори;15.86%
товари;спецодяг та взуття;робочий одяг;робочі жилети;робочі жилети;3;3080806;робочі жилети;17.25%
товари;спецодяг та взуття;робочий одяг;робочі комбінезони та напівкомбінезони;робочі комбінезони та напівкомбінезони;3;3080804;робочі комбінезони та напівкомбінезони;17.09%
товари;спецодяг та взуття;робочий одяг;робочі костюми;робочі костюми;3;3080802;робочі костюми;17.09%
товари;спецодяг та взуття;робочий одяг;робочі куртки;робочі куртки;3;3080801;робочі куртки;19.41%
товари;спецодяг та взуття;робочі рукавички;робочі рукавички;робочі рукавички;2;30816;робочі рукавички;15.03%
товари;спецодяг та взуття;робочий одяг;робочі фартухи;робочі фартухи;3;3080807;робочі фартухи;15.86%
товари;спецодяг та взуття;робочий одяг;робочі халати;робочі халати;3;3080803;робочі халати;15.40%
товари;спецодяг та взуття;сигнальний одяг;сигнальний одяг;сигнальний одяг;2;30812;сигнальний одяг;19.75%
товари;спецодяг та взуття;спецвзуття;спецвзуття;спецвзуття;2;32208;спецвзуття;15.59%
товари;спецодяг та взуття;спецодяг та взуття, загальне;спецодяг та взуття, загальне;спецодяг та взуття, загальне;2;309;спецодяг та взуття, загальне;25.00%
товари;спецодяг та взуття;робочий одяг;штани робочі;штани робочі;3;3080810;штани робочі;18.48%
товари;спорт і відпочинок;водні види спорту;аксесуари для аквафітнесу;аксесуари для аквафітнесу;3;203422;аксесуари для аквафітнесу;15.68%
товари;спорт і відпочинок;спортивні товари;спортивний інвентар;аксесуари для м'ячів;4;200315;аксесуари для м'ячів;15.93%
товари;спорт і відпочинок;товари для полювання;аксесуари для мисливських рушниць;аксесуари для мисливських рушниць, загальне;4;181612;аксесуари для мисливських рушниць, загальне;25.00%
товари;спорт і відпочинок;товари для туризму та подорожей;переносне освітлення;аксесуари для переносних ліхтарів;4;390505;аксесуари для переносних ліхтарів;15.90%
товари;спорт і відпочинок;товари для туризму та подорожей;аксесуари для спальних мішків, карематів та наметів;аксесуари для спальних мішків, карематів та наметів;3;240435;аксесуари для спальних мішків, карематів та наметів;8.93%
товари;спорт і відпочинок;товари для туризму та подорожей;газове обладнання для туризму;аксесуари для туристичних пальників та балонів;4;240446;аксесуари для туристичних пальників та балонів;14.68%
товари;спорт і відпочинок;товари для підводного полювання;підводні рушниці;аксесуари і комплектуючі для підводних рушниць;4;302117;аксесуари і комплектуючі для підводних рушниць;10.97%
товари;спорт і відпочинок;екстремальні види спорту;спортивний захист;аксесуари та запчастини до шоломів;4;204012;аксесуари та запчастини до шоломів;10.59%
товари;спорт і відпочинок;аксесуари та комплектуючі для електротранспорту;аксесуари та комплектуючі для електротранспорту;аксесуари та комплектуючі для електротранспорту;2;1827;аксесуари та комплектуючі для електротранспорту;14.72%
товари;спорт і відпочинок;велосипеди та аксесуари;велозапчастини;акумулятори для електровелосипедів;4;122221;акумулятори для електровелосипедів;15.06%
товари;спорт і відпочинок;екстремальні види спорту;альпінізм;альпінізм, загальне;4;203507;альпінізм, загальне;25.00%
товари;спорт і відпочинок;спортивні товари;спортивні пістолети та рушниці;арбалети, луки;4;181605;арбалети, луки;10.39%
товари;спорт і відпочинок;спортивні товари;важка атлетика;атлетичні петлі, лямки та напульсники;4;200329;атлетичні петлі, лямки та напульсники;16.00%
товари;спорт і відпочинок;спортивні товари;важка атлетика;атлетичні пояси;4;200324;атлетичні пояси;15.93%
товари;спорт і відпочинок;ігри з ракетками;бадмінтон;бадмінтон, загальне;4;182405;бадмінтон, загальне;25.00%
товари;спорт і відпочинок;зимові види спорту;лижний спорт та сноубординг;балаклави, підшоломники, маски;4;3081801;балаклави, підшоломники, маски;1.00%
товари;спорт і відпочинок;тренажери;балансувальні, степ платформи;балансувальні, степ платформи;3;200912;балансувальні, степ платформи;15.47%
товари;спорт і відпочинок;екстремальні види спорту;дайвінг;балони для дайвінгу;4;203428;балони для дайвінгу;15.15%
товари;спорт і відпочинок;командні види спорту;баскетбол;баскетбол, загальне;4;203308;баскетбол, загальне;25.00%
товари;спорт і відпочинок;спортивні товари;гімнастика;батути та комплектуючі;4;2015;батути та комплектуючі;13.84%
товари;спорт і відпочинок;командні види спорту;бейсбол;бейсбол, загальне;4;203313;бейсбол, загальне;25.00%
товари;спорт і відпочинок;тренажери;бігові доріжки;бігові доріжки;3;200905;бігові доріжки;11.31%
товари;спорт і відпочинок;одяг та взуття для спортсменів;взуття для спорту та активного відпочинку;бігові кросівки;4;3220722;бігові кросівки;18.98%
товари;спорт і відпочинок;товари для туризму та подорожей;біотуалети та кабінки туалетні дачні;біотуалети та кабінки туалетні дачні;3;13240202;біотуалети та кабінки туалетні дачні;14.04%
товари;спорт і відпочинок;товари для риболовлі;рибальські снасті;блесни та балансири;4;181001;блесни та балансири;15.32%
товари;спорт і відпочинок;спортивні товари;йога;блоки та ролики для йоги;4;204302;блоки та ролики для йоги;16.06%
товари;спорт і відпочинок;екстремальні види спорту;альпінізм;блоки, ролики та вертлюги;4;203536;блоки, ролики та вертлюги;15.71%
товари;спорт і відпочинок;спортивні товари;бойові мистецтва;боксерські бинти ;4;202704;боксерські бинти ;15.65%
товари;спорт і відпочинок;спортивні товари;бойові мистецтва;боксерські груші та снаряди;4;2018;боксерські груші та снаряди;14.94%
товари;спорт і відпочинок;спортивні товари;бойові мистецтва;боксерські ринги;4;202711;боксерські ринги;14.89%
товари;спорт і відпочинок;товари для підводного полювання;буї для підводного полювання;буї для підводного полювання;3;182303;буї для підводного полювання;14.17%
товари;спорт і відпочинок;спортивні товари;важка атлетика;важка атлетика, загальне;4;205401;важка атлетика, загальне;25.00%
товари;спорт і відпочинок;екстремальні види спорту;дайвінг;вантажні пояси та вантажі;4;203424;вантажні пояси та вантажі;15.67%
товари;спорт і відпочинок;ігри з ракетками;теніс;великий теніс, загальне;4;182403;великий теніс, загальне;25.00%
товари;спорт і відпочинок;велосипеди та аксесуари;велоаксесуари;велоаксесуари, загальне;4;342412;велоаксесуари, загальне;25.00%
товари;спорт і відпочинок;одяг та взуття для спортсменів;велоекіпірування;велобахіли;4;3011808;велобахіли;15.67%
товари;спорт і відпочинок;одяг та взуття для спортсменів;велоекіпірування;веловзуття;4;3011805;веловзуття;15.67%
товари;спорт і відпочинок;одяг та взуття для спортсменів;велоекіпірування;велоекіпірування, загальне;4;3011806;велоекіпірування, загальне;25.00%
товари;спорт і відпочинок;велосипеди та аксесуари;велоаксесуари;велозамки;4;342405;велозамки;15.45%
товари;спорт і відпочинок;велосипеди та аксесуари;велозапчастини;велозапчастини, загальне;4;182102;велозапчастини, загальне;25.00%
товари;спорт і відпочинок;велосипеди та аксесуари;велоаксесуари;велоінструменти;4;342415;велоінструменти;15.45%
товари;спорт і відпочинок;велосипеди та аксесуари;велоаксесуари;велокомп'ютери;4;342401;велокомп'ютери;15.51%
товари;спорт і відпочинок;одяг та взуття для спортсменів;велоекіпірування;велоодяг;4;3011801;велоодяг;15.73%
товари;спорт і відпочинок;одяг та взуття для спортсменів;велоекіпірування;велорукавички;4;3011802;велорукавички;15.54%
товари;спорт і відпочинок;велосипеди та аксесуари;велоаксесуари;велорюкзаки та велосумки;4;3011807;велорюкзаки та велосумки;15.38%
товари;спорт і відпочинок;велосипеди та аксесуари;велоаксесуари;велосигналізації;4;342418;велосигналізації;15.45%
товари;спорт і відпочинок;велосипеди та аксесуари;велосипеди;велосипеди;3;1204;велосипеди;13.10%
товари;спорт і відпочинок;велосипеди та аксесуари;велосипеди та аксесуари, загальне;велосипеди та аксесуари, загальне;3;182101;велосипеди та аксесуари, загальне;25.00%
товари;спорт і відпочинок;велосипеди та аксесуари;велоаксесуари;велосипедні багажники, кошики;4;342407;велосипедні багажники, кошики;14.28%
товари;спорт і відпочинок;велосипеди та аксесуари;велозапчастини;велосипедні вилки та запчастини до них;4;122208;велосипедні вилки та запчастини до них;15.51%
товари;спорт і відпочинок;велосипеди та аксесуари;велозапчастини;велосипедні втулки;4;122212;велосипедні втулки;15.51%
товари;спорт і відпочинок;велосипеди та аксесуари;велоаксесуари;велосипедні дзвінки та клаксони;4;342420;велосипедні дзвінки та клаксони;15.45%
товари;спорт і відпочинок;велосипеди та аксесуари;велоаксесуари;велосипедні дзеркала;4;342421;велосипедні дзеркала;15.45%
товари;спорт і відпочинок;велосипеди та аксесуари;велозапчастини;велосипедні камери та обідні стрічки;4;122203;велосипедні камери та обідні стрічки;15.38%
товари;спорт і відпочинок;велосипеди та аксесуари;велозапчастини;велосипедні касети;4;122213;велосипедні касети;15.51%
товари;спорт і відпочинок;велосипеди та аксесуари;велозапчастини;велосипедні керма та кермові колонки;4;122210;велосипедні керма та кермові колонки;15.51%
товари;спорт і відпочинок;велосипеди та аксесуари;велозапчастини;велосипедні колеса та ободи;4;122204;велосипедні колеса та ободи;15.51%
товари;спорт і відпочинок;велосипеди та аксесуари;велозапчастини;велосипедні крила;4;342403;велосипедні крила;15.51%
товари;спорт і відпочинок;велосипеди та аксесуари;велозапчастини;велосипедні ланцюги;4;122201;велосипедні ланцюги;15.51%
товари;спорт і відпочинок;велосипеди та аксесуари;велоаксесуари;велосипедні ліхтарі та відбивачі;4;342402;велосипедні ліхтарі та відбивачі;15.45%
товари;спорт і відпочинок;велосипеди та аксесуари;велозапчастини;велосипедні манетки;4;122209;велосипедні манетки;15.51%
товари;спорт і відпочинок;велосипеди та аксесуари;велоаксесуари;велосипедні насоси;4;342406;велосипедні насоси;15.45%
товари;спорт і відпочинок;велосипеди та аксесуари;велозапчастини;велосипедні перекидки;4;122219;велосипедні перекидки;15.51%
товари;спорт і відпочинок;велосипеди та аксесуари;велозапчастини;велосипедні підніжки ;4;122217;велосипедні підніжки ;15.51%
товари;спорт і відпочинок;велосипеди та аксесуари;велозапчастини;велосипедні покришки;4;122202;велосипедні покришки;15.38%
товари;спорт і відпочинок;велосипеди та аксесуари;велозапчастини;велосипедні рами;4;122207;велосипедні рами;15.51%
товари;спорт і відпочинок;велосипеди та аксесуари;велоаксесуари;велосипедні ремкомплекти;4;342413;велосипедні ремкомплекти;15.45%
товари;спорт і відпочинок;велосипеди та аксесуари;велозапчастини;велосипедні сідла, штирі;4;122211;велосипедні сідла, штирі;15.51%
товари;спорт і відпочинок;велосипеди та аксесуари;велозапчастини;велосипедні спиці;4;122205;велосипедні спиці;15.51%
товари;спорт і відпочинок;велосипеди та аксесуари;велоаксесуари;велосипедні фляги та фляготримачі;4;342404;велосипедні фляги та фляготримачі;15.58%
товари;спорт і відпочинок;велосипеди та аксесуари;велозапчастини;велосипедні шатуни, зірки, каретки;4;122214;велосипедні шатуни, зірки, каретки;15.51%
товари;спорт і відпочинок;тренажери;велотренажери;велотренажери;3;200904;велотренажери;12.59%
товари;спорт і відпочинок;велосипеди та аксесуари;велоаксесуари;велотримачі;4;342414;велотримачі;16.30%
товари;спорт і відпочинок;велосипеди та аксесуари;велоаксесуари;велохімія;4;342417;велохімія;15.64%
товари;спорт і відпочинок;велосипеди та аксесуари;велоаксесуари;велочохли та велонакидки;4;342410;велочохли та велонакидки;15.45%
товари;спорт і відпочинок;товари для риболовлі;рибальські снасті;вертлюги та застібки для риболовлі;4;181040;вертлюги та застібки для риболовлі;15.58%
товари;спорт і відпочинок;товари для риболовлі;одяг для полювання та риболовлі;верхній одяг для полювання та риболовлі;4;181024;верхній одяг для полювання та риболовлі;19.03%
товари;спорт і відпочинок;товари для риболовлі;вершинки та комелі до вудилищ;вершинки та комелі до вудилищ;3;181042;вершинки та комелі до вудилищ;8.93%
товари;спорт і відпочинок;одяг та взуття для спортсменів;взуття для спорту та активного відпочинку;взуття для бойових мистецтв;4;3220710;взуття для бойових мистецтв;18.70%
товари;спорт і відпочинок;одяг та взуття для спортсменів;взуття для спорту та активного відпочинку;взуття для важкої атлетики;4;3220729;взуття для важкої атлетики;18.40%
товари;спорт і відпочинок;командні види спорту;волейбол;взуття для волейболу;4;3220723;взуття для волейболу;13.71%
товари;спорт і відпочинок;екстремальні види спорту;дайвінг;взуття для дайвінгу та плавання;4;3220715;взуття для дайвінгу та плавання;15.48%
товари;спорт і відпочинок;одяг та взуття для спортсменів;взуття для спорту та активного відпочинку;взуття для пляжу та басейну;4;34304;взуття для пляжу та басейну;19.67%
товари;спорт і відпочинок;товари для риболовлі;одяг для полювання та риболовлі;взуття для полювання та риболовлі;4;181015;взуття для полювання та риболовлі;19.16%
товари;спорт і відпочинок;одяг та взуття для спортсменів;взуття для спорту та активного відпочинку;взуття для скейтборду;4;20060103;взуття для скейтборду;19.11%
товари;спорт і відпочинок;одяг та взуття для спортсменів;взуття для спорту та активного відпочинку;взуття для скелелазіння;4;3220725;взуття для скелелазіння;14.92%
товари;спорт і відпочинок;одяг та взуття для спортсменів;взуття для спорту та активного відпочинку;взуття для танців та гімнастики;4;3220705;взуття для танців та гімнастики;19.28%
товари;спорт і відпочинок;велосипеди та аксесуари;велозапчастини;виноси керма;4;122216;виноси керма;15.51%
товари;спорт і відпочинок;військово-спортивні ігри;військово-спортивні ігри, загальне;військово-спортивні ігри, загальне;3;182201;військово-спортивні ігри, загальне;25.00%
товари;спорт і відпочинок;екстремальні види спорту;віндсерфінг та sup серфінг;віндсерфінг, загальне;4;203517;віндсерфінг, загальне;25.00%
товари;спорт і відпочинок;товари для риболовлі;рибальські снасті;воблери;4;181009;воблери;15.39%
товари;спорт і відпочинок;водні види спорту;водні види спорту, загальне;водні види спорту, загальне;3;203401;водні види спорту, загальне;25.00%
товари;спорт і відпочинок;екстремальні види спорту;водні лижі, вейкборди і аксесуари до них;водні лижі, вейкборди і аксесуари до них;3;200306;водні лижі, вейкборди і аксесуари до них;11.88%
товари;спорт і відпочинок;спортивні товари;спортивний інвентар;волани;4;182406;волани;16.45%
товари;спорт і відпочинок;командні види спорту;волейбол;волейбол, загальне;4;203310;волейбол, загальне;25.00%
товари;спорт і відпочинок;командні види спорту;футбол;ворота для ігрових майданчиків;4;200322;ворота для ігрових майданчиків;16.55%
товари;спорт і відпочинок;водні види спорту;все для плавання;все для плавання, загальне;4;203434;все для плавання, загальне;25.00%
товари;спорт і відпочинок;все для пляжу;все для пляжу, загальне;все для пляжу, загальне;3;203417;все для пляжу, загальне;25.00%
товари;спорт і відпочинок;товари для риболовлі;вудки та спінінги;вудки та спінінги;3;181005;вудки та спінінги;16.00%
товари;спорт і відпочинок;гаджети для спорту;гаджети для спорту, загальне;гаджети для спорту, загальне;3;205501;гаджети для спорту, загальне;25.00%
товари;спорт і відпочинок;велосипеди та аксесуари;велозапчастини;гальма та гальмівні ручки;4;122218;гальма та гальмівні ручки;15.51%
товари;спорт і відпочинок;спортивні товари;йога;гамаки для йоги;4;204303;гамаки для йоги;16.06%
товари;спорт і відпочинок;тренажери;гантелі, гирі, штанги та диски;гантелі, гирі, штанги та диски;3;200901;гантелі, гирі, штанги та диски;13.09%
товари;спорт і відпочинок;товари для підводного полювання;підводні рушниці;гарпуни, тризуби та наконечники для підводних рушниць;4;302115;гарпуни, тризуби та наконечники для підводних рушниць;10.97%
товари;спорт і відпочинок;товари для риболовлі;рибальські снасті;гачки та грузила;4;181011;гачки та грузила;15.65%
товари;спорт і відпочинок;екстремальні види спорту;дайвінг;гідрокостюми;4;30108;гідрокостюми;15.58%
товари;спорт і відпочинок;спортивні товари;гімнастика;гімнастика, загальне;4;204201;гімнастика, загальне;25.00%
товари;спорт і відпочинок;спортивні товари;фітнес;гімнастичні диски;4;203604;гімнастичні диски;16.12%
товари;спорт і відпочинок;спортивні товари;фітнес;гімнастичні обручі ;4;200327;гімнастичні обручі ;16.12%
товари;спорт і відпочинок;спортивні товари;фітнес;гімнастичні палиці, бодібари;4;200326;гімнастичні палиці, бодібари;15.99%
товари;спорт і відпочинок;одяг та взуття для спортсменів;гірськолижний та сноубордичний одяг;гірськолижний та сноубордичний одяг;3;30106;гірськолижний та сноубордичний одяг;13.28%
товари;спорт і відпочинок;спортивні товари;гольф;гольф;3;2005;гольф;16.63%
товари;спорт і відпочинок;товари для риболовлі;рибальські снасті;готове оснастка;4;181044;готове оснастка;15.78%
товари;спорт і відпочинок;тренажери;гребні тренажери;гребні тренажери;3;200909;гребні тренажери;12.27%
товари;спорт і відпочинок;велосипеди та аксесуари;велозапчастини;гріпси, роги та обмотки для керма;4;342409;гріпси, роги та обмотки для керма;15.45%
товари;спорт і відпочинок;екстремальні види спорту;дайвінг;дайвінг, загальне;4;203408;дайвінг, загальне;25.00%
товари;спорт і відпочинок;екстремальні види спорту;джампери, пого стіки;джампери, пого стіки;3;2021;джампери, пого стіки;15.60%
товари;спорт і відпочинок;велосипеди та аксесуари;велоаксесуари;дитячі велокрісла;4;15011605;дитячі велокрісла;15.45%
товари;спорт і відпочинок;тренажери;дитячі тренажери;дитячі тренажери;3;200916;дитячі тренажери;11.00%
товари;спорт і відпочинок;водні види спорту;плавання;дошки для плавання, колобашки;4;203403;дошки для плавання, колобашки;15.63%
товари;спорт і відпочинок;екстремальні види спорту;віндсерфінг та sup серфінг;дошки та аксесуари для віндсерфінгу та sup-серфінгу;4;203519;дошки та аксесуари для віндсерфінгу та sup-серфінгу;9.58%
товари;спорт і відпочинок;екстремальні види спорту;екстремальні види спорту, загальне;екстремальні види спорту, загальне;3;203501;екстремальні види спорту, загальне;25.00%
товари;спорт і відпочинок;спортивні товари;спортивні фіксатори та супорти;еластичні бинти;4;401010;еластичні бинти;15.43%
товари;спорт і відпочинок;спортивні товари;ролики, скейтборди та самокати;електросамокати;4;205302;електросамокати;11.00%
товари;спорт і відпочинок;тренажери;еліптичні тренажери;еліптичні тренажери;3;200914;еліптичні тренажери;11.67%
товари;спорт і відпочинок;спортивне харчування та препарати;енергетичні батончики;енергетичні батончики;3;20814;енергетичні батончики;14.26%
товари;спорт і відпочинок;тренажери;еспандери;еспандери;3;200314;еспандери;16.19%
товари;спорт і відпочинок;товари для риболовлі;ехолоти та камери;ехолоти та камери;3;181007;ехолоти та камери;8.30%
товари;спорт і відпочинок;екстремальні види спорту;альпінізм;закладні елементи для альпінізму;4;203535;закладні елементи для альпінізму;15.71%
товари;спорт і відпочинок;спортивне харчування та препарати;замінники харчування;замінники харчування;3;20820;замінники харчування;14.39%
товари;спорт і відпочинок;товари для туризму та подорожей;туристичні інструменти;запчастини для ножів та мультитулів;4;181620;запчастини для ножів та мультитулів;15.71%
товари;спорт і відпочинок;спортивні товари;ролики, скейтборди та самокати;запчастини та аксесуари для самокатів, скейтборду, роликових ковзанів;4;3423;запчастини та аксесуари для самокатів, скейтборду, роликових ковзанів;11.84%
товари;спорт і відпочинок;велосипеди та аксесуари;велозапчастини;запчастини та комплектуючі для електровелосипедів;4;122222;запчастини та комплектуючі для електровелосипедів;15.06%
товари;спорт і відпочинок;товари для туризму та подорожей;туристична косметика та хімія;засоби для чищення взуття;4;240447;засоби для чищення взуття;16.63%
товари;спорт і відпочинок;товари для полювання;засоби для чищення рушниць;засоби для чищення рушниць;3;181607;засоби для чищення рушниць;11.61%
товари;спорт і відпочинок;товари для туризму та подорожей;туристична косметика та хімія;засоби по догляду за екіпіруванням;4;240443;засоби по догляду за екіпіруванням;15.40%
товари;спорт і відпочинок;екстремальні види спорту;альпінізм;затискачі для мотузки;4;203534;затискачі для мотузки;15.71%
товари;спорт і відпочинок;водні види спорту;плавання;затискачі для носа, беруші для плавання;4;200321;затискачі для носа, беруші для плавання;15.76%
товари;спорт і відпочинок;екстремальні види спорту;спортивний захист;захисні наколінники;4;204005;захисні наколінники;11.31%
товари;спорт і відпочинок;екстремальні види спорту;спортивний захист;захисні налокітники;4;204006;захисні налокітники;11.31%
товари;спорт і відпочинок;екстремальні види спорту;спортивний захист;захисні шоломи для спорту;4;204010;захисні шоломи для спорту;12.73%
товари;спорт і відпочинок;екстремальні види спорту;спортивний захист;захисні шорти;4;204008;захисні шорти;12.73%
товари;спорт і відпочинок;спортивні товари;бойові мистецтва;захист для бойових мистецтв;4;202709;захист для бойових мистецтв;15.46%
товари;спорт і відпочинок;екстремальні види спорту;спортивний захист;захист зап'ястя;4;204007;захист зап'ястя;11.31%
товари;спорт і відпочинок;велосипеди та аксесуари;велоаксесуари;захист рами та комплектуючих;4;342419;захист рами та комплектуючих;15.45%
товари;спорт і відпочинок;ігри з ракетками;ігри з ракетками, загальне;ігри з ракетками, загальне;3;182401;ігри з ракетками, загальне;25.00%
товари;спорт і відпочинок;спортивні товари;гімнастика;інвентар для гімнастики;4;204204;інвентар для гімнастики;13.84%
товари;спорт і відпочинок;спортивні товари;легка атлетика;інвентар для легкої атлетики;4;200332;інвентар для легкої атлетики;15.10%
товари;спорт і відпочинок;тренажери;інверсійні столи;інверсійні столи;3;200918;інверсійні столи;10.32%
товари;спорт і відпочинок;спортивні товари;фітнес;інверсійні черевики;4;200335;інверсійні черевики;15.86%
товари;спорт і відпочинок;зимові види спорту;лижний спорт та сноубординг;інструменти та мастила для лиж, сноубордів;4;202407;інструменти та мастила для лиж, сноубордів;14.69%
товари;спорт і відпочинок;спортивні товари;йога;йога, загальне;4;204301;йога, загальне;25.00%
товари;спорт і відпочинок;товари для туризму та подорожей;туристичний посуд;казани;4;15230310;казани;15.75%
товари;спорт і відпочинок;спортивні товари;бойові мистецтва;капи;4;202702;капи;15.65%
товари;спорт і відпочинок;екстремальні види спорту;альпінізм;карабіни;4;203532;карабіни;15.71%
товари;спорт і відпочинок;товари для туризму та подорожей;каремати та сидушки;каремати та сидушки;3;240405;каремати та сидушки;15.63%
товари;спорт і відпочинок;екстремальні види спорту;альпінізм;каски для альпінізму;4;203530;каски для альпінізму;15.71%
товари;спорт і відпочинок;спортивні товари;фітнес;килимки для йоги та фітнесу;4;200311;килимки для йоги та фітнесу;15.99%
товари;спорт і відпочинок;спортивні товари;спортивні фіксатори та супорти;кінезіо тейпи і засоби для тейпування;4;201302;кінезіо тейпи і засоби для тейпування;15.04%
товари;спорт і відпочинок;спортивні товари;спортивний інвентар;ключки для флорболу;4;200323;ключки для флорболу;15.93%
товари;спорт і відпочинок;зимові види спорту;хокей;ковзани та аксесуари;4;200601;ковзани та аксесуари;14.42%
товари;спорт і відпочинок;зимові види спорту;ковзанярський спорт;ковзанярський спорт, загальне;4;202425;ковзанярський спорт, загальне;25.00%
товари;спорт і відпочинок;товари для туризму та подорожей;туристичні інструменти;компаси ;4;240404;компаси ;19.38%
товари;спорт і відпочинок;екстремальні види спорту;дайвінг;компенсатори плавучості;4;203426;компенсатори плавучості;15.58%
товари;спорт і відпочинок;екстремальні види спорту;спортивний захист;комплекти спортивного захисту;4;204009;комплекти спортивного захисту;11.31%
товари;спорт і відпочинок;спортивні товари;спортивні пістолети та рушниці;комплектуючі для спортивних пістолетів та рушниць;4;302111;комплектуючі для спортивних пістолетів та рушниць;12.08%
товари;спорт і відпочинок;військово-спортивні ігри;страйкбольне обладнання;комплектуючі для страйкбольних автоматів та пістолетів;4;181306;комплектуючі для страйкбольних автоматів та пістолетів;12.48%
товари;спорт і відпочинок;тренажери;комплектуючі та аксесуари для тренажерів;комплектуючі та аксесуари для тренажерів;3;200920;комплектуючі та аксесуари для тренажерів;15.32%
товари;спорт і відпочинок;товари для туризму та подорожей;туристичні інструменти;компресійні мішки та гермомішки;4;240438;компресійні мішки та гермомішки;15.61%
товари;спорт і відпочинок;екстремальні види спорту;дайвінг;консолі для дайвінгу;4;203429;консолі для дайвінгу;15.15%
товари;спорт і відпочинок;товари для риболовлі;корми та підгодовування для риби;корми та підгодовування для риби;3;181004;корми та підгодовування для риби;16.16%
товари;спорт і відпочинок;товари для риболовлі;одяг для полювання та риболовлі;костюми для полювання та риболовлі;4;181026;костюми для полювання та риболовлі;19.03%
товари;спорт і відпочинок;товари для підводного полювання;підводні рушниці;котушки для підводних рушниць;4;302116;котушки для підводних рушниць;10.97%
товари;спорт і відпочинок;зимові види спорту;лижний спорт та сноубординг;кріплення для лиж, сноуборду;4;202406;кріплення для лиж, сноуборду;13.98%
товари;спорт і відпочинок;спортивні товари;бойові мистецтва;кріплення, стійки для груш;4;202710;кріплення, стійки для груш;14.94%
товари;спорт і відпочинок;гаджети для спорту;крокоміри;крокоміри;3;162518;крокоміри;15.63%
товари;спорт і відпочинок;одяг та взуття для спортсменів;взуття для спорту та активного відпочинку;кросівки для заняття спортом;4;3220707;кросівки для заняття спортом;19.35%
товари;спорт і відпочинок;зимові види спорту;лижний спорт та сноубординг;лавинне спорядження;4;202427;лавинне спорядження;15.61%
товари;спорт і відпочинок;спортивні товари;бойові мистецтва;лапи, маківари ручні;4;202708;лапи, маківари ручні;15.46%
товари;спорт і відпочинок;екстремальні види спорту;дайвінг;ласти для плавання;4;200319;ласти для плавання;15.45%
товари;спорт і відпочинок;спортивні товари;легка атлетика;легка атлетика, загальне;4;204601;легка атлетика, загальне;25.00%
товари;спорт і відпочинок;зимові види спорту;лижний спорт та сноубординг;лижі;4;202401;лижі;14.56%
товари;спорт і відпочинок;зимові види спорту;лижний спорт та сноубординг;лижний спорт та сноубординг, загальне;4;202420;лижний спорт та сноубординг, загальне;25.00%
товари;спорт і відпочинок;зимові види спорту;лижний спорт та сноубординг;лижний та сноубордичний захист;4;202413;лижний та сноубордичний захист;14.69%
товари;спорт і відпочинок;зимові види спорту;лижний спорт та сноубординг;лижні палиці та аксесуари до них;4;202403;лижні палиці та аксесуари до них;15.08%
товари;спорт і відпочинок;зимові види спорту;лижний спорт та сноубординг;лижні, сноубордичні маски;4;202405;лижні, сноубордичні маски;14.56%
товари;спорт і відпочинок;одяг та взуття для спортсменів;лижні, сноубордичні рукавички;лижні, сноубордичні рукавички;3;203105;лижні, сноубордичні рукавички;15.40%
товари;спорт і відпочинок;зимові види спорту;лижний спорт та сноубординг;лижні, сноубордичні черевики;4;20060106;лижні, сноубордичні черевики;14.76%
товари;спорт і відпочинок;зимові види спорту;лижний спорт та сноубординг;лижні, сноубордичні шоломи;4;202404;лижні, сноубордичні шоломи;14.50%
товари;спорт і відпочинок;товари для риболовлі;рибальські снасті;ліски та повідки;4;181002;ліски та повідки;15.39%
товари;спорт і відпочинок;водні види спорту;плавання;лопатки для плавання;4;200320;лопатки для плавання;15.63%
товари;спорт і відпочинок;товари для риболовлі;льодобури;льодобури;3;181020;льодобури;14.43%
товари;спорт і відпочинок;екстремальні види спорту;альпінізм;льодоруби;4;203531;льодоруби;15.71%
товари;спорт і відпочинок;товари для туризму та подорожей;льодоходи та льодоступи;льодоходи та льодоступи;3;240452;льодоходи та льодоступи;14.97%
товари;спорт і відпочинок;ігри з ракетками;теніс;м'ячі для ігор з ракетками;4;182413;м'ячі для ігор з ракетками;15.66%
товари;спорт і відпочинок;товари для полювання;приманки для полювання;манки для полювання;4;180304;манки для полювання;11.75%
товари;спорт і відпочинок;екстремальні види спорту;дайвінг;маски, окуляри для плавання;4;200317;маски, окуляри для плавання;13.24%
товари;спорт і відпочинок;товари для риболовлі;рибальські снасті;матеріали для нахлисту;4;181034;матеріали для нахлисту;15.65%
товари;спорт і відпочинок;спортивні товари;фітнес;медболи;4;200330;медболи;15.99%
товари;спорт і відпочинок;спортивні товари;легка атлетика;метальний інвентар;4;204603;метальний інвентар;15.40%
товари;спорт і відпочинок;спортивні товари;спортивні сумки та рюкзаки;міські сумки;4;380603;міські сумки;19.13%
товари;спорт і відпочинок;спортивні товари;спортивні сумки та рюкзаки;міські та спортивні рюкзаки ;4;380601;міські та спортивні рюкзаки ;19.66%
товари;спорт і відпочинок;велосипеди та аксесуари;велозапчастини;мотор-колеса;4;122215;мотор-колеса;10.80%
товари;спорт і відпочинок;екстремальні види спорту;альпінізм;мотузки для альпінізму;4;203533;мотузки для альпінізму;15.71%
товари;спорт і відпочинок;водні види спорту;все для плавання;набори для плавання;4;203443;набори для плавання;16.27%
товари;спорт і відпочинок;товари для туризму та подорожей;туристичні інструменти;набори туристичних інструментів;4;240460;набори туристичних інструментів;12.70%
товари;спорт і відпочинок;товари для туризму та подорожей;туристичний посуд;набори туристичного посуду;4;240412;набори туристичного посуду;15.75%
товари;спорт і відпочинок;все для пляжу;надувні жилети, нарукавники;надувні жилети, нарукавники;3;203405;надувні жилети, нарукавники;12.47%
товари;спорт і відпочинок;товари для туризму та подорожей;накидки для рюкзаків, сумок;накидки для рюкзаків, сумок;3;240451;накидки для рюкзаків, сумок;15.02%
товари;спорт і відпочинок;ігри з ракетками;настільний теніс;накладки для ракеток;4;182420;накладки для ракеток;15.86%
товари;спорт і відпочинок;ігри з ракетками;настільний теніс;настільний теніс, загальне;4;182411;настільний теніс, загальне;25.00%
товари;спорт і відпочинок;велосипеди та аксесуари;велозапчастини;натягувачі та заспокоювачі ланцюга;4;122223;натягувачі та заспокоювачі ланцюга;15.51%
товари;спорт і відпочинок;товари для туризму та подорожей;туристичні інструменти;ножі для полювання, риболовлі та туризму;4;181010;ножі для полювання, риболовлі та туризму;13.12%
товари;спорт і відпочинок;спортивні товари;бойові мистецтва;нунчаки;4;202707;нунчаки;15.52%
товари;спорт і відпочинок;одяг та взуття для спортсменів;одяг для йоги та фітнесу;одяг для йоги та фітнесу;3;30101;одяг для йоги та фітнесу;19.69%
товари;спорт і відпочинок;одяг та взуття для спортсменів;одяг та взуття для спортсменів, загальне;одяг та взуття для спортсменів, загальне;3;182601;одяг та взуття для спортсменів, загальне;25.00%
товари;спорт і відпочинок;одяг та взуття для спортсменів;окуляри для спорту;окуляри для спорту;3;361230;окуляри для спорту;15.56%
товари;спорт і відпочинок;товари для полювання;аксесуари для мисливських рушниць;оливи та мастила для рушниць;4;181614;оливи та мастила для рушниць;11.74%
товари;спорт і відпочинок;товари для полювання;приманки для полювання;опудала для полювання;4;180311;опудала для полювання;11.39%
товари;спорт і відпочинок;спортивні товари;спортивні пістолети та рушниці;патрони для сигнальної та стартової зброї;4;302127;патрони для сигнальної та стартової зброї;11.43%
товари;спорт і відпочинок;велосипеди та аксесуари;велозапчастини;педалі, тукліпси, ремінці;4;122206;педалі, тукліпси, ремінці;15.45%
товари;спорт і відпочинок;військово-спортивні ігри;пейнтбольне спорядження;пейнтбольне спорядження, загальне;4;181704;пейнтбольне спорядження, загальне;25.00%
товари;спорт і відпочинок;військово-спортивні ігри;пейнтбольне спорядження;пейнтбольні, страйкбольні маски та захист;4;181702;пейнтбольні, страйкбольні маски та захист;12.04%
товари;спорт і відпочинок;товари для полювання;переноски, підвіси для дичини;переноски, підвіси для дичини;3;180306;переноски, підвіси для дичини;8.93%
товари;спорт і відпочинок;товари для туризму та подорожей;переносне освітлення;переносне освітлення, загальне;4;39050399;переносне освітлення, загальне;25.00%
товари;спорт і відпочинок;товари для туризму та подорожей;переносне освітлення;переносні світильники;4;39050303;переносні світильники;14.96%
товари;спорт і відпочинок;екстремальні види спорту;альпінізм;петлі, самостраховки, відтяжки, драбинки;4;203539;петлі, самостраховки, відтяжки, драбинки;15.71%
товари;спорт і відпочинок;товари для туризму та подорожей;туристичні інструменти;питні системи, туристичні гідратори ;4;240449;питні системи, туристичні гідратори ;18.86%
товари;спорт і відпочинок;велосипеди та аксесуари;підвіси, стійки для велосипедів;підвіси, стійки для велосипедів;3;182103;підвіси, стійки для велосипедів;10.93%
товари;спорт і відпочинок;екстремальні види спорту;дайвінг;підводні комп'ютери;4;203427;підводні комп'ютери;10.61%
товари;спорт і відпочинок;товари для підводного полювання;підводні рушниці;підводні рушниці, загальне;4;302118;підводні рушниці, загальне;25.00%
товари;спорт і відпочинок;товари для риболовлі;підставки для вудилищ;підставки для вудилищ;3;181022;підставки для вудилищ;15.27%
товари;спорт і відпочинок;товари для туризму та подорожей;туристичний посуд;підставки і триноги для багаття;4;240445;підставки і триноги для багаття;14.86%
товари;спорт і відпочинок;водні види спорту;плавання;плавання, загальне;4;203419;плавання, загальне;25.00%
товари;спорт і відпочинок;все для пляжу;пляжні килимки;пляжні килимки;3;203406;пляжні килимки;16.77%
товари;спорт і відпочинок;товари для туризму та подорожей;подушки для подорожей;подушки для подорожей;3;370601;подушки для подорожей;16.08%
товари;спорт і відпочинок;товари для туризму та подорожей;туристичні інструменти;польові душі;4;240437;польові душі;15.65%
товари;спорт і відпочинок;товари для риболовлі;рибальські снасті;поплавці;4;181041;поплавці;15.32%
товари;спорт і відпочинок;спортивні товари;спортивні сумки та рюкзаки;поясні сумки;4;380650;поясні сумки;19.13%
товари;спорт і відпочинок;товари для риболовлі;прикормочні кораблики;прикормочні кораблики;3;181030;прикормочні кораблики;12.80%
товари;спорт і відпочинок;товари для полювання;приманки для полювання;приманки для полювання, загальне;4;180316;приманки для полювання, загальне;25.00%
товари;спорт і відпочинок;гаджети для спорту;пульсометри;пульсометри;3;162519;пульсометри;17.31%
товари;спорт і відпочинок;екстремальні види спорту;дайвінг;регулятори, октопуси;4;203425;регулятори, октопуси;14.93%
товари;спорт і відпочинок;товари для полювання;релоадінг;релоадінг;3;180317;релоадінг;11.32%
товари;спорт і відпочинок;спортивні товари;йога;ремені для йоги;4;204304;ремені для йоги;16.06%
товари;спорт і відпочинок;товари для риболовлі;рибальські інструменти;рибальські інструменти;3;181032;рибальські інструменти;14.90%
товари;спорт і відпочинок;товари для риболовлі;рибальські снасті;рибальські кормушки;4;181021;рибальські кормушки;15.78%
товари;спорт і відпочинок;товари для риболовлі;рибальські котушки;рибальські котушки;3;181003;рибальські котушки;15.65%
товари;спорт і відпочинок;товари для риболовлі;рибальські садки, кукани;рибальські садки, кукани;3;181018;рибальські садки, кукани;15.22%
товари;спорт і відпочинок;товари для риболовлі;рибальські санки;рибальські санки;3;181043;рибальські санки;10.78%
товари;спорт і відпочинок;товари для риболовлі;рибальські снасті;рибальські снасті, загальне;4;181037;рибальські снасті, загальне;25.00%
товари;спорт і відпочинок;товари для риболовлі;рибальські сумки та коробки;рибальські сумки та коробки;3;181014;рибальські сумки та коробки;15.56%
товари;спорт і відпочинок;спортивні товари;спортивні пістолети та рушниці;рогатки;4;302104;рогатки;11.88%
товари;спорт і відпочинок;спортивні товари;ролики, скейтборди та самокати;ролики, скейтборди та самокати, загальне;4;205301;ролики, скейтборди та самокати, загальне;25.00%
товари;спорт і відпочинок;спортивні товари;ролики, скейтборди та самокати;роликові ковзани та лижоролери;4;20060102;роликові ковзани та лижоролери;11.19%
товари;спорт і відпочинок;спортивні товари;бойові мистецтва;рукавички для боксу та єдиноборств;4;203106;рукавички для боксу та єдиноборств;15.52%
товари;спорт і відпочинок;екстремальні види спорту;дайвінг;рукавички для дайвінгу;4;203102;рукавички для дайвінгу;15.58%
товари;спорт і відпочинок;командні види спорту;бейсбол;рукавички для крикету та бейсболу;4;203104;рукавички для крикету та бейсболу;15.96%
товари;спорт і відпочинок;товари для риболовлі;рукавички для риболовлі;рукавички для риболовлі;3;181038;рукавички для риболовлі;15.40%
товари;спорт і відпочинок;екстремальні види спорту;альпінізм;рукавички для туризму та альпінізму;4;203543;рукавички для туризму та альпінізму;15.71%
товари;спорт і відпочинок;спортивні товари;важка атлетика;рукавички для фітнесу і атлетики;4;203109;рукавички для фітнесу і атлетики;15.93%
товари;спорт і відпочинок;товари для туризму та подорожей;туристичні інструменти;ручні та налобні ліхтарі;4;150410;ручні та налобні ліхтарі;18.77%
товари;спорт і відпочинок;товари для підводного полювання;підводні рушниці;рушниці для підводного полювання;4;302114;рушниці для підводного полювання;10.97%
товари;спорт і відпочинок;спортивні товари;ролики, скейтборди та самокати;самокати;4;202104;самокати;11.19%
товари;спорт і відпочинок;спортивні товари;важка атлетика;сендбеги;4;203602;сендбеги;15.67%
товари;спорт і відпочинок;товари для риболовлі;рибальські снасті;сигналізатори клювання та свінгери;4;181013;сигналізатори клювання та свінгери;15.45%
товари;спорт і відпочинок;спортивні товари;спортивні пістолети та рушниці;сигнальні та стартові пістолети;4;302119;сигнальні та стартові пістолети;10.52%
товари;спорт і відпочинок;товари для риболовлі;рибальські снасті;силіконові приманки, мандула та стримери;4;181012;силіконові приманки, мандула та стримери;15.39%
товари;спорт і відпочинок;тренажери;силові тренажери;силові тренажери;3;200911;силові тренажери;13.16%
товари;спорт і відпочинок;сігвеї та гіроскутери;сігвеї та гіроскутери;сігвеї та гіроскутери;2;203502;сігвеї та гіроскутери;10.73%
товари;спорт і відпочинок;командні види спорту;сітки для ігрових майданчиків;сітки для ігрових майданчиків;3;203305;сітки для ігрових майданчиків;15.63%
товари;спорт і відпочинок;ігри з ракетками;настільний теніс;сітки для настільного тенісу;4;182421;сітки для настільного тенісу;15.27%
товари;спорт і відпочинок;спортивні товари;фітнес;скакалки;4;200313;скакалки;16.12%
товари;спорт і відпочинок;спортивні товари;ролики, скейтборди та самокати;скейтборди та ролерсерфи;4;2006;скейтборди та ролерсерфи;10.91%
товари;спорт і відпочинок;екстремальні види спорту;альпінізм;скеледроми та комплектуючі;4;203528;скеледроми та комплектуючі;11.00%
товари;спорт і відпочинок;спортивні товари;спортивний інвентар;слеклайн;4;200340;слеклайн;16.39%
товари;спорт і відпочинок;товари для туризму та подорожей;снігоступи, альпіністські кішки;снігоступи, альпіністські кішки;3;240453;снігоступи, альпіністські кішки;14.68%
товари;спорт і відпочинок;зимові види спорту;лижний спорт та сноубординг;сноуборди;4;202402;сноуборди;13.98%
товари;спорт і відпочинок;товари для полювання;аксесуари для мисливських рушниць;сошки та упори для рушниць;4;181615;сошки та упори для рушниць;10.89%
товари;спорт і відпочинок;товари для туризму та подорожей;спальні мішки;спальні мішки;3;240407;спальні мішки;15.04%
товари;спорт і відпочинок;екстремальні види спорту;альпінізм;спортивна магнезія ;4;200325;спортивна магнезія ;15.24%
товари;спорт і відпочинок;спортивні товари;спортивна медицина;спортивна медицина;3;2017;спортивна медицина;11.86%
товари;спорт і відпочинок;одяг та взуття для спортсменів;спортивна форма;спортивна форма;3;30124;спортивна форма;15.71%
товари;спорт і відпочинок;одяг та взуття для спортсменів;взуття для спорту та активного відпочинку;спортивне взуття, загальне;4;20060199;спортивне взуття, загальне;25.00%
товари;спорт і відпочинок;спортивне харчування та препарати;спортивне харчування;спортивне харчування;3;20808;спортивне харчування;15.11%
товари;спорт і відпочинок;спортивне харчування та препарати;спортивне харчування, загальне;спортивне харчування, загальне;3;20816;спортивне харчування, загальне;25.00%
товари;спорт і відпочинок;екстремальні види спорту;спортивний захист;спортивний захист, загальне;4;204011;спортивний захист, загальне;25.00%
товари;спорт і відпочинок;спортивні товари;спортивний інвентар;спортивний інвентар, загальне;4;200302;спортивний інвентар, загальне;25.00%
товари;спорт і відпочинок;спортивні товари;спортивний інвентар;спортивні бити;4;3220728;спортивні бити;15.74%
товари;спорт і відпочинок;спортивні товари;спортивний інвентар;спортивні ігрові м'ячі;4;2023;спортивні ігрові м'ячі;16.00%
товари;спорт і відпочинок;спортивні товари;спортивний інвентар;спортивні ігрові ракетки;4;182422;спортивні ігрові ракетки;16.06%
товари;спорт і відпочинок;спортивні товари;гімнастика;спортивні мати;4;200304;спортивні мати;14.81%
товари;спорт і відпочинок;спортивні товари;важка атлетика;спортивні обважнювачі;4;200316;спортивні обважнювачі;15.80%
товари;спорт і відпочинок;екстремальні види спорту;віндсерфінг та sup серфінг;спортивні рятувальні жилети;4;203525;спортивні рятувальні жилети;11.02%
товари;спорт і відпочинок;тренажери;спортивні стінки і турніки для дому;спортивні стінки і турніки для дому;3;200908;спортивні стінки і турніки для дому;15.18%
товари;спорт і відпочинок;спортивні товари;спортивні сумки та рюкзаки;спортивні сумки;4;380630;спортивні сумки;19.14%
товари;спорт і відпочинок;спортивні товари;спортивні товари, загальне;спортивні товари, загальне;3;2047;спортивні товари, загальне;25.00%
товари;спорт і відпочинок;екстремальні види спорту;альпінізм;спускові пристрої для альпінізму;4;203537;спускові пристрої для альпінізму;15.71%
товари;спорт і відпочинок;тренажери;степери;степери;3;200917;степери;14.08%
товари;спорт і відпочинок;командні види спорту;баскетбол;стійки для ігрових майданчиків;4;203306;стійки для ігрових майданчиків;12.94%
товари;спорт і відпочинок;тренажери;стійки, лави для жиму та присідань;стійки, лави для жиму та присідань;3;200902;стійки, лави для жиму та присідань;10.63%
товари;спорт і відпочинок;військово-спортивні ігри;страйкбольне обладнання;страйкбольне спорядження, загальне;4;181304;страйкбольне спорядження, загальне;25.00%
товари;спорт і відпочинок;військово-спортивні ігри;страйкбольне обладнання;страйкбольні автомати та пістолети;4;181305;страйкбольні автомати та пістолети;11.70%
товари;спорт і відпочинок;військово-спортивні ігри;страйкбольне обладнання;страйкбольні кулі;4;181303;страйкбольні кулі;12.48%
товари;спорт і відпочинок;екстремальні види спорту;альпінізм;страхувальні альтанки та системи;4;203529;страхувальні альтанки та системи;15.71%
товари;спорт і відпочинок;спортивні товари;спортивні пістолети та рушниці;стріли, аксесуари до арбалетів, луків;4;302110;стріли, аксесуари до арбалетів, луків;11.43%
товари;спорт і відпочинок;екстремальні види спорту;альпінізм;сумки для альпінізму;4;203538;сумки для альпінізму;14.85%
товари;спорт і відпочинок;екстремальні види спорту;дайвінг;сумки для дайвінгу;4;203430;сумки для дайвінгу;15.26%
товари;спорт і відпочинок;спортивні товари;спортивні сумки та рюкзаки;сумки для дозвілля, загальне;4;380699;сумки для дозвілля, загальне;25.00%
товари;спорт і відпочинок;спортивні товари;спортивні сумки та рюкзаки;сумки для ковзанів, черевиків;4;380602;сумки для ковзанів, черевиків;13.10%
товари;спорт і відпочинок;товари для полювання;сумки для полювання;сумки для полювання;3;180310;сумки для полювання;11.84%
товари;спорт і відпочинок;товари для туризму та подорожей;туристичні інструменти;сумки-холодильники, термобокси;4;152410;сумки-холодильники, термобокси;15.87%
товари;спорт і відпочинок;ігри з ракетками;настільний теніс;тенісні столи;4;182412;тенісні столи;15.27%
товари;спорт і відпочинок;товари для туризму та подорожей;тенти ;тенти ;3;130734;тенти ;14.71%
товари;спорт і відпочинок;товари для туризму та подорожей;туристичний посуд;термоси та термокружки;4;1531;термоси та термокружки;15.00%
товари;спорт і відпочинок;спортивні товари;бойові мистецтва;товари для бойових мистецтв;4;202712;товари для бойових мистецтв;15.52%
товари;спорт і відпочинок;спортивні товари;бойові мистецтва;товари для бойових мистецтв, загальне;4;202705;товари для бойових мистецтв, загальне;25.00%
товари;спорт і відпочинок;товари для туризму та подорожей;туристичні інструменти;товари для виживання;4;240450;товари для виживання;12.70%
товари;спорт і відпочинок;спортивні товари;товари для кінного спорту;товари для кінного спорту;3;2020;товари для кінного спорту;15.88%
товари;спорт і відпочинок;товари для підводного полювання;товари для підводного полювання, загальне;товари для підводного полювання, загальне;3;182301;товари для підводного полювання, загальне;25.00%
товари;спорт і відпочинок;товари для полювання;товари для полювання, загальне;товари для полювання, загальне;3;180301;товари для полювання, загальне;25.00%
товари;спорт і відпочинок;товари для риболовлі;товари для риболовлі, загальне;товари для риболовлі, загальне;3;181008;товари для риболовлі, загальне;25.00%
товари;спорт і відпочинок;товари для спорту та відпочинку, загальне;товари для спорту та відпочинку, загальне;товари для спорту та відпочинку, загальне;2;1814;товари для спорту та відпочинку, загальне;25.00%
товари;спорт і відпочинок;командні види спорту;футбол;товари для тренерів та суддів;4;2022;товари для тренерів та суддів;16.55%
товари;спорт і відпочинок;товари для туризму та подорожей;товари для туризму та подорожей, загальне;товари для туризму та подорожей, загальне;3;240410;товари для туризму та подорожей, загальне;25.00%
товари;спорт і відпочинок;командні види спорту;футбол;товари для уболівальників;4;1819;товари для уболівальників;23.34%
товари;спорт і відпочинок;товари для туризму та подорожей;туристичні інструменти;трекінгові палиці та аксесуари до них;4;240433;трекінгові палиці та аксесуари до них;19.32%
товари;спорт і відпочинок;тренажери;тренажери для пресу, гіперекстензії;тренажери для пресу, гіперекстензії;3;200903;тренажери для пресу, гіперекстензії;16.09%
товари;спорт і відпочинок;тренажери;тренажери імітатори;тренажери імітатори;3;200924;тренажери імітатори;13.60%
товари;спорт і відпочинок;тренажери;тренажери, загальне;тренажери, загальне;3;200913;тренажери, загальне;25.00%
товари;спорт і відпочинок;тренажери;реформери та обладнання для пілатесу;реформери та обладнання для пілатесу;3;200925;реформери та обладнання для пілатесу;12.27%
товари;спорт і відпочинок;велосипеди та аксесуари;велозапчастини;тросики та сорочки для велосипедів;4;122220;тросики та сорочки для велосипедів;15.51%
товари;спорт і відпочинок;екстремальні види спорту;дайвінг;трубки для плавання;4;200318;трубки для плавання;15.39%
товари;спорт і відпочинок;одяг та взуття для спортсменів;взуття для спорту та активного відпочинку;туристичне взуття ;4;3220704;туристичне взуття ;18.98%
товари;спорт і відпочинок;товари для туризму та подорожей;туристичний посуд;туристичний посуд, загальне;4;240424;туристичний посуд, загальне;25.00%
товари;спорт і відпочинок;товари для туризму та подорожей;туристичні бахіли, гамаші;туристичні бахіли, гамаші;3;240436;туристичні бахіли, гамаші;12.80%
товари;спорт і відпочинок;товари для туризму та подорожей;газове обладнання для туризму;туристичні газові балони ;4;240432;туристичні газові балони ;14.55%
товари;спорт і відпочинок;товари для туризму та подорожей;туристичні інструменти;туристичні інструменти, загальне;4;240430;туристичні інструменти, загальне;25.00%
товари;спорт і відпочинок;товари для туризму та подорожей;туристичний посуд;туристичні каструлі, казанки;4;240413;туристичні каструлі, казанки;15.75%
товари;спорт і відпочинок;товари для туризму та подорожей;туристичний посуд;туристичні кухлі;4;240418;туристичні кухлі;15.75%
товари;спорт і відпочинок;товари для туризму та подорожей;туристичні інструменти;туристичні лопати ;4;240429;туристичні лопати ;16.17%
товари;спорт і відпочинок;товари для туризму та подорожей;туристичний посуд;туристичні миски і тарілки ;4;240416;туристичні миски і тарілки ;15.75%
товари;спорт і відпочинок;товари для туризму та подорожей;туристичні намети;туристичні намети;3;240409;туристичні намети;14.91%
товари;спорт і відпочинок;товари для туризму та подорожей;туристичні інструменти;туристичні обігрівачі ;4;240434;туристичні обігрівачі ;10.67%
товари;спорт і відпочинок;товари для туризму та подорожей;туристичні інструменти;туристичні пилки;4;240426;туристичні пилки;18.96%
товари;спорт і відпочинок;товари для туризму та подорожей;газове обладнання для туризму;туристичні плити та пальники ;4;13240602;туристичні плити та пальники ;14.55%
товари;спорт і відпочинок;товари для туризму та подорожей;туристичні інструменти;туристичні рушники;4;240439;туристичні рушники;18.96%
товари;спорт і відпочинок;товари для туризму та подорожей;туристичні рюкзаки ;туристичні рюкзаки ;3;240411;туристичні рюкзаки ;15.62%
товари;спорт і відпочинок;товари для туризму та подорожей;туристичні складані відра;туристичні складані відра;3;240459;туристичні складані відра;17.86%
товари;спорт і відпочинок;товари для туризму та подорожей;туристичний посуд;туристичні сковорідки ;4;240414;туристичні сковорідки ;15.75%
товари;спорт і відпочинок;товари для туризму та подорожей;туристичний посуд;туристичні столові прибори;4;240417;туристичні столові прибори;15.75%
товари;спорт і відпочинок;товари для туризму та подорожей;туристичні інструменти;туристичні фільтри та пігулки для питної води;4;240458;туристичні фільтри та пігулки для питної води;18.44%
товари;спорт і відпочинок;товари для туризму та подорожей;туристичний посуд;туристичні фляги ;4;240457;туристичні фляги ;11.91%
товари;спорт і відпочинок;товари для туризму та подорожей;туристичний посуд;туристичні чайники ;4;240415;туристичні чайники ;15.75%
товари;спорт і відпочинок;одяг та взуття для спортсменів;туристичні штани та шорти;туристичні штани та шорти;3;34305;туристичні штани та шорти;16.48%
товари;спорт і відпочинок;спортивні товари;важка атлетика;тяги для тренування шиї;4;200333;тяги для тренування шиї;13.53%
товари;спорт і відпочинок;спортивні товари;фітнес;упори для віджимань;4;200337;упори для віджимань;16.05%
товари;спорт і відпочинок;зимові види спорту;фігурне катання;фігурне катання, загальне;4;202422;фігурне катання, загальне;25.00%
товари;спорт і відпочинок;спортивні товари;фітнес;фітболи;4;200331;фітболи;15.99%
товари;спорт і відпочинок;спортивні товари;фітнес;фітнес, загальне;4;203601;фітнес, загальне;25.00%
товари;спорт і відпочинок;товари для полювання;фотопастки, камери для полювання;фотопастки, камери для полювання;3;180312;фотопастки, камери для полювання;10.86%
товари;спорт і відпочинок;спортивні товари;спортивний інвентар;фрісбі, літаючі диски та бумеранги;4;200338;фрісбі, літаючі диски та бумеранги;18.75%
товари;спорт і відпочинок;командні види спорту;футбол;футбол, загальне;4;203701;футбол, загальне;25.00%
товари;спорт і відпочинок;командні види спорту;футбол;футбольні гетри;4;203303;футбольні гетри;20.00%
товари;спорт і відпочинок;командні види спорту;футбол;футбольні рукавички;4;203108;футбольні рукавички;16.03%
товари;спорт і відпочинок;командні види спорту;футбол;футбольні щитки;4;203302;футбольні щитки;16.55%
товари;спорт і відпочинок;зимові види спорту;хокей;хокей, загальне;4;202423;хокей, загальне;25.00%
товари;спорт і відпочинок;зимові види спорту;хокей;хокейне захисне екіпірування;4;202411;хокейне захисне екіпірування;14.36%
товари;спорт і відпочинок;спортивні товари;спортивний інвентар;хокейні ключки, шайби;4;202408;хокейні ключки, шайби;15.54%
товари;спорт і відпочинок;зимові види спорту;лижний спорт та сноубординг;чохли для лиж, сноубордів;4;202414;чохли для лиж, сноубордів;14.69%
товари;спорт і відпочинок;ігри з ракетками;теніс;чохли для ракеток;4;200336;чохли для ракеток;16.88%
товари;спорт і відпочинок;товари для полювання;чохли та кейси для зброї;чохли та кейси для зброї;3;181610;чохли та кейси для зброї;11.98%
товари;спорт і відпочинок;товари для риболовлі;чохли та тубуси для вудилищ;чохли та тубуси для вудилищ;3;181019;чохли та тубуси для вудилищ;15.53%
товари;спорт і відпочинок;товари для туризму та подорожей;туристичні інструменти;чохли, футляри для ножів;4;240444;чохли, футляри для ножів;16.19%
товари;спорт і відпочинок;водні види спорту;плавання;шапочки для плавання;4;200308;шапочки для плавання;15.70%
товари;спорт і відпочинок;спортивні товари;важка атлетика;шейкери для спортивного харчування;4;2016;шейкери для спортивного харчування;16.00%
товари;спорт і відпочинок;спортивні товари;бойові мистецтва;шоломи для боксу та єдиноборств;4;202701;шоломи для боксу та єдиноборств;15.46%
товари;спорт і відпочинок;товари для риболовлі;одяг для полювання та риболовлі;шорти, штани для полювання та риболовлі;4;181025;шорти, штани для полювання та риболовлі;19.03%
товари;тара та упаковка;упаковка для транспортування;акумулятори холоду;акумулятори холоду;3;232012;акумулятори холоду;15.15%
товари;тара та упаковка;пакувальні матеріали;пакувальні плівки;бар'єрна плівка;4;230621;бар'єрна плівка;11.09%
товари;тара та упаковка;пакувальні матеріали;скляні пакувальні матеріали;бутлі;4;230622;бутлі;12.78%
товари;тара та упаковка;пакувальні матеріали;гнучка упаковка;гнучка упаковка;3;2318;гнучка упаковка;7.66%
товари;тара та упаковка;пакувальні матеріали;захисні та протиударні пакувальні матеріали;захисні та протиударні пакувальні матеріали;3;230615;захисні та протиударні пакувальні матеріали;12.14%
товари;тара та упаковка;упаковка для транспортування;ізотермічні контейнери;ізотермічні контейнери;3;232013;ізотермічні контейнери;15.88%
товари;тара та упаковка;пакувальні матеріали;мотузкові вироби;канати;4;130728;канати;14.53%
товари;тара та упаковка;паперова продукція та упаковка;картон;картон;3;230110;картон;9.70%
товари;тара та упаковка;паперова продукція та упаковка;картонні гільзи;картонні гільзи;3;230117;картонні гільзи;9.70%
товари;тара та упаковка;пакувальні матеріали;ковпачки, кришки, ручка для пет пляшок;ковпачки, кришки, ручка для пет пляшок;3;230609;ковпачки, кришки, ручка для пет пляшок;14.17%
товари;тара та упаковка;пакувальні матеріали;металеві пакувальні матеріали;металеві бокси;4;230605;металеві бокси;8.05%
товари;тара та упаковка;пакувальні матеріали;металеві пакувальні матеріали;металеві каністри;4;230648;металеві каністри;9.39%
товари;тара та упаковка;пакувальні матеріали;мотузкові вироби;мотузкові вироби, загальне;4;230632;мотузкові вироби, загальне;25.00%
товари;тара та упаковка;пакувальні матеріали;пакети;пакети;3;2302;пакети;15.21%
товари;тара та упаковка;пакувальні матеріали;пакувальні матеріали, загальне;пакувальні матеріали, загальне;3;230699;пакувальні матеріали, загальне;25.00%
товари;тара та упаковка;упаковка для транспортування;пакувальні мішки;пакувальні мішки;3;232001;пакувальні мішки;15.57%
товари;тара та упаковка;пакувальні матеріали;мотузкові вироби;пакувальні мотузки;4;230633;пакувальні мотузки;14.53%
товари;тара та упаковка;пакувальні матеріали;пакувальні стяжки;пакувальні стяжки;3;230653;пакувальні стяжки;10.01%
товари;тара та упаковка;паперова продукція та упаковка;паперові кондитерські серветки та форми;паперові кондитерські серветки та форми;3;230115;паперові кондитерські серветки та форми;14.78%
товари;тара та упаковка;паперова продукція та упаковка;паперові пакети, коробки та тубуси;паперові пакети, коробки та тубуси;3;230106;паперові пакети, коробки та тубуси;15.29%
товари;тара та упаковка;пакувальні матеріали;пластикові ємності;пластикові бідони та фляги;4;232008;пластикові бідони та фляги;15.15%
товари;тара та упаковка;пакувальні матеріали;пластикові ємності;пластикові каністри;4;230649;пластикові каністри;15.15%
товари;тара та упаковка;упаковка для транспортування;пластикові контейнери;пластикові контейнери;3;232014;пластикові контейнери;12.68%
товари;тара та упаковка;пакувальні матеріали;пластикові ємності;пластикові пляшки;4;230623;пластикові пляшки;15.15%
товари;тара та упаковка;промислова упаковка;промислова упаковка, загальне;промислова упаковка, загальне;3;231999;промислова упаковка, загальне;25.00%
товари;тара та упаковка;спеціальна упаковка;сейф-пакети, кур'єр-пакети;сейф-пакети, кур'єр-пакети;3;231001;сейф-пакети, кур'єр-пакети;13.86%
товари;тара та упаковка;пакувальні матеріали;скляні пакувальні матеріали;скляні пакувальні матеріали, загальне;4;230626;скляні пакувальні матеріали, загальне;25.00%
товари;тара та упаковка;пакувальні матеріали;пакувальні плівки;стретч-плівка;4;230646;стретч-плівка;12.94%
товари;тара та упаковка;пакувальні матеріали;пакувальні плівки;термозбіжна плівка;4;230610;термозбіжна плівка;11.42%
товари;тара та упаковка;пакувальні матеріали;термоізоляційні пакети для сфери торгівлі;термоізоляційні пакети для сфери торгівлі;3;230638;термоізоляційні пакети для сфери торгівлі;10.78%
товари;тара та упаковка;пакувальні матеріали;пакувальні плівки;тефлонова плівка;4;230635;тефлонова плівка;12.94%
товари;тара та упаковка;пакувальні матеріали;мотузкові вироби;технічні стрічки;4;230656;технічні стрічки;14.53%
товари;тара та упаковка;пакувальні матеріали;тримачі;тримачі;3;230608;тримачі;10.16%
товари;тара та упаковка;пакувальні матеріали;пакувальні плівки;універсальні плівки;4;230654;універсальні плівки;11.42%
товари;тара та упаковка;промислова упаковка;упаковка для продуктів харчування;упаковка для продуктів харчування та напівфабрикатів;4;231919;упаковка для продуктів харчування та напівфабрикатів;14.17%
товари;тара та упаковка;промислова упаковка;упаковка для продуктів харчування;упаковка для продуктів харчування, загальне;4;231911;упаковка для продуктів харчування, загальне;25.00%
товари;тара та упаковка;промислова упаковка;упаковка для роздрібної торгівлі;упаковка для роздрібної торгівлі;3;231908;упаковка для роздрібної торгівлі;7.70%
товари;тара та упаковка;промислова упаковка;упаковка для сільгосппродуктів;упаковка для сільгосппродуктів;3;231901;упаковка для сільгосппродуктів;8.32%
товари;тара та упаковка;пакувальні матеріали;упаковка з пінопласту;упаковка з пінопласту;3;230651;упаковка з пінопласту;13.81%
товари;тара та упаковка;промислова упаковка;упаковка для продуктів харчування;упаковка і тара для напоїв;4;231916;упаковка і тара для напоїв;14.17%
товари;тара та упаковка;промислова упаковка;упаковка і флакони для парфумерії та косметики;упаковка і флакони для парфумерії та косметики;3;231912;упаковка і флакони для парфумерії та косметики;15.90%
товари;тара та упаковка;пакувальні матеріали;металеві пакувальні матеріали;фольга;4;230606;фольга;8.05%
товари;тара та упаковка;пакувальні матеріали;мотузкові вироби;шпагати;4;230645;шпагати;14.53%
товари;тара та упаковка;пакувальні матеріали;пластикові ємності;ящики;4;230636;ящики;14.37%
товари;телекомунікації та зв'язок;телефонія;gsm шлюзи;gsm шлюзи;3;5090103;gsm шлюзи;8.93%
товари;телекомунікації та зв'язок;пасивне мережеве обладнання;hub'и, мости, репітери;hub'и, мости, репітери;3;7190603;hub'и, мости, репітери;11.62%
товари;телекомунікації та зв'язок;телефонія;voip шлюзи;voip шлюзи;3;5092502;voip шлюзи;10.56%
товари;телекомунікації та зв'язок;активне мережеве обладнання;активне мережеве обладнання, загальне;активне мережеве обладнання, загальне;3;71901;активне мережеве обладнання, загальне;25.00%
товари;телекомунікації та зв'язок;інструмент для мережевих робіт;зварювальні апарати і сколювачі для оптоволокна;зварювальні апарати і сколювачі для оптоволокна;3;50934;зварювальні апарати і сколювачі для оптоволокна;10.54%
товари;телекомунікації та зв'язок;інструмент для мережевих робіт;інструмент для закладення кабелю;інструмент для закладення кабелю;3;5093501;інструмент для закладення кабелю;11.40%
товари;телекомунікації та зв'язок;інструмент для мережевих робіт;інструмент для мережевих робіт, загальне;інструмент для мережевих робіт, загальне;3;5093502;інструмент для мережевих робіт, загальне;25.00%
товари;телекомунікації та зв'язок;інструмент для мережевих робіт;інструмент для монтажу кабельних стяжок;інструмент для монтажу кабельних стяжок;3;5093503;інструмент для монтажу кабельних стяжок;14.82%
товари;телекомунікації та зв'язок;інструмент для мережевих робіт;кабельні тестери, wi-fi тестери;кабельні тестери, wi-fi тестери;3;50918;кабельні тестери, wi-fi тестери;13.81%
товари;телекомунікації та зв'язок;пасивне мережеве обладнання;комунікаційні розетки;комунікаційні розетки;3;5092904;комунікаційні розетки;11.67%
товари;телекомунікації та зв'язок;активне мережеве обладнання;комутатори;комутатори;3;71903;комутатори;9.99%
товари;телекомунікації та зв'язок;активне мережеве обладнання;комутатори консолей (kvm);комутатори консолей (kvm);3;50927;комутатори консолей (kvm);15.12%
товари;телекомунікації та зв'язок;серверне обладнання;контролери та комплектуючі для sata, sas, scsi raid;контролери та комплектуючі для sata, sas, scsi raid;3;70304;контролери та комплектуючі для sata, sas, scsi raid;5.59%
товари;телекомунікації та зв'язок;активне мережеве обладнання;мережеві карти;мережеві карти;3;71904;мережеві карти;9.92%
товари;телекомунікації та зв'язок;пасивне мережеве обладнання;мережеві конектори, модулі та роз'єми;мережеві конектори, модулі та роз'єми;3;7190601;мережеві конектори, модулі та роз'єми;10.58%
товари;телекомунікації та зв'язок;серверне обладнання;мережеві накопичувачі;мережеві накопичувачі;3;70807;мережеві накопичувачі;8.91%
товари;телекомунікації та зв'язок;активне мережеве обладнання;модеми 3g, 4g;модеми 3g, 4g;3;50921;модеми 3g, 4g;18.98%
товари;телекомунікації та зв'язок;активне мережеве обладнання;обладнання для живлення по ethernet;обладнання для живлення по ethernet;3;50928;обладнання для живлення по ethernet;7.66%
товари;телекомунікації та зв'язок;пасивне мережеве обладнання;оптоволоконне обладнання;оптичні конвертери;4;5092006;оптичні конвертери;10.96%
товари;телекомунікації та зв'язок;пасивне мережеве обладнання;пасивне мережеве обладнання, загальне;пасивне мережеве обладнання, загальне;3;7190602;пасивне мережеве обладнання, загальне;25.00%
товари;телекомунікації та зв'язок;пасивне мережеве обладнання;патч-корди;патч-корди;3;7190604;патч-корди;10.73%
товари;телекомунікації та зв'язок;пасивне мережеве обладнання;патч-панелі;патч-панелі;3;5092902;патч-панелі;10.06%
товари;телекомунікації та зв'язок;активне мережеве обладнання;принт-сервери;принт-сервери;3;50922;принт-сервери;11.73%
товари;телекомунікації та зв'язок;телефонія;системні телефони та консолі до міні-атс;системні телефони та консолі до міні-атс;3;5090101;системні телефони та консолі до міні-атс;7.70%
товари;телекомунікації та зв'язок;телекомунікаційне обладнання, загальне;телекомунікаційне обладнання, загальне;телекомунікаційне обладнання, загальне;2;50914;телекомунікаційне обладнання, загальне;25.00%
товари;телекомунікації та зв'язок;телефонія;телефонія, загальне;телефонія, загальне;3;5090105;телефонія, загальне;25.00%
товари;телекомунікації та зв'язок;активне мережеве обладнання;трансивери;трансивери;3;71905;трансивери;11.99%
товари;техніка та електроніка;3d пристрої та аксесуари;3d принтери та 3d сканери;3d принтери та 3d сканери;3;230932;3d принтери та 3d сканери;11.64%
товари;техніка та електроніка;3d пристрої та аксесуари;3d пристрої, загальне;3d пристрої, загальне;3;500701;3d пристрої, загальне;25.00%
товари;техніка та електроніка;аудіотехніка та аксесуари;av-ресивери;av-ресивери;3;6371602;av-ресивери;13.47%
товари;техніка та електроніка;бездротовий зв'язок;bluetooth адаптери;bluetooth адаптери;3;70810;bluetooth адаптери;19.36%
товари;техніка та електроніка;комп'ютерна техніка та пз;носії інформації;dvd, bd та cd диски;4;70502;dvd, bd та cd диски;17.36%
товари;техніка та електроніка;комп'ютерна техніка та пз;комплектуючі для комп'ютерної техніки;post-карти;4;70710;post-карти;14.99%
товари;техніка та електроніка;комп'ютерна техніка та пз;комплектуючі для комп'ютерної техніки;touchscreen для дисплеїв;4;7070907;touchscreen для дисплеїв;17.51%
товари;техніка та електроніка;tv та відеотехніка;tv та відеотехніка, загальне;tv та відеотехніка, загальне;3;63799;tv та відеотехніка, загальне;25.00%
товари;техніка та електроніка;комп'ютерна техніка та пз;комплектуючі для комп'ютерної техніки;tv-тюнери та fm-тюнери;4;71402;tv-тюнери та fm-тюнери;17.51%
товари;техніка та електроніка;комп'ютерна техніка та пз;носії інформації;usb накопичувачі;4;70501;usb накопичувачі;18.20%
товари;техніка та електроніка;комп'ютерна техніка та пз;комп'ютерні аксесуари;usb пристрої та гаджети;4;71108;usb пристрої та гаджети;16.09%
товари;техніка та електроніка;комп'ютерна техніка та пз;комп'ютерні аксесуари;usb хаби;4;71106;usb хаби;19.81%
товари;техніка та електроніка;бездротовий зв'язок;wi-fi адаптери;wi-fi адаптери;3;5090509;wi-fi адаптери;10.60%
товари;техніка та електроніка;tv та відеотехніка;аксесуари для телевізорів та проекторів;wi-fi адаптери для тб;4;6370706;wi-fi адаптери для тб;15.73%
товари;техніка та електроніка;телефони та аксесуари;аксесуари для мобільних телефонів;адаптери для sim-карток;4;5090209;адаптери для sim-карток;20.48%
товари;техніка та електроніка;телефони та аксесуари;аксесуари для мобільних телефонів;кулери для телефона;4;5090335;кулери для телефона;20.48%
товари;техніка та електроніка;комп'ютерна техніка та пз;комплектуючі для комп'ютерної техніки;адаптери та плати розширення портів;4;70717;адаптери та плати розширення портів;17.51%
товари;техніка та електроніка;побутова техніка;дрібна побутова техніка для кухні;аерогрилі;4;64310;аерогрилі;15.05%
товари;техніка та електроніка;побутова техніка;кліматична техніка;аксесуари для зволожувачів та очищувачів повітря;4;61606;аксесуари для зволожувачів та очищувачів повітря;10.87%
товари;техніка та електроніка;запчастини для техніки та електроніки;запчастини та аксесуари для побутової техніки;аксесуари для зубних електрощіток, іригаторів;4;64432;аксесуари для зубних електрощіток, іригаторів;15.35%
товари;техніка та електроніка;телефони та аксесуари;аксесуари для мобільних телефонів;аксесуари для мобільних телефонів, загальне;4;5090315;аксесуари для мобільних телефонів, загальне;25.00%
товари;техніка та електроніка;tv та відеотехніка;аксесуари для телевізорів та проекторів;аксесуари для телевізорів та проекторів, загальне;4;6370713;аксесуари для телевізорів та проекторів, загальне;25.00%
товари;техніка та електроніка;фото-, відеокамери та аксесуари;аксесуари для фото-, відеокамер;аксесуари для фото-, відеокамер, загальне;4;1916;аксесуари для фото-, відеокамер, загальне;25.00%
товари;техніка та електроніка;комп'ютерна техніка та пз;комп'ютерні аксесуари;аксесуари до графічних планшетів;4;71114;аксесуари до графічних планшетів;13.88%
товари;техніка та електроніка;телефони та аксесуари;аксесуари та запчастини для розумних годинників;аксесуари та запчастини для розумних годинників;3;5090215;аксесуари та запчастини для розумних годинників;20.27%
товари;техніка та електроніка;запчастини для техніки та електроніки;запчастини та аксесуари для побутової техніки;аксесуари та запчастини до кулерів для води;4;64414;аксесуари та запчастини до кулерів для води;15.26%
товари;техніка та електроніка;комп'ютерна техніка та пз;комплектуючі для комп'ютерної техніки;акумулятори для ноутбуків, планшетів, електронних книг, перекладачів;4;52808;акумулятори для ноутбуків, планшетів, електронних книг, перекладачів;17.51%
товари;техніка та електроніка;телефони та аксесуари;комплектуючі для мобільних телефонів;акумулятори для телефонів;4;52804;акумулятори для телефонів;19.79%
товари;техніка та електроніка;фото-, відеокамери та аксесуари;аксесуари для фото-, відеокамер;акумулятори для фото-, відеокамер;4;1903;акумулятори для фото-, відеокамер;18.44%
товари;техніка та електроніка;аудіотехніка та аксесуари;акустичні системи;акустичні системи;3;518;акустичні системи;15.05%
товари;техніка та електроніка;бездротовий зв'язок;антени бездротових мереж;антени бездротових мереж;3;5090507;антени бездротових мереж;11.43%
товари;техніка та електроніка;телефони та аксесуари;комплектуючі для мобільних телефонів;антени для мобільних телефонів;4;5090211;антени для мобільних телефонів;19.40%
товари;техніка та електроніка;бездротовий зв'язок;антенні підсилювачі;антенні підсилювачі;3;5090503;антенні підсилювачі;10.97%
товари;техніка та електроніка;аудіотехніка та аксесуари;аудіо та аксесуари, загальне;аудіо та аксесуари, загальне;3;500501;аудіо та аксесуари, загальне;25.00%
товари;техніка та електроніка;комп'ютерна техніка та пз;носії інформації;аудіо-, відеокасети для запису;4;70507;аудіо-, відеокасети для запису;17.38%
товари;техніка та електроніка;комп'ютерна техніка та пз;програмне забезпечення (пз);аудіокниги, e-text книги;4;284336;аудіокниги, e-text книги;14.22%
товари;техніка та електроніка;аудіотехніка та аксесуари;батарейки;батарейки;3;1507;батарейки;19.54%
товари;техніка та електроніка;фото-, відеокамери та аксесуари;аксесуари для фото-, відеокамер;батарейні блоки для фото-, відеокамер;4;6372012;батарейні блоки для фото-, відеокамер;18.44%
товари;техніка та електроніка;бездротовий зв'язок;бездротовий зв'язок, загальне;бездротовий зв'язок, загальне;3;5090599;бездротовий зв'язок, загальне;25.00%
товари;техніка та електроніка;аудіотехніка та аксесуари;бездротові адаптери для акустичних систем;бездротові адаптери для акустичних систем;3;6372019;бездротові адаптери для акустичних систем;13.87%
товари;техніка та електроніка;побутова техніка;дрібна побутова техніка для кухні;блендери;4;64301;блендери;15.25%
товари;техніка та електроніка;фото-, відеокамери та аксесуари;аксесуари для фото-, відеокамер;бленди;4;6372011;бленди;19.35%
товари;техніка та електроніка;комп'ютерна техніка та пз;комплектуючі для комп'ютерної техніки;блоки живлення для комп'ютерів;4;70711;блоки живлення для комп'ютерів;5.17%
товари;техніка та електроніка;телефони та аксесуари;комплектуючі для мобільних телефонів;болти, шурупи для телефонів;4;5090332;болти, шурупи для телефонів;19.85%
товари;техніка та електроніка;комп'ютерна техніка та пз;програмне забезпечення (пз);бухгалтерське пз;4;28420302;бухгалтерське пз;15.20%
товари;техніка та електроніка;побутова техніка;дрібна побутова техніка для кухні;вакуумні пакувальники;4;6300420;вакуумні пакувальники;15.57%
товари;техніка та електроніка;побутова техніка;велика побутова техніка для кухні;вбудовані варильні поверхні;4;61911;вбудовані варильні поверхні;7.90%
товари;техніка та електроніка;побутова техніка;велика побутова техніка для кухні;вбудовані духові шафи;4;61903;вбудовані духові шафи;8.10%
товари;техніка та електроніка;комп'ютерна техніка та пз;комп'ютерні аксесуари;веб камери;4;70811;веб камери;19.62%
товари;техніка та електроніка;побутова техніка;велика побутова техніка для кухні;велика побутова техніка для кухні, загальне;4;62704;велика побутова техніка для кухні, загальне;25.00%
товари;техніка та електроніка;побутова техніка;кліматична техніка;вентилятори;4;618;вентилятори;10.35%
товари;техніка та електроніка;побутова техніка;побутова техніка для дому;вертикальні (акумуляторні) пилососи;4;63021;вертикальні (акумуляторні) пилососи;12.70%
товари;техніка та електроніка;фото-, відеокамери та аксесуари;аксесуари для фото-, відеокамер;видошукачі та наочники;4;6372010;видошукачі та наочники;19.35%
товари;техніка та електроніка;3d пристрої та аксесуари;витратні матеріали для 3d пристроїв;витратні матеріали для 3d пристроїв;3;500702;витратні матеріали для 3d пристроїв;16.65%
товари;техніка та електроніка;телефони та аксесуари;комплектуючі для мобільних телефонів;вібромотори для мобільних телефонів;4;5090333;вібромотори для мобільних телефонів;19.92%
товари;техніка та електроніка;фото-, відеокамери та аксесуари;студійне обладнання;відбивачі, прапори;4;500410;відбивачі, прапори;19.66%
товари;техніка та електроніка;комп'ютерна техніка та пз;ігрові консолі та приставки;відео ігри;4;180606;відео ігри;15.18%
товари;техніка та електроніка;фото-, відеокамери та аксесуари;відеотехніка;відеокамери, екшн-камери;4;1902;відеокамери, екшн-камери;13.70%
товари;техніка та електроніка;комп'ютерна техніка та пз;комплектуючі для комп'ютерної техніки;відеокарти;4;70703;відеокарти;5.04%
товари;техніка та електроніка;фото-, відеокамери та аксесуари;відеотехніка;відеотехніка, загальне;4;500405;відеотехніка, загальне;25.00%
товари;техніка та електроніка;побутова техніка;побутова техніка для дому;відпарювачі для одягу;4;63006;відпарювачі для одягу;15.18%
товари;техніка та електроніка;аудіотехніка та аксесуари;вінілові програвачі;вінілові програвачі;3;6371201;вінілові програвачі;13.06%
товари;техніка та електроніка;комп'ютерна техніка та пз;комплектуючі для комп'ютерної техніки;внутрішні та зовнішні жорсткі диски, hdd, ssd;4;70704;внутрішні та зовнішні жорсткі диски, hdd, ssd;4.98%
товари;техніка та електроніка;комп'ютерна техніка та пз;комп'ютерні аксесуари;графічні планшети;4;70804;графічні планшети;15.44%
товари;техніка та електроніка;tv та відеотехніка;супутникове, кабельне телебачення;дайсеки, підсилювачі, телевізійні розгалужувачі;4;6371703;дайсеки, підсилювачі, телевізійні розгалужувачі;16.04%
товари;техніка та електроніка;комп'ютерна техніка та пз;ігрові консолі та приставки;джойстики, геймпади та ігрові контролери;4;70801;джойстики, геймпади та ігрові контролери;14.79%
товари;техніка та електроніка;аудіотехніка та аксесуари;диктофони та аксесуари;диктофони та аксесуари;3;63704;диктофони та аксесуари;19.28%
товари;техніка та електроніка;телефони та аксесуари;комплектуючі для мобільних телефонів;дисплей, touchscreen для телефонів;4;5090313;дисплей, touchscreen для телефонів;19.59%
товари;техніка та електроніка;побутова техніка;велика побутова техніка для кухні;диспоузери та утилізатори харчових відходів;4;13240221;диспоузери та утилізатори харчових відходів;12.91%
товари;техніка та електроніка;фото-, відеокамери та аксесуари;фототехніка;дитячі цифрові фотоапарати;4;500414;дитячі цифрові фотоапарати;19.55%
товари;техніка та електроніка;комп'ютерна техніка та пз;комп'ютерні аксесуари;док-станції;4;6371205;док-станції;18.49%
товари;техніка та електроніка;tv та відеотехніка;домашні кінотеатри;домашні кінотеатри;3;635;домашні кінотеатри;9.54%
товари;техніка та електроніка;побутова техніка;побутова техніка для дому;домашні метеостанції та аксесуари;4;63013;домашні метеостанції та аксесуари;10.22%
товари;техніка та електроніка;побутова техніка;дрібна побутова техніка для кухні;дрібна побутова техніка для кухні, загальне;4;6300404;дрібна побутова техніка для кухні, загальне;25.00%
товари;техніка та електроніка;tv та відеотехніка;аксесуари для телевізорів та проекторів;ду пульти;4;623;ду пульти;20.00%
товари;техніка та електроніка;побутова техніка;дрібна побутова техніка для кухні;електричні грилі та барбекю;4;63009;електричні грилі та барбекю;15.12%
товари;техніка та електроніка;побутова техніка;дрібна побутова техніка для кухні;електричні м'ясорубки;4;63005;електричні м'ясорубки;14.99%
товари;техніка та електроніка;побутова техніка;кліматична техніка;електричні побутові та комерційні конвектори;4;61601;електричні побутові та комерційні конвектори;10.22%
товари;техніка та електроніка;комп'ютерна техніка та пз;електронні книги (пристрої);електронні книги (пристрої);3;70402;електронні книги (пристрої);8.34%
товари;техніка та електроніка;комп'ютерна техніка та пз;електронні перекладачі;електронні перекладачі;3;70405;електронні перекладачі;15.55%
товари;техніка та електроніка;побутова техніка;дрібна побутова техніка для кухні;електросковорідки та електрокаструлі;4;64303;електросковорідки та електрокаструлі;15.18%
товари;техніка та електроніка;побутова техніка;дрібна побутова техніка для кухні;електрочайники ;4;640;електрочайники ;15.12%
товари;техніка та електроніка;побутова техніка;побутова техніка для особистого користування;жіночі епілятори та електробритви;4;63010;жіночі епілятори та електробритви;16.06%
товари;техніка та електроніка;комп'ютерна техніка та пз;комп'ютерні аксесуари;замки для ноутбуків;4;71102;замки для ноутбуків;19.73%
товари;техніка та електроніка;запчастини для техніки та електроніки;запчастини та аксесуари для побутової техніки;запчастини для аерогрилів, фритюрниць;4;64429;запчастини для аерогрилів, фритюрниць;16.04%
товари;техніка та електроніка;запчастини для техніки та електроніки;запчастини та аксесуари для побутової техніки;запчастини для блендерів, міксерів;4;64426;запчастини для блендерів, міксерів;15.59%
товари;техніка та електроніка;запчастини для техніки та електроніки;запчастини та аксесуари для побутової техніки;запчастини для вафельниць та тостерів;4;64435;запчастини для вафельниць та тостерів;15.65%
товари;техніка та електроніка;запчастини для техніки та електроніки;запчастини та аксесуари для побутової техніки;запчастини для витяжок;4;64410;запчастини для витяжок;10.93%
товари;техніка та електроніка;запчастини для техніки та електроніки;комплектуючі для відеотехніки;запчастини для відеопрогравачів;4;6440605;запчастини для відеопрогравачів;19.08%
товари;техніка та електроніка;запчастини для техніки та електроніки;запчастини та аксесуари для побутової техніки;запчастини для електробритв, машинок для стрижки;4;64418;запчастини для електробритв, машинок для стрижки;15.65%
товари;техніка та електроніка;запчастини для техніки та електроніки;запчастини та аксесуари для побутової техніки;запчастини для зволожувачів, очищувачів повітря;4;64430;запчастини для зволожувачів, очищувачів повітря;11.60%
товари;техніка та електроніка;запчастини для техніки та електроніки;запчастини та аксесуари для побутової техніки;запчастини для йогуртниць, морозивниць;4;64427;запчастини для йогуртниць, морозивниць;14.81%
товари;техніка та електроніка;запчастини для техніки та електроніки;запчастини та аксесуари для побутової техніки;запчастини для кавомашин та кавомолок;4;64424;запчастини для кавомашин та кавомолок;12.79%
товари;техніка та електроніка;запчастини для техніки та електроніки;запчастини та аксесуари для побутової техніки;запчастини для кухонних комбайнів;4;64425;запчастини для кухонних комбайнів;14.74%
товари;техніка та електроніка;запчастини для техніки та електроніки;запчастини та аксесуари для побутової техніки;запчастини для кухонних плит;4;64416;запчастини для кухонних плит;10.67%
товари;техніка та електроніка;запчастини для техніки та електроніки;запчастини та аксесуари для побутової техніки;запчастини для м'ясорубок;4;64421;запчастини для м'ясорубок;14.81%
товари;техніка та електроніка;запчастини для техніки та електроніки;запчастини та аксесуари для побутової техніки;запчастини для мікрохвильових печей;4;64415;запчастини для мікрохвильових печей;14.94%
товари;техніка та електроніка;запчастини для техніки та електроніки;запчастини та аксесуари для побутової техніки;запчастини для мультиварок і мультипечей;4;64422;запчастини для мультиварок і мультипечей;15.59%
товари;техніка та електроніка;запчастини для техніки та електроніки;запчастини та аксесуари для побутової техніки;запчастини для обігрівачів та вентиляторів;4;13240125;запчастини для обігрівачів та вентиляторів;11.10%
товари;техніка та електроніка;запчастини для техніки та електроніки;запчастини та аксесуари для побутової техніки;запчастини для пилососів, пароочисників;4;64404;запчастини для пилососів, пароочисників;15.07%
товари;техніка та електроніка;запчастини для техніки та електроніки;запчастини та аксесуари для побутової техніки;запчастини для побутових скиборізок;4;64434;запчастини для побутових скиборізок;12.75%
товари;техніка та електроніка;запчастини для техніки та електроніки;запчастини та аксесуари для побутової техніки;запчастини для побутових швейних машин;4;64417;запчастини для побутових швейних машин;15.46%
товари;техніка та електроніка;запчастини для техніки та електроніки;запчастини та аксесуари для побутової техніки;запчастини для посудомийних машин;4;64408;запчастини для посудомийних машин;11.60%
товари;техніка та електроніка;запчастини для техніки та електроніки;запчастини та аксесуари для побутової техніки;запчастини для пральних та сушильних машин;4;64403;запчастини для пральних та сушильних машин;10.87%
товари;техніка та електроніка;запчастини для техніки та електроніки;запчастини та аксесуари для побутової техніки;запчастини для прасок;4;64419;запчастини для прасок;15.65%
товари;техніка та електроніка;запчастини для техніки та електроніки;комплектуючі для відеотехніки;запчастини для проекторів;4;6440602;запчастини для проекторів;16.28%
товари;техніка та електроніка;запчастини для техніки та електроніки;запчастини та аксесуари для побутової техніки;запчастини для соковитискачів ;4;64423;запчастини для соковитискачів ;15.07%
товари;техніка та електроніка;tv та відеотехніка;супутникове, кабельне телебачення;запчастини для супутникового обладнання;4;6371707;запчастини для супутникового обладнання;19.28%
товари;техніка та електроніка;запчастини для техніки та електроніки;комплектуючі для відеотехніки;запчастини для телевізорів та моніторів;4;6440601;запчастини для телевізорів та моніторів;19.08%
товари;техніка та електроніка;запчастини для техніки та електроніки;запчастини для техніки та електроніки, загальне;запчастини для техніки та електроніки, загальне;3;500601;запчастини для техніки та електроніки, загальне;25.00%
товари;техніка та електроніка;фото-, відеокамери та аксесуари;запчастини для фото-, відеокамер;запчастини для фото-, відеокамер;3;1915;запчастини для фото-, відеокамер;16.73%
товари;техніка та електроніка;запчастини для техніки та електроніки;запчастини та аксесуари для побутової техніки;запчастини для хлібопічок;4;64405;запчастини для хлібопічок;15.46%
товари;техніка та електроніка;запчастини для техніки та електроніки;запчастини та аксесуари для побутової техніки;запчастини для холодильників;4;64409;запчастини для холодильників;10.67%
товари;техніка та електроніка;запчастини для техніки та електроніки;запчастини та аксесуари для побутової техніки;запчастини для чайників, термопотів;4;64428;запчастини для чайників, термопотів;15.52%
товари;техніка та електроніка;запчастини для техніки та електроніки;запчастини та аксесуари для побутової техніки;запчастини до овочесушарок;4;64433;запчастини до овочесушарок;14.94%
товари;техніка та електроніка;запчастини для техніки та електроніки;запчастини та аксесуари для аудіотехніки;запчастини та аксесуари для аудіотехніки;3;6371203;запчастини та аксесуари для аудіотехніки;14.96%
товари;техніка та електроніка;запчастини для техніки та електроніки;запчастини та аксесуари для побутової техніки;запчастини та аксесуари для побутових грилів;4;64436;запчастини та аксесуари для побутових грилів;15.21%
товари;техніка та електроніка;запчастини для техніки та електроніки;запчастини та аксесуари для побутової техніки;запчастини та аксесуари для побутових кондиціонерів;4;60108;запчастини та аксесуари для побутових кондиціонерів;11.60%
товари;техніка та електроніка;запчастини для техніки та електроніки;запчастини та аксесуари для побутової техніки;запчастини та аксесуари для побутової техніки, загальне;4;64402;запчастини та аксесуари для побутової техніки, загальне;25.00%
товари;техніка та електроніка;запчастини для техніки та електроніки;запчастини та аксесуари для побутової техніки;запчастини та аксесуари до приладів для укладання волосся;4;64431;запчастини та аксесуари до приладів для укладання волосся;15.46%
товари;техніка та електроніка;фото-, відеокамери та аксесуари;запчастини та комплектуючі для квадрокоптерів;запчастини та комплектуючі для квадрокоптерів;3;500415;запчастини та комплектуючі для квадрокоптерів;1.00%
товари;техніка та електроніка;комп'ютерна техніка та пз;комплектуючі для комп'ютерної техніки;зарядні пристрої для ноутбуків;4;7070901;зарядні пристрої для ноутбуків;17.51%
товари;техніка та електроніка;телефони та аксесуари;аксесуари для мобільних телефонів;зарядні пристрої для смартфонів та планшетів;4;5090319;зарядні пристрої для смартфонів та планшетів;20.22%
товари;техніка та електроніка;фото-, відеокамери та аксесуари;аксесуари для фото-, відеокамер;зарядні пристрої для фото-, відеокамер;4;6372006;зарядні пристрої для фото-, відеокамер;18.96%
товари;техніка та електроніка;повербанки та зарядні станції;зарядні станції;зарядні станції;3;500901;зарядні станції;13.00%
товари;техніка та електроніка;фото-, відеокамери та аксесуари;аксесуари для фото-, відеокамер;захисні бокси та пакети;4;6372014;захисні бокси та пакети;15.64%
товари;техніка та електроніка;телефони та аксесуари;аксесуари для мобільних телефонів;захисні плівки та скло для портативних пристроїв;4;5090318;захисні плівки та скло для портативних пристроїв;20.35%
товари;техніка та електроніка;побутова техніка;кліматична техніка;зволожувачі та очищувачі повітря;4;625;зволожувачі та очищувачі повітря;9.63%
товари;техніка та електроніка;телефони та аксесуари;комплектуючі для мобільних телефонів;звукові запчастини для мобільних телефонів;4;5090321;звукові запчастини для мобільних телефонів;19.92%
товари;техніка та електроніка;комп'ютерна техніка та пз;комплектуючі для комп'ютерної техніки;звукові запчастини для портативних пк;4;70715;звукові запчастини для портативних пк;14.99%
товари;техніка та електроніка;комп'ютерна техніка та пз;комплектуючі для комп'ютерної техніки;звукові карти;4;71403;звукові карти;14.19%
товари;техніка та електроніка;фото-, відеокамери та аксесуари;аксесуари для фото-, відеокамер;знімні об'єктиви;4;1906;знімні об'єктиви;19.41%
товари;техніка та електроніка;побутова техніка;побутова техніка для особистого користування;зубні електрощітки, іригатори;4;63301;зубні електрощітки, іригатори;16.12%
товари;техніка та електроніка;комп'ютерна техніка та пз;ігрові консолі та приставки;ігрові приставки;4;180603;ігрові приставки;12.55%
товари;техніка та електроніка;комп'ютерна техніка та пз;ігрові консолі та приставки;ігрові приставки та комплектуючі, загальне;4;71801;ігрові приставки та комплектуючі, загальне;25.00%
товари;техніка та електроніка;телефони та аксесуари;інструмент для ремонту мобільних пристроїв;інструмент для ремонту мобільних пристроїв;3;5090216;інструмент для ремонту мобільних пристроїв;11.86%
товари;техніка та електроніка;побутова техніка;кліматична техніка;інфрачервоні та каталітичні обігрівачі;4;62601;інфрачервоні та каталітичні обігрівачі;10.48%
товари;техніка та електроніка;побутова техніка;дрібна побутова техніка для кухні;йогуртниці, морозивниці;4;64311;йогуртниці, морозивниці;12.55%
товари;техніка та електроніка;tv та відеотехніка;аксесуари для телевізорів та проекторів;кабелі для електроніки;4;63719;кабелі для електроніки;15.00%
товари;техніка та електроніка;побутова техніка;дрібна побутова техніка для кухні;кавоварки та кавомашини;4;638;кавоварки та кавомашини;13.36%
товари;техніка та електроніка;побутова техніка;дрібна побутова техніка для кухні;кавомолки;4;6300401;кавомолки;15.05%
товари;техніка та електроніка;телефони та аксесуари;комплектуючі для мобільних телефонів;камери для мобільних телефонів;4;5090214;камери для мобільних телефонів;19.79%
товари;техніка та електроніка;комп'ютерна техніка та пз;комплектуючі для комп'ютерної техніки;камери для портативних пк;4;70714;камери для портативних пк;14.99%
товари;техніка та електроніка;комп'ютерна техніка та пз;носії інформації;карти пам'яті;4;63705;карти пам'яті;17.81%
товари;техніка та електроніка;комп'ютерна техніка та пз;принтери, сканери, бфп та комплектуючі;картриджі, фотобарабани;4;71001;картриджі, фотобарабани;13.30%
товари;техніка та електроніка;комп'ютерна техніка та пз;комп'ютерні аксесуари;картридери;4;70809;картридери;19.60%
товари;техніка та електроніка;фото-, відеокамери та аксесуари;квадрокоптери;квадрокоптери;3;2657;квадрокоптери;9.50%
товари;техніка та електроніка;комп'ютерна техніка та пз;комп'ютерні аксесуари;килимки для миші;4;71105;килимки для миші;16.10%
товари;техніка та електроніка;побутова техніка;побутова техніка для дому;килимки з підігрівом;4;62612;килимки з підігрівом;16.39%
товари;техніка та електроніка;комп'ютерна техніка та пз;комп'ютерні аксесуари;кишені для жорстких дисків;4;71110;кишені для жорстких дисків;19.88%
товари;техніка та електроніка;телефони та аксесуари;комплектуючі для мобільних телефонів;клавіатурні блоки для мобільних телефонів;4;5090310;клавіатурні блоки для мобільних телефонів;19.53%
товари;техніка та електроніка;комп'ютерна техніка та пз;комплектуючі для комп'ютерної техніки;клавіатурні блоки для ноутбуків;4;7070903;клавіатурні блоки для ноутбуків;17.51%
товари;техніка та електроніка;побутова техніка;кліматична техніка;кліматичне обладнання, загальне;4;61603;кліматичне обладнання, загальне;25.00%
товари;техніка та електроніка;побутова техніка;кліматична техніка;кліматичні комплекси;4;61605;кліматичні комплекси;9.50%
товари;техніка та електроніка;телефони та аксесуари;комплектуючі для мобільних телефонів;кнопки та джойстики для мобільних телефонів;4;5090210;кнопки та джойстики для мобільних телефонів;19.53%
товари;техніка та електроніка;комп'ютерна техніка та пз;комп'ютерна техніка, загальне;комп'ютерна техніка, загальне;3;717;комп'ютерна техніка, загальне;25.00%
товари;техніка та електроніка;комп'ютерна техніка та пз;комп'ютерні аксесуари;комп'ютерні аксесуари, загальне;4;71103;комп'ютерні аксесуари, загальне;25.00%
товари;техніка та електроніка;комп'ютерна техніка та пз;комп'ютерні аксесуари;комп'ютерні клавіатури;4;71113;комп'ютерні клавіатури;13.88%
товари;техніка та електроніка;комп'ютерна техніка та пз;комплектуючі для комп'ютерної техніки;комп'ютерні комплектуючі, загальне;4;70707;комп'ютерні комплектуючі, загальне;25.00%
товари;техніка та електроніка;комп'ютерна техніка та пз;комп'ютерні аксесуари;комп'ютерні миші ;4;70805;комп'ютерні миші ;13.88%
товари;техніка та електроніка;комп'ютерна техніка та пз;комп'ютерні аксесуари;комп'ютерні підставки для рук;4;71112;комп'ютерні підставки для рук;16.56%
товари;техніка та електроніка;tv та відеотехніка;супутникове, кабельне телебачення;комплекти для супутникового телебачення;4;6371706;комплекти для супутникового телебачення;19.28%
товари;техніка та електроніка;3d пристрої та аксесуари;комплектуючі для 3d пристроїв;комплектуючі для 3d пристроїв;3;500704;комплектуючі для 3d пристроїв;13.55%
товари;техніка та електроніка;запчастини для техніки та електроніки;комплектуючі для відеотехніки;комплектуючі для відеотехніки, загальне;4;6440603;комплектуючі для відеотехніки, загальне;25.00%
товари;техніка та електроніка;комп'ютерна техніка та пз;комплектуючі для комп'ютерної техніки;комплектуючі для маршрутизаторів;4;71111;комплектуючі для маршрутизаторів;10.71%
товари;техніка та електроніка;комп'ютерна техніка та пз;комплектуючі для комп'ютерної техніки;комплектуючі для матриць та дисплеїв;4;70718;комплектуючі для матриць та дисплеїв;14.99%
товари;техніка та електроніка;телефони та аксесуари;комплектуючі для мобільних телефонів;комплектуючі для мобільних телефонів, загальне;4;5090311;комплектуючі для мобільних телефонів, загальне;25.00%
товари;техніка та електроніка;комп'ютерна техніка та пз;ігрові консолі та приставки;комплектуючі до ігрових приставок;4;71802;комплектуючі до ігрових приставок;14.79%
товари;техніка та електроніка;фото-, відеокамери та аксесуари;аксесуари для фото-, відеокамер;конвертери, перехідники для об'єктивів;4;6372005;конвертери, перехідники для об'єктивів;19.35%
товари;техніка та електроніка;побутова техніка;кліматична техніка;кондиціонери;4;601;кондиціонери;9.50%
товари;техніка та електроніка;телефони та аксесуари;комплектуючі для мобільних телефонів;конектори для мобільних телефонів;4;5090212;конектори для мобільних телефонів;19.66%
товари;техніка та електроніка;комп'ютерна техніка та пз;комплектуючі для комп'ютерної техніки;корпуси для комп'ютерів;4;720;корпуси для комп'ютерів;5.17%
товари;техніка та електроніка;комп'ютерна техніка та пз;комплектуючі для комп'ютерної техніки;корпуси для планшетів;4;70713;корпуси для планшетів;14.99%
товари;техніка та електроніка;телефони та аксесуари;комплектуючі для мобільних телефонів;корпуси для телефонів;4;5090312;корпуси для телефонів;19.72%
товари;техніка та електроніка;побутова техніка;побутова техніка для особистого користування;косметичні апарати для домашнього використання;4;282990;косметичні апарати для домашнього використання;13.65%
товари;техніка та електроніка;фото-, відеокамери та аксесуари;аксесуари для фото-, відеокамер;кришки для об'єктивів;4;6372016;кришки для об'єктивів;19.35%
товари;техніка та електроніка;tv та відеотехніка;аксесуари для телевізорів та проекторів;кріплення та ліфти для побутової, цифрової техніки;4;63708;кріплення та ліфти для побутової, цифрової техніки;19.22%
товари;техніка та електроніка;побутова техніка;велика побутова техніка для кухні;кулери для води, пурифаєри;4;610;кулери для води, пурифаєри;11.81%
товари;техніка та електроніка;комп'ютерна техніка та пз;комплектуючі для комп'ютерної техніки;кулери та системи охолодження;4;70708;кулери та системи охолодження;5.17%
товари;техніка та електроніка;побутова техніка;дрібна побутова техніка для кухні;кухонні ваги;4;15230411;кухонні ваги;15.64%
товари;техніка та електроніка;побутова техніка;велика побутова техніка для кухні;кухонні витяжки;4;642;кухонні витяжки;9.92%
товари;техніка та електроніка;побутова техніка;дрібна побутова техніка для кухні;кухонні комбайни та подрібнювачі;4;64302;кухонні комбайни та подрібнювачі;13.56%
товари;техніка та електроніка;побутова техніка;велика побутова техніка для кухні;кухонні плити;4;641;кухонні плити;14.59%
товари;техніка та електроніка;комп'ютерна техніка та пз;комплектуючі для комп'ютерної техніки;материнські плати;4;70702;материнські плати;5.11%
товари;техніка та електроніка;комп'ютерна техніка та пз;комплектуючі для комп'ютерної техніки;матриці для ноутбуків, планшетів та моніторів;4;7070902;матриці для ноутбуків, планшетів та моніторів;17.51%
товари;техніка та електроніка;побутова техніка;побутова техніка для дому;машинки для видалення ковтунців з одягу;4;63020;машинки для видалення ковтунців з одягу;15.54%
товари;техніка та електроніка;побутова техніка;побутова техніка для особистого користування;машинки для стрижки волосся та тримери;4;28290204;машинки для стрижки волосся та тримери;16.12%
товари;техніка та електроніка;tv та відеотехніка;медіаплеєри;медіаплеєри;3;6370902;медіаплеєри;15.14%
товари;техніка та електроніка;аудіотехніка та аксесуари;мережеві аудіо програвачі;мережеві аудіо програвачі;3;6370602;мережеві аудіо програвачі;12.74%
товари;техніка та електроніка;комп'ютерна техніка та пз;комплектуючі для комп'ютерної техніки;мікросхеми;4;70716;мікросхеми;15.56%
товари;техніка та електроніка;телефони та аксесуари;комплектуючі для мобільних телефонів;мікросхеми та плати для мобільних телефонів;4;5090213;мікросхеми та плати для мобільних телефонів;19.53%
товари;техніка та електроніка;аудіотехніка та аксесуари;мікрофони;мікрофони;3;6371204;мікрофони;14.64%
товари;техніка та електроніка;побутова техніка;велика побутова техніка для кухні;мікрохвильові печі;4;605;мікрохвильові печі;12.58%
товари;техніка та електроніка;побутова техніка;дрібна побутова техніка для кухні;міксери;4;612;міксери;15.25%
товари;техніка та електроніка;комп'ютерна техніка та пз;монітори;монітори;3;706;монітори;11.87%
товари;техніка та електроніка;побутова техніка;велика побутова техніка для кухні;морозильні камери;4;62701;морозильні камери;9.58%
товари;техніка та електроніка;бездротовий зв'язок;мости, шлюзи бездротових мереж;мости, шлюзи бездротових мереж;3;5090506;мости, шлюзи бездротових мереж;14.87%
товари;техніка та електроніка;аудіотехніка та аксесуари;музичні центри, магнітоли;музичні центри, магнітоли;3;6370605;музичні центри, магнітоли;14.78%
товари;техніка та електроніка;побутова техніка;дрібна побутова техніка для кухні;мультиварки, рисоварки;4;606;мультиварки, рисоварки;15.18%
товари;техніка та електроніка;побутова техніка;дрібна побутова техніка для кухні;мультипекарі;4;6300413;мультипекарі;15.38%
товари;техніка та електроніка;побутова техніка;дрібна побутова техніка для кухні;мультипечі;4;6300424;мультипечі;15.65%
товари;техніка та електроніка;запчастини для техніки та електроніки;набори та компоненти для самостійного збирання електроніки;набори та компоненти для самостійного збирання електроніки;3;500602;набори та компоненти для самостійного збирання електроніки;10.18%
товари;техніка та електроніка;комп'ютерна техніка та пз;програмне забезпечення (пз);навігаційне пз;4;5091002;навігаційне пз;14.68%
товари;техніка та електроніка;аудіотехніка та аксесуари;навушники та гарнітури;навушники та гарнітури;3;63715;навушники та гарнітури;19.88%
товари;техніка та електроніка;комп'ютерна техніка та пз;програмне забезпечення (пз);навчальні програми, словники, перекладачі;4;28420305;навчальні програми, словники, перекладачі;15.07%
товари;техніка та електроніка;фото-, відеокамери та аксесуари;відеотехніка;накамерні монітори;4;6371821;накамерні монітори;18.51%
товари;техніка та електроніка;побутова техніка;велика побутова техніка для кухні;настільні електропечі, електродуховки;4;6300407;настільні електропечі, електродуховки;13.43%
товари;техніка та електроніка;комп'ютерна техніка та пз;настільні комп'ютери;настільні комп'ютери;3;701;настільні комп'ютери;9.30%
товари;техніка та електроніка;комп'ютерна техніка та пз;носії інформації;носії інформації, загальне;4;70503;носії інформації, загальне;25.00%
товари;техніка та електроніка;комп'ютерна техніка та пз;ноутбуки;ноутбуки;3;702;ноутбуки;5.00%
товари;техніка та електроніка;телефони та аксесуари;все для selfie;об'єктиви для телефонів;4;5090219;об'єктиви для телефонів;20.08%
товари;техніка та електроніка;бездротовий зв'язок;обладнання для бездротових мереж;обладнання для бездротових мереж;3;5090504;обладнання для бездротових мереж;13.33%
товари;техніка та електроніка;комп'ютерна техніка та пз;обладнання для майнінгу;обладнання для майнінгу;3;722;обладнання для майнінгу;5.26%
товари;техніка та електроніка;фото-, відеокамери та аксесуари;студійне обладнання;обладнання для предметної фотозйомки;4;500412;обладнання для предметної фотозйомки;18.97%
товари;техніка та електроніка;обладнання для супутникового інтернету;обладнання для супутникового інтернету;обладнання для супутникового інтернету;2;5008;обладнання для супутникового інтернету;10.45%
товари;техніка та електроніка;tv та відеотехніка;супутникове, кабельне телебачення;обладнання для супутникового телебачення, загальне;4;6371705;обладнання для супутникового телебачення, загальне;25.00%
товари;техніка та електроніка;комп'ютерна техніка та пз;одноплатні комп'ютери та неттопи;одноплатні комп'ютери та неттопи;3;723;одноплатні комп'ютери та неттопи;13.75%
товари;техніка та електроніка;tv та відеотехніка;аксесуари для телевізорів та проекторів;окуляри віртуальної реальності (vr окуляри);4;151201;окуляри віртуальної реальності (vr окуляри);15.73%
товари;техніка та електроніка;комп'ютерна техніка та пз;комплектуючі для комп'ютерної техніки;оперативна пам'ять;4;70705;оперативна пам'ять;5.04%
товари;техніка та електроніка;комп'ютерна техніка та пз;програмне забезпечення (пз);операційні системи та утиліти;4;28420310;операційні системи та утиліти;15.00%
товари;техніка та електроніка;комп'ютерна техніка та пз;комплектуючі для комп'ютерної техніки;оптичні приводи;4;70706;оптичні приводи;5.17%
товари;техніка та електроніка;побутова техніка;кліматична техніка;осушувачі повітря;4;624;осушувачі повітря;10.22%
товари;техніка та електроніка;комп'ютерна техніка та пз;програмне забезпечення (пз);офісне пз;4;28420308;офісне пз;15.07%
товари;техніка та електроніка;побутова техніка;дрібна побутова техніка для кухні;пароварки;4;15230308;пароварки;14.84%
товари;техніка та електроніка;побутова техніка;побутова техніка для дому;пароочисники;4;63022;пароочисники;14.70%
товари;техніка та електроніка;комп'ютерна техніка та пз;програмне забезпечення (пз);пз для мультимедіа;4;28420303;пз для мультимедіа;15.00%
товари;техніка та електроніка;комп'ютерна техніка та пз;програмне забезпечення (пз);пз для сфери надання послуг;4;712;пз для сфери надання послуг;15.20%
товари;техніка та електроніка;побутова техніка;побутова техніка для дому;пилососи;4;608;пилососи;13.98%
товари;техніка та електроніка;побутова техніка;побутова техніка для особистого користування;підлогові ваги;4;154004;підлогові ваги;16.19%
товари;техніка та електроніка;телефони та аксесуари;все для selfie;підсвітка та спалах для селфі;4;5090218;підсвітка та спалах для селфі;19.69%
товари;техніка та електроніка;аудіотехніка та аксесуари;підсилювачі звуку;підсилювачі звуку;3;63701;підсилювачі звуку;14.59%
товари;техніка та електроніка;комп'ютерна техніка та пз;комп'ютерні аксесуари;підставки для ноутбуків;4;71107;підставки для ноутбуків;19.75%
товари;техніка та електроніка;аудіотехніка та аксесуари;підставки-тримачі для портативних пристроїв;підставки-тримачі для портативних пристроїв;3;121226;підставки-тримачі для портативних пристроїв;20.21%
товари;техніка та електроніка;комп'ютерна техніка та пз;планшети;планшети;3;70105;планшети;8.75%
товари;техніка та електроніка;аудіотехніка та аксесуари;плеєри mp3, mp4;плеєри mp3, mp4;3;63710;плеєри mp3, mp4;19.49%
товари;техніка та електроніка;побутова техніка;побутова техніка для дому;побутова техніка для дому, загальне;4;63011;побутова техніка для дому, загальне;25.00%
товари;техніка та електроніка;побутова техніка;побутова техніка для особистого користування;побутова техніка для особистого користування, загальне;4;63309;побутова техніка для особистого користування, загальне;25.00%
товари;техніка та електроніка;побутова техніка;побутова техніка, загальне;побутова техніка, загальне;3;628;побутова техніка, загальне;25.00%
товари;техніка та електроніка;побутова техніка;кліматична техніка;побутові масляні обігрівачі;4;13240108;побутові масляні обігрівачі;10.09%
товари;техніка та електроніка;побутова техніка;дрібна побутова техніка для кухні;побутові мініпивоварні;4;6300409;побутові мініпивоварні;14.66%
товари;техніка та електроніка;побутова техніка;побутова техніка для дому;побутові озонатори;4;63019;побутові озонатори;11.90%
товари;техніка та електроніка;повербанки та зарядні станції;повербанки;повербанки;3;71109;повербанки;17.92%
товари;техніка та електроніка;повербанки та зарядні станції;повербанки та зарядні станції, загальне;повербанки та зарядні станції, загальне;3;500902;повербанки та зарядні станції, загальне;25.00%
товари;техніка та електроніка;аудіотехніка та аксесуари;портативні колонки;портативні колонки;3;6371101;портативні колонки;13.90%
товари;техніка та електроніка;побутова техніка;велика побутова техніка для кухні;посудомийні машини;4;615;посудомийні машини;9.58%
товари;техніка та електроніка;побутова техніка;побутова техніка для дому;пральні машини;4;603;пральні машини;7.80%
товари;техніка та електроніка;побутова техніка;побутова техніка для дому;праски та прасувальні системи;4;609;праски та прасувальні системи;15.28%
товари;техніка та електроніка;телефони та аксесуари;аксесуари для мобільних телефонів;прикраси для мобільних телефонів;4;5090314;прикраси для мобільних телефонів;23.47%
товари;техніка та електроніка;побутова техніка;побутова техніка для особистого користування;прилади для укладання волосся;4;63303;прилади для укладання волосся;14.95%
товари;техніка та електроніка;комп'ютерна техніка та пз;принтери, сканери, бфп та комплектуючі;принтери, сканери, бфп;4;70812;принтери, сканери, бфп;14.27%
товари;техніка та електроніка;комп'ютерна техніка та пз;принтери, сканери, бфп та комплектуючі;принтери, сканери, бфп та комплектуючі, загальне;4;71002;принтери, сканери, бфп та комплектуючі, загальне;25.00%
товари;техніка та електроніка;побутова техніка;побутова техніка для особистого користування;пристрої для чищення вух;4;63312;пристрої для чищення вух;14.63%
товари;техніка та електроніка;комп'ютерна техніка та пз;програмне забезпечення (пз);програми антивіруси та захист інформації;4;28420313;програми антивіруси та захист інформації;15.20%
товари;техніка та електроніка;комп'ютерна техніка та пз;програмне забезпечення (пз);програмне забезпечення (пз), загальне;4;28420301;програмне забезпечення (пз), загальне;25.00%
товари;техніка та електроніка;tv та відеотехніка;проектори;проектори;3;6370701;проектори;18.30%
товари;техніка та електроніка;побутова техніка;дрібна побутова техніка для кухні;пророщувачі насіння;4;6300417;пророщувачі насіння;14.92%
товари;техніка та електроніка;комп'ютерна техніка та пз;комплектуючі для комп'ютерної техніки;процесори;4;70701;процесори;10.41%
товари;техніка та електроніка;бездротовий зв'язок;радари та деталі;радари та деталі;3;5090501;радари та деталі;14.74%
товари;техніка та електроніка;аудіотехніка та аксесуари;радіоприймачі;радіоприймачі;3;632;радіоприймачі;16.20%
товари;техніка та електроніка;tv та відеотехніка;супутникове, кабельне телебачення;ресивери цифрового телебачення;4;6370603;ресивери цифрового телебачення;19.43%
товари;техніка та електроніка;фото-, відеокамери та аксесуари;студійне обладнання;рефлектори та стільники;4;500413;рефлектори та стільники;19.69%
товари;техніка та електроніка;побутова техніка;побутова техніка для дому;роботи для миття вікон;4;14200312;роботи для миття вікон;14.44%
товари;техніка та електроніка;побутова техніка;побутова техніка для дому;роботи-пилососи;4;63023;роботи-пилососи;12.83%
товари;техніка та електроніка;бездротовий зв'язок;роутери;роутери;3;71902;роутери;9.50%
товари;техніка та електроніка;побутова техніка;побутова техніка для особистого користування;сауни для обличчя;4;63307;сауни для обличчя;14.63%
товари;техніка та електроніка;фото-, відеокамери та аксесуари;аксесуари для фото-, відеокамер;світлофільтри;4;6372007;світлофільтри;19.35%
товари;техніка та електроніка;фото-, відеокамери та аксесуари;аксесуари для фото-, відеокамер;синхронізатори та пульти;4;6372022;синхронізатори та пульти;19.67%
товари;техніка та електроніка;комп'ютерна техніка та пз;принтери, сканери, бфп та комплектуючі;система безперервної подачі чорнила;4;71004;система безперервної подачі чорнила;11.80%
товари;техніка та електроніка;комп'ютерна техніка та пз;програмне забезпечення (пз);системи програмування, субд;4;28420314;системи програмування, субд;14.22%
товари;техніка та електроніка;побутова техніка;дрібна побутова техніка для кухні;скиборізки;4;63003;скиборізки;15.25%
товари;техніка та електроніка;телефони та аксесуари;смарт-годинники ;смарт-годинники ;3;721;смарт-годинники ;15.00%
товари;техніка та електроніка;телефони та аксесуари;смартфони та мобільні телефони;смартфони та мобільні телефони;3;5090301;смартфони та мобільні телефони;7.91%
товари;техніка та електроніка;побутова техніка;дрібна побутова техніка для кухні;соковижималки;4;611;соковижималки;11.60%
товари;техніка та електроніка;фото-, відеокамери та аксесуари;студійне обладнання;софтбокси та парасолі;4;500409;софтбокси та парасолі;19.66%
товари;техніка та електроніка;фото-, відеокамери та аксесуари;аксесуари для фото-, відеокамер;спалахи та накамерне світло;4;39050101;спалахи та накамерне світло;19.35%
товари;техніка та електроніка;побутова техніка;дрібна побутова техніка для кухні;спінювачі;4;6300422;спінювачі;15.44%
товари;техніка та електроніка;телефони та аксесуари;аксесуари для мобільних телефонів;стартові пакети та картки поповнення рахунку;4;5090207;стартові пакети та картки поповнення рахунку;16.70%
товари;техніка та електроніка;телефони та аксесуари;стаціонарні телефони;стаціонарні телефони;3;5090201;стаціонарні телефони;10.56%
товари;техніка та електроніка;телефони та аксесуари;комплектуючі для мобільних телефонів;стилуси;4;5090320;стилуси;19.72%
товари;техніка та електроніка;фото-, відеокамери та аксесуари;студійне обладнання;студійне обладнання, загальне;4;500407;студійне обладнання, загальне;25.00%
товари;техніка та електроніка;фото-, відеокамери та аксесуари;студійне обладнання;студійне світло;4;500408;студійне світло;18.97%
товари;техніка та електроніка;комп'ютерна техніка та пз;комп'ютерні аксесуари;сумки та бокси для cd;4;152408;сумки та бокси для cd;19.08%
товари;техніка та електроніка;комп'ютерна техніка та пз;комп'ютерні аксесуари;сумки та рюкзаки для ноутбуків;4;380110;сумки та рюкзаки для ноутбуків;19.81%
товари;техніка та електроніка;фото-, відеокамери та аксесуари;аксесуари для фото-, відеокамер;сумки, ремені для фото-, відеокамер;4;380210;сумки, ремені для фото-, відеокамер;19.35%
товари;техніка та електроніка;tv та відеотехніка;супутникове, кабельне телебачення;супутникові конвертери;4;6371702;супутникові конвертери;19.28%
товари;техніка та електроніка;побутова техніка;побутова техніка для дому;сушарки для взуття;4;63018;сушарки для взуття;15.35%
товари;техніка та електроніка;побутова техніка;дрібна побутова техніка для кухні;сушарки для овочів і фруктів;4;6300403;сушарки для овочів і фруктів;12.91%
товари;техніка та електроніка;побутова техніка;побутова техніка для дому;сушильні машини для білизни;4;62702;сушильні машини для білизни;8.60%
товари;техніка та електроніка;tv та відеотехніка;аксесуари для телевізорів та проекторів;телевізійні антени;4;5090510;телевізійні антени;19.94%
товари;техніка та електроніка;tv та відеотехніка;телевізори;телевізори;3;6370714;телевізори;8.16%
товари;техніка та електроніка;телефони та аксесуари;телефони та аксесуари, загальне;телефони та аксесуари, загальне;3;5090204;телефони та аксесуари, загальне;25.00%
товари;техніка та електроніка;побутова техніка;кліматична техніка;тепловентилятори;4;62611;тепловентилятори;10.54%
товари;техніка та електроніка;побутова техніка;дрібна побутова техніка для кухні;термопоти;4;6300423;термопоти;15.12%
товари;техніка та електроніка;комп'ютерна техніка та пз;комплектуючі для комп'ютерної техніки;термопрокладки й термопаста;4;71007;термопрокладки й термопаста;10.71%
товари;техніка та електроніка;комп'ютерна техніка та пз;принтери, сканери, бфп та комплектуючі;тонер та чорнила для друку;4;71003;тонер та чорнила для друку;15.38%
товари;техніка та електроніка;побутова техніка;дрібна побутова техніка для кухні;тостери;4;639;тостери;14.66%
товари;техніка та електроніка;побутова техніка;побутова техніка для дому;ультразвукові пральні машини;4;60304;ультразвукові пральні машини;12.53%
товари;техніка та електроніка;побутова техніка;побутова техніка для особистого користування;фени для волосся;4;617;фени для волосся;15.73%
товари;техніка та електроніка;фото-, відеокамери та аксесуари;студійне обладнання;фони та системи встановлення;4;500411;фони та системи встановлення;21.52%
товари;техніка та електроніка;фото-, відеокамери та аксесуари;аксесуари для фото-, відеокамер;фото- та відеоплівка;4;1908;фото- та відеоплівка;19.35%
товари;техніка та електроніка;фото-, відеокамери та аксесуари;фото-, відеокамери та аксесуари, загальне;фото-, відеокамери та аксесуари, загальне;3;500401;фото-, відеокамери та аксесуари, загальне;25.00%
товари;товари для дому;декор для дому;фотоальбоми;фотоальбоми;3;1905;фотоальбоми;15.44%
товари;техніка та електроніка;фото-, відеокамери та аксесуари;фототехніка;фотоапарати;4;1909;фотоапарати;15.72%
товари;техніка та електроніка;фото-, відеокамери та аксесуари;фототехніка;фототехніка, загальне;4;500404;фототехніка, загальне;25.00%
товари;техніка та електроніка;побутова техніка;дрібна побутова техніка для кухні;фритюрниці;4;64306;фритюрниці;15.18%
товари;техніка та електроніка;побутова техніка;дрібна побутова техніка для кухні;хлібопечі;4;63007;хлібопечі;13.23%
товари;техніка та електроніка;побутова техніка;велика побутова техніка для кухні;холодильники;4;602;холодильники;9.58%
товари;техніка та електроніка;побутова техніка;велика побутова техніка для кухні;холодильники для вина;4;60204;холодильники для вина;11.02%
товари;техніка та електроніка;комп'ютерна техніка та пз;комплектуючі для комп'ютерної техніки;частини корпусу ноутбука;4;7070908;частини корпусу ноутбука;17.51%
товари;техніка та електроніка;tv та відеотехніка;аксесуари для телевізорів та проекторів;чистячі засоби для цифрової техніки;4;6370709;чистячі засоби для цифрової техніки;20.00%
товари;техніка та електроніка;побутова техніка;побутова техніка для особистого користування;чоловічі електробритви ;4;3314;чоловічі електробритви ;16.12%
товари;техніка та електроніка;комп'ютерна техніка та пз;комп'ютерні аксесуари;чохли для зовнішніх hdd;4;380203;чохли для зовнішніх hdd;19.94%
товари;техніка та електроніка;комп'ютерна техніка та пз;ігрові консолі та приставки;чохли для ігрових приставок;4;380204;чохли для ігрових приставок;14.79%
товари;техніка та електроніка;комп'ютерна техніка та пз;комп'ютерні аксесуари;чохли для планшетів, електронних книг;4;380201;чохли для планшетів, електронних книг;19.75%
товари;техніка та електроніка;tv та відеотехніка;аксесуари для телевізорів та проекторів;чохли для пультів;4;6370717;чохли для пультів;20.00%
товари;техніка та електроніка;телефони та аксесуари;аксесуари для мобільних телефонів;чохли для телефонів;4;380230;чохли для телефонів;20.29%
товари;техніка та електроніка;аудіотехніка та аксесуари; чохли та футляри для навушників; чохли та футляри для навушників;3;500502; чохли та футляри для навушників;20.12%
товари;техніка та електроніка;побутова техніка;побутова техніка для дому;швейні машини;4;62707;швейні машини;13.53%
товари;техніка та електроніка;телефони та аксесуари;комплектуючі для мобільних телефонів;шлейфи для мобільних телефонів;4;5090309;шлейфи для мобільних телефонів;19.79%
товари;техніка та електроніка;комп'ютерна техніка та пз;комплектуючі для комп'ютерної техніки;шлейфи та роз'єми для ноутбуків, комп'ютерів, планшетів;4;70712;шлейфи та роз'єми для ноутбуків, комп'ютерів, планшетів;17.51%
товари;техніка та електроніка;фото-, відеокамери та аксесуари;аксесуари для фото-, відеокамер;штативи та кріплення для фото-, відеотехніки;4;63714;штативи та кріплення для фото-, відеотехніки;19.48%
товари;техніка та електроніка;побутова техніка;дрібна побутова техніка для кухні;яйцеварки;4;647;яйцеварки;15.44%
товари;товари для дітей;канцтовари шкільні та дитячі;дитяча творчість та малювання;3d ручки;4;15011913;3d ручки;19.73%
товари;товари для дітей;гігієна та догляд за дітьми;аксесуари для безпеки дітей;аксесуари для безпеки дітей;3;150111;аксесуари для безпеки дітей;15.81%
товари;товари для дітей;іграшки;аксесуари для ляльок та пупсів;аксесуари для ляльок та пупсів;3;2634;аксесуари для ляльок та пупсів;19.39%
товари;товари для дітей;дитячий транспорт та автокрісла;аксесуари та комплектуючі для дитячого транспорту;аксесуари та комплектуючі для дитячого транспорту;3;2632;аксесуари та комплектуючі для дитячого транспорту;11.92%
товари;товари для дітей;гігієна та догляд за дітьми;аспіратори;аспіратори;3;15012202;аспіратори;10.04%
товари;товари для дітей;дитячий текстиль;балдахіни, опори для балдахінів;балдахіни, опори для балдахінів;3;40611;балдахіни, опори для балдахінів;15.01%
товари;товари для дітей;гігієна та догляд за дітьми;гігієна та догляд за дітьми, загальне;гігієна та догляд за дітьми, загальне;3;15012201;гігієна та догляд за дітьми, загальне;25.00%
товари;товари для дітей;гігієна та догляд за дітьми;гігієнічні одноразові пелюшки;гігієнічні одноразові пелюшки;3;151311;гігієнічні одноразові пелюшки;10.80%
товари;товари для дітей;канцтовари шкільні та дитячі;дитяча творчість та малювання;гумки для плетіння;4;15011909;гумки для плетіння;18.70%
товари;товари для дітей;іграшки;дзиги та спінери;дзиги та спінери;3;2655;дзиги та спінери;19.45%
товари;товари для дітей;книги для дітей;дитяча література, загальне;дитяча література, загальне;3;220210;дитяча література, загальне;25.00%
товари;товари для дітей;іграшки;дитяча мозаїка;дитяча мозаїка;3;264702;дитяча мозаїка;19.29%
товари;товари для дітей;дитячий текстиль;дитяча постільна білизна;дитяча постільна білизна;3;40607;дитяча постільна білизна;15.23%
товари;товари для дітей;канцтовари шкільні та дитячі;дитяча творчість та малювання;дитяча творчість та малювання, загальне;4;15011912;дитяча творчість та малювання, загальне;25.00%
товари;товари для дітей;книги для дітей;дитяча художня література;дитяча художня література;3;15011802;дитяча художня література;12.78%
товари;товари для дітей;дитяче харчування;дитяче печиво та пудинги;дитяче печиво та пудинги;3;29907;дитяче печиво та пудинги;9.90%
товари;товари для дітей;дитяче харчування;дитяче харчування, загальне;дитяче харчування, загальне;3;29909;дитяче харчування, загальне;25.00%
товари;товари для дітей;дитяче харчування;дитячий посуд для годування;дитячий посуд для годування;3;15010107;дитячий посуд для годування;9.83%
товари;товари для дітей;дитячий текстиль;дитячий текстиль, загальне;дитячий текстиль, загальне;3;15011404;дитячий текстиль, загальне;25.00%
товари;товари для дітей;дитячий транспорт та автокрісла;дитячий транспорт та автокрісла, загальне;дитячий транспорт та автокрісла, загальне;3;15011607;дитячий транспорт та автокрісла, загальне;25.00%
товари;товари для дітей;дитячий транспорт та автокрісла;дитячі автокрісла;дитячі автокрісла;3;15010502;дитячі автокрісла;9.72%
товари;товари для дітей;дитячий транспорт та автокрісла;біговели;біговели;3;15011608;біговели;11.21%
товари;товари для дітей;гігієна та догляд за дітьми;дитячі ваги;дитячі ваги;3;15371108;дитячі ваги;10.05%
товари;товари для дітей;гігієна та догляд за дітьми;дитячі ванночки;дитячі ванночки;3;15010505;дитячі ванночки;10.40%
товари;товари для дітей;дитячий транспорт та автокрісла;дитячі веломобілі;дитячі веломобілі;3;15011604;дитячі веломобілі;8.67%
товари;товари для дітей;дитячі ігри;дитячі гойдалки для дому;дитячі гойдалки для дому;3;150115;дитячі гойдалки для дому;10.82%
товари;товари для дітей;гігієна та догляд за дітьми;дитячі горщики та сидіння на унітаз;дитячі горщики та сидіння на унітаз;3;150104;дитячі горщики та сидіння на унітаз;10.13%
товари;товари для дітей;гігієна та догляд за дітьми;дитячі гребінці;дитячі гребінці;3;15010511;дитячі гребінці;9.72%
товари;товари для дітей;дитячі меблі;дитячі дивани та м'які крісла;дитячі дивани та м'які крісла;3;15030319;дитячі дивани та м'які крісла;10.63%
товари;товари для дітей;дитячий транспорт та автокрісла;дитячі електромобілі, бензомобілі;дитячі електромобілі, бензомобілі;3;150109;дитячі електромобілі, бензомобілі;9.54%
товари;товари для дітей;іграшки;дитячі залізниці, автотреки;дитячі залізниці, автотреки;3;2636;дитячі залізниці, автотреки;19.36%
товари;товари для дітей;іграшки;дитячі іграшки-каталки;дитячі іграшки-каталки;3;2627;дитячі іграшки-каталки;15.86%
товари;товари для дітей;дитячі ігри;дитячі ігри, загальне;дитячі ігри, загальне;3;264801;дитячі ігри, загальне;25.00%
товари;товари для дітей;іграшки;дитячі ігрові кухні;дитячі ігрові кухні;3;2654;дитячі ігрові кухні;14.17%
товари;товари для дітей;дитячі ігри;дитячі ігрові намети, будиночки;дитячі ігрові намети, будиночки;3;2637;дитячі ігрові намети, будиночки;10.94%
товари;товари для дітей;дитяче харчування;дитячі каші;дитячі каші;3;29902;дитячі каші;9.90%
товари;товари для дітей;дитячий текстиль;дитячі килимки;дитячі килимки;3;4050703;дитячі килимки;12.17%
товари;товари для дітей;дитячий текстиль;дитячі ковдри;дитячі ковдри;3;15011402;дитячі ковдри;15.11%
товари;товари для дітей;дитячі коляски та аксесуари;дитячі коляски;дитячі коляски;3;150106;дитячі коляски;9.27%
товари;товари для дітей;дитячі коляски та аксесуари;дитячі коляски та аксесуари, загальне;дитячі коляски та аксесуари, загальне;3;15011310;дитячі коляски та аксесуари, загальне;25.00%
товари;товари для дітей;дитячі меблі;дитячі комоди;дитячі комоди;3;371306;дитячі комоди;8.93%
товари;товари для дітей;дитячі меблі;дитячі комп'ютерні крісла;дитячі комп'ютерні крісла;3;371302;дитячі комп'ютерні крісла;14.01%
товари;товари для дітей;дитячі меблі;дитячі крісла-гойдалки та шезлонги;дитячі крісла-гойдалки та шезлонги;3;15010303;дитячі крісла-гойдалки та шезлонги;10.65%
товари;товари для дітей;дитячі ігри;дитячі м'ячі;дитячі м'ячі;3;2615;дитячі м'ячі;16.08%
товари;товари для дітей;дитячі меблі;дитячі манежі;дитячі манежі;3;371304;дитячі манежі;14.92%
товари;товари для дітей;дитячі меблі;дитячі матраци;дитячі матраци;3;15011405;дитячі матраци;14.61%
товари;товари для дітей;дитячий транспорт та автокрісла;дитячі машинки-каталки;дитячі машинки-каталки;3;15011609;дитячі машинки-каталки;10.73%
товари;товари для дітей;дитячі меблі;дитячі меблі, загальне;дитячі меблі, загальне;3;371307;дитячі меблі, загальне;25.00%
товари;товари для дітей;іграшки;дитячі мікроскопи та телескопи;дитячі мікроскопи та телескопи;3;264703;дитячі мікроскопи та телескопи;14.96%
товари;товари для дітей;гігієна та догляд за дітьми;дитячі підгузки;дитячі підгузки;3;15010503;дитячі підгузки;9.93%
товари;товари для дітей;гігієна та догляд за дітьми;дитячі підставки та сидіння для купання;дитячі підставки та сидіння для купання;3;15010506;дитячі підставки та сидіння для купання;10.02%
товари;товари для дітей;дитячий текстиль;дитячі подушки;дитячі подушки;3;15011401;дитячі подушки;14.90%
товари;товари для дітей;дитячий текстиль;дитячі покривала та пледи;дитячі покривала та пледи;3;15011403;дитячі покривала та пледи;15.65%
товари;товари для дітей;дитяче харчування;дитячі пюре;дитячі пюре;3;29905;дитячі пюре;9.43%
товари;товари для дітей;гігієна та догляд за дітьми;дитячі ростоміри;дитячі ростоміри;3;150120;дитячі ростоміри;13.44%
товари;товари для дітей;дитячий текстиль;дитячі рушники;дитячі рушники;3;40306;дитячі рушники;19.64%
товари;товари для дітей;дитячі меблі;дитячі стільчики і табуретки;дитячі стільчики і табуретки;3;371305;дитячі стільчики і табуретки;14.43%
товари;товари для дітей;дитячі меблі;дитячі стінки;дитячі стінки;3;371316;дитячі стінки;14.68%
товари;товари для дітей;дитячі меблі;дитячі столи;дитячі столи;3;371303;дитячі столи;9.70%
товари;товари для дітей;дитячий транспорт та автокрісла;дитячі стрибунки;дитячі стрибунки;3;15011606;дитячі стрибунки;11.90%
товари;товари для дітей;дитяче харчування;дитячі суміші;дитячі суміші;3;29901;дитячі суміші;9.10%
товари;товари для дітей;дитячі меблі;дитячі тумбочки;дитячі тумбочки;3;371313;дитячі тумбочки;10.32%
товари;товари для дітей;дитячий транспорт та автокрісла;дитячі ходунки;дитячі ходунки;3;150107;дитячі ходунки;10.99%
товари;товари для дітей;дитячі меблі;дитячі шафи та стелажі;дитячі шафи та стелажі;3;371308;дитячі шафи та стелажі;13.94%
товари;товари для дітей;дитячі ігри;домашні надувні батути, ігрові центри;домашні надувні батути, ігрові центри;3;2621;домашні надувні батути, ігрові центри;8.75%
товари;товари для дітей;дитячі коляски та аксесуари;запчастини та аксесуари для дитячих колясок;запчастини та аксесуари для дитячих колясок;3;15011309;запчастини та аксесуари для дитячих колясок;11.38%
товари;товари для дітей;дитячий текстиль;захист в дитяче ліжечко;захист в дитяче ліжечко;3;15011407;захист в дитяче ліжечко;15.04%
товари;товари для дітей;іграшки;збірні моделі та аксесуари до них;збірні моделі та аксесуари до них;3;2630;збірні моделі та аксесуари до них;19.10%
товари;товари для дітей;іграшки;іграшки для ванної;іграшки для ванної;3;2631;іграшки для ванної;15.40%
товари;товари для дітей;дитячі ігри;іграшки для ігор з піском, водою та снігом;іграшки для ігор з піском, водою та снігом;3;2642;іграшки для ігор з піском, водою та снігом;19.52%
товари;товари для дітей;іграшки;іграшки для найменших;іграшки для найменших;3;150102;іграшки для найменших;10.80%
товари;товари для дітей;іграшки;іграшки-антистрес;іграшки-антистрес;3;2656;іграшки-антистрес;23.73%
товари;товари для дітей;дитячі ігри;іграшки-гойдалки, іграшки-стрибуни;іграшки-гойдалки, іграшки-стрибуни;3;2625;іграшки-гойдалки, іграшки-стрибуни;10.90%
товари;товари для дітей;іграшки;іграшки, загальне;іграшки, загальне;3;2610;іграшки, загальне;25.00%
товари;товари для дітей;іграшки;іграшковий посуд;іграшковий посуд;3;2653;іграшковий посуд;12.01%
товари;товари для дітей;іграшки;іграшкові машинки, літачки, техніка;іграшкові машинки, літачки, техніка;3;2606;іграшкові машинки, літачки, техніка;15.75%
товари;товари для дітей;іграшки;іграшкові пістолети, арбалети та шаблі;іграшкові пістолети, арбалети та шаблі;3;2607;іграшкові пістолети, арбалети та шаблі;19.96%
товари;товари для дітей;дитячі ігри;ігрові майданчики та пісочниці;ігрові майданчики та пісочниці;3;12510;ігрові майданчики та пісочниці;8.00%
товари;товари для дітей;іграшки;ігрові фігурки, роботи трансформери;ігрові фігурки, роботи трансформери;3;2638;ігрові фігурки, роботи трансформери;19.92%
товари;товари для дітей;іграшки;інтерактивні дитячі іграшки;інтерактивні дитячі іграшки;3;2608;інтерактивні дитячі іграшки;19.80%
товари;товари для дітей;канцтовари шкільні та дитячі;дитяча творчість та малювання;канцелярська крейда ;4;211102;канцелярська крейда ;15.58%
товари;товари для дітей;канцтовари шкільні та дитячі;канцтовари шкільні та дитячі, загальне;канцтовари шкільні та дитячі, загальне;3;15011903;канцтовари шкільні та дитячі, загальне;25.00%
товари;товари для дітей;дитячий текстиль;кишені на ліжечко;кишені на ліжечко;3;15011408;кишені на ліжечко;15.59%
товари;товари для дітей;книги для дітей;книги для найменших;книги для найменших;3;15011803;книги для найменших;14.78%
товари;товари для дітей;канцтовари шкільні та дитячі;дитяча творчість та малювання;кольоровий папір та картон;4;15011905;кольоровий папір та картон;15.52%
товари;товари для дітей;іграшки;коляски для ляльок та пупсів;коляски для ляльок та пупсів;3;2623;коляски для ляльок та пупсів;12.32%
товари;товари для дітей;дитячий текстиль;комплекти в дитяче ліжечко;комплекти в дитяче ліжечко;3;15011409;комплекти в дитяче ліжечко;15.10%
товари;товари для дітей;дитячі меблі;комплекти дитячих та підліткових меблів;комплекти дитячих та підліткових меблів;3;371309;комплекти дитячих та підліткових меблів;13.55%
товари;товари для дітей;дитячі меблі;комплектуючі для дитячих меблів;комплектуючі для дитячих меблів;3;371321;комплектуючі для дитячих меблів;13.40%
товари;товари для дітей;іграшки;комплектуючі для радіокерованих іграшок та моделей;комплектуючі для радіокерованих іграшок та моделей;3;2617;комплектуючі для радіокерованих іграшок та моделей;10.33%
товари;товари для дітей;іграшки;комплектуючі та аксесуари для іграшок;комплектуючі та аксесуари для іграшок;3;2641;комплектуючі та аксесуари для іграшок;15.58%
товари;товари для дітей;іграшки;конструктори;конструктори;3;2614;конструктори;19.67%
товари;товари для дітей;дитячий транспорт та автокрісла;кріплення та аксесуари для дитячих автокрісел;кріплення та аксесуари для дитячих автокрісел;3;150112;кріплення та аксесуари для дитячих автокрісел;11.44%
товари;товари для дітей;гігієна та догляд за дітьми;круги для купання немовлят;круги для купання немовлят;3;15010507;круги для купання немовлят;12.78%
товари;товари для дітей;дитячі меблі;ліжечка для новонароджених;ліжечка для новонароджених;3;15010302;ліжечка для новонароджених;13.75%
товари;товари для дітей;іграшки;ляльки, пупси;ляльки, пупси;3;2605;ляльки, пупси;19.81%
товари;товари для дітей;іграшки;м'які іграшки;м'які іграшки;3;2604;м'які іграшки;19.93%
товари;товари для дітей;канцтовари шкільні та дитячі;дитяча творчість та малювання;малювання світлом;4;15011914;малювання світлом;18.70%
товари;товари для дітей;дитячі ігри;мильні бульбашки;мильні бульбашки;3;2644;мильні бульбашки;16.63%
товари;товари для дітей;дитяче харчування;молоковідсмоктувачі та аксесуари;молоковідсмоктувачі та аксесуари;3;15010101;молоковідсмоктувачі та аксесуари;14.53%
товари;товари для дітей;іграшки;музичні іграшки;музичні іграшки;3;2635;музичні іграшки;19.24%
товари;товари для дітей;гігієна та догляд за дітьми;набори для догляду за новонародженими;набори для догляду за новонародженими;3;15010512;набори для догляду за новонародженими;10.25%
товари;товари для дітей;канцтовари шкільні та дитячі;дитяча творчість та малювання;набори для зліпків дитячих ручок і ніжок;4;1759;набори для зліпків дитячих ручок і ніжок;22.36%
товари;товари для дітей;книги для дітей;навчальна та розвиваюча дитяча література;навчальна та розвиваюча дитяча література;3;15011804;навчальна та розвиваюча дитяча література;14.17%
товари;товари для дітей;дитячі ігри;надувні іграшки;надувні іграшки;3;2620;надувні іграшки;12.01%
товари;товари для дітей;дитячі ігри;надувні круги, платформи;надувні круги, платформи;3;2012;надувні круги, платформи;14.94%
товари;товари для дітей;іграшки;наукові ігри, набори для дослідів;наукові ігри, набори для дослідів;3;2622;наукові ігри, набори для дослідів;19.62%
товари;товари для дітей;канцтовари шкільні та дитячі;дитяча творчість та малювання;папір та альбоми для малювання;4;21111111;папір та альбоми для малювання;15.52%
товари;товари для дітей;дитячі меблі;пеленальні столики та пеленальні дошки;пеленальні столики та пеленальні дошки;3;371315;пеленальні столики та пеленальні дошки;13.94%
товари;товари для дітей;дитячі ігри;піньяти;піньяти;3;2643;піньяти;23.85%
товари;товари для дітей;канцтовари шкільні та дитячі;дитяча творчість та малювання;пластилін та маса для ліплення;4;211120;пластилін та маса для ліплення;15.77%
товари;товари для дітей;дитяче харчування;пляшечки для годування та аксесуари;пляшечки для годування та аксесуари;3;15010103;пляшечки для годування та аксесуари;9.63%
товари;товари для дітей;дитячі ігри;повітряні змії, вітрячки;повітряні змії, вітрячки;3;2639;повітряні змії, вітрячки;18.79%
товари;товари для дітей;гігієна та догляд за дітьми;пустушки та прорізувачі для зубів;пустушки та прорізувачі для зубів;3;15010105;пустушки та прорізувачі для зубів;9.76%
товари;товари для дітей;іграшки;радіокеровані іграшки;радіокеровані іграшки;3;2613;радіокеровані іграшки;15.59%
товари;товари для дітей;гігієна та догляд за дітьми;радіоняні, відеоняні;радіоняні, відеоняні;3;15010508;радіоняні, відеоняні;15.57%
товари;товари для дітей;іграшки;розвиваючі та ігрові килимки;розвиваючі та ігрові килимки;3;2652;розвиваючі та ігрові килимки;11.45%
товари;товари для дітей;іграшки;розвиваючі та навчальні іграшки;розвиваючі та навчальні іграшки;3;2602;розвиваючі та навчальні іграшки;10.87%
товари;товари для дітей;книги для дітей;розмальовки;розмальовки;3;15011805;розмальовки;11.86%
товари;товари для дітей;дитячі ігри;рухливі, змагальні ігри;рухливі, змагальні ігри;3;264802;рухливі, змагальні ігри;14.88%
товари;товари для дітей;гігієна та догляд за дітьми;рюкзаки для перенесення дітей, слінги;рюкзаки для перенесення дітей, слінги;3;150108;рюкзаки для перенесення дітей, слінги;16.19%
товари;товари для дітей;дитячі коляски та аксесуари;рюкзаки-органайзери для мам;рюкзаки-органайзери для мам;3;15011312;рюкзаки-органайзери для мам;19.26%
товари;товари для дітей;дитячий транспорт та автокрісла;санки та снігокати;санки та снігокати;3;150110;санки та снігокати;14.11%
товари;товари для дітей;дитяче харчування;слинявчики;слинявчики;3;15010501;слинявчики;9.76%
товари;товари для дітей;дитяче харчування;стерилізатори та підігрівачі для дитячого харчування;стерилізатори та підігрівачі для дитячого харчування;3;15010102;стерилізатори та підігрівачі для дитячого харчування;9.70%
товари;товари для дітей;дитячі меблі;стільчики для годування;стільчики для годування;3;371314;стільчики для годування;9.28%
товари;товари для дітей;іграшки;тематичні ігрові набори;тематичні ігрові набори;3;2629;тематичні ігрові набори;19.59%
товари;товари для дітей;гігієна та догляд за дітьми;тканинні пелюшки;тканинні пелюшки;3;15010510;тканинні пелюшки;10.35%
товари;товари для дітей;канцтовари шкільні та дитячі;дитяча творчість та малювання;товари для дитячої творчості;4;15011904;товари для дитячої творчості;19.12%
товари;товари для дітей;товари для дітей, загальне;товари для дітей, загальне;товари для дітей, загальне;2;150199;товари для дітей, загальне;25.00%
товари;товари для дітей;дитячі ігри;фінгери та аксесуари;фінгери та аксесуари;3;180612;фінгери та аксесуари;14.94%
товари;товари для дітей;дитячі меблі;ящики та комоди для іграшок;ящики та комоди для іграшок;3;371311;ящики та комоди для іграшок;14.81%
товари;товари, загальне;товари, загальне;товари, загальне;товари, загальне;1;29;товари, загальне;25.00%
