За замовчуванням продавці працюють за єдиною комісією. Новачки та топ-продавці можуть увімкнути інші режими: «Економ» — зі зниженою вдвічі комісією або «Більше продажів» чи «Турбо» — з вищою комісію та просуванням у видачі.,,,,,,,,,,,
,,,,,,,,,,,
,,,,,,,,,,,
Категорія 0 рівня,Категорія 1 рівня,Категорія 2 рівня,Категорія 3 рівня,Категорія 4 рівня,Рівень категорії,ID категорії,Категорія,"Комісія для режиму «Економ», грн","Єдина комісія, грн","Комісія для «Більше продажів», грн","Комісія для «Турбо», грн"
товари,"авіа-, ж/д-, водний транспорт",повітряний транспорт,авіаційні комплектуючі й авіадвигуни,авіаційні комплектуючі й авіадвигуни,3,121803,авіаційні комплектуючі й авіадвигуни,0.53,1.05,1.31,2.10
товари,"авіа-, ж/д-, водний транспорт",залізничний транспорт і комплектуючі,вагони,вагони,3,12060202,вагони,0.86,1.71,2.14,3.43
товари,"авіа-, ж/д-, водний транспорт",водний транспорт,системи управління судном,дистанційне керування моторами до човнів,4,12070906,дистанційне керування моторами до човнів,0.86,1.71,2.14,3.43
товари,"авіа-, ж/д-, водний транспорт",залізничний транспорт і комплектуючі,електрообладнання для залізничного транспорту,електрообладнання для залізничного транспорту,3,120609,електрообладнання для залізничного транспорту,0.86,1.71,2.14,3.43
товари,"авіа-, ж/д-, водний транспорт",водний транспорт,електрообладнання для суден,"електрообладнання для суден, загальне",4,12071004,"електрообладнання для суден, загальне",2.16,4.33,5.41,8.65
товари,"авіа-, ж/д-, водний транспорт",залізничний транспорт і комплектуючі,залізничне випробувальне обладнання,залізничне випробувальне обладнання,3,14201305,залізничне випробувальне обладнання,0.81,1.63,2.03,3.25
товари,"авіа-, ж/д-, водний транспорт",залізничний транспорт і комплектуючі,елементи й комплектуюча верхньої будови колії,залізничне кріплення,4,12060404,залізничне кріплення,1.13,2.25,2.81,4.50
товари,"авіа-, ж/д-, водний транспорт",водний транспорт,"комплектуючі, запчастини до водного транспорту",запчастини для човнових моторів,4,12070616,запчастини для човнових моторів,1.17,2.34,2.92,4.68
товари,"авіа-, ж/д-, водний транспорт",водний транспорт,"комплектуючі, запчастини до водного транспорту",інспекційні люки суден,4,12070614,інспекційні люки суден,1.17,2.34,2.92,4.68
товари,"авіа-, ж/д-, водний транспорт",водний транспорт,"комплектуючі, запчастини до водного транспорту",кабель судновий,4,12070602,кабель судновий,1.17,2.34,2.92,4.68
товари,"авіа-, ж/д-, водний транспорт",залізничний транспорт і комплектуючі,елементи й комплектуюча верхньої будови колії,клеми рейкові,4,12060402,клеми рейкові,1.13,2.25,2.81,4.50
товари,"авіа-, ж/д-, водний транспорт",залізничний транспорт і комплектуючі,залізничний інструмент,механізований шляховий інструмент,4,14201303,механізований шляховий інструмент,1.04,2.08,2.59,4.15
товари,"авіа-, ж/д-, водний транспорт",повітряний транспорт,обладнання для ремонту авіаційної техніки,обладнання для ремонту авіаційної техніки,3,121805,обладнання для ремонту авіаційної техніки,0.76,1.53,1.91,3.05
товари,"авіа-, ж/д-, водний транспорт",водний транспорт,"комплектуючі, запчастини до водного транспорту",обладнання суднове,4,12070603,обладнання суднове,1.17,2.34,2.92,4.68
товари,"авіа-, ж/д-, водний транспорт",водний транспорт,електрообладнання для суден,освітлення для кают,4,12071002,освітлення для кают,1.04,2.08,2.59,4.15
товари,"авіа-, ж/д-, водний транспорт",водний транспорт,причепи для човнів,причепи для човнів,3,120708,причепи для човнів,0.76,1.53,1.91,3.05
товари,"авіа-, ж/д-, водний транспорт",залізничний транспорт і комплектуючі,залізничний інструмент,"рейкорізані, рейкосвердлувальні і рейкошліфувальні верстати",4,14201304,"рейкорізані, рейкосвердлувальні і рейкошліфувальні верстати",1.04,2.08,2.59,4.15
товари,"авіа-, ж/д-, водний транспорт",спеціальне обладнання для транспортування,спеціальне обладнання для транспортування,спеціальне обладнання для транспортування,2,1209,спеціальне обладнання для транспортування,1.13,2.25,2.81,4.50
товари,"авіа-, ж/д-, водний транспорт",водний транспорт,суднові системи водопостачання та каналізації,"суднові горловини, штуцери, душ",4,12071103,"суднові горловини, штуцери, душ",0.63,1.26,1.58,2.53
товари,"авіа-, ж/д-, водний транспорт",водний транспорт,електрообладнання для суден,фари-шукачі і прожектори суднові,4,12071003,фари-шукачі і прожектори суднові,1.04,2.08,2.59,4.15
товари,"авіа-, ж/д-, водний транспорт",залізничний транспорт і комплектуючі,елементи й комплектуюча верхньої будови колії,шпали,4,12060401,шпали,1.13,2.25,2.81,4.50
товари,"авто-, мото",автобудинки,автобудинки,автобудинки,2,5503,автобудинки,0.76,1.53,1.91,3.05
товари,"авто-, мото",автозапчастини,кривошипно-шатунний механізм (кшм),блоки циліндрів,4,12020411,блоки циліндрів,0.99,1.98,2.47,3.95
товари,"авто-, мото",автозапчастини,двигуни і деталі двигуна,двигуни для техніки,4,341527,двигуни для техніки,0.76,1.53,1.91,3.05
товари,"авто-, мото",автозапчастини,газорозподільний механізм (грм),деталі грм,4,550211,деталі грм,0.76,1.53,1.91,3.05
товари,"авто-, мото",автозапчастини,деталі мостів і приводу трансмісії,"деталі мостів і приводу трансмісії, загальне",4,12023814,"деталі мостів і приводу трансмісії, загальне",2.16,4.33,5.41,8.65
товари,"авто-, мото",автозапчастини,деталі мостів і приводу трансмісії,карданні вали,4,12023804,карданні вали,0.86,1.71,2.14,3.43
товари,"авто-, мото",автозапчастини,система випуску відпрацьованих газів,комплектуючі системи випуску відпрацьованих газів,4,12021513,комплектуючі системи випуску відпрацьованих газів,0.76,1.53,1.91,3.05
товари,"авто-, мото",мототехніка,"мотоцикли, моторолери, скутери, мопеди","мотоцикли, моторолери, скутери, мопеди",3,120309,"мотоцикли, моторолери, скутери, мопеди",0.63,1.26,1.58,2.53
товари,"авто-, мото",автозапчастини,підбір запчастин та авторозбірка,підбір запчастин та авторозбірка,3,550212,підбір запчастин та авторозбірка,2.63,5.25,6.56,10.50
товари,"авто-, мото",автомобільна електроніка,системи моніторингу транспорту і контролю палива,системи моніторингу транспорту і контролю палива,3,340412,системи моніторингу транспорту і контролю палива,0.76,1.53,1.91,3.05
товари,безпека та захист,системи охорони та оповіщення,апаратура сигналізації та зв'язку,"апаратура сигналізації та зв'язку, загальне",4,300425,"апаратура сигналізації та зв'язку, загальне",2.16,4.33,5.41,8.65
товари,безпека та захист,засоби організації дорожнього руху,велопарковки,велопарковки,3,301509,велопарковки,1.84,3.69,4.61,7.38
товари,безпека та захист,технічні засоби відеоспостереження,комплектуючі для систем відеоспостереження,відеотестери,4,301113,відеотестери,0.53,1.05,1.31,2.10
товари,безпека та захист,системи і засоби пожежної безпеки,"пожежне обладнання, інвентар та комплектуючі",гідранти пожежні,4,300901,гідранти пожежні,1.66,3.33,4.16,6.65
товари,безпека та захист,системи і засоби пожежної безпеки,"пожежне обладнання, інвентар та комплектуючі",головки пожежні,4,300925,головки пожежні,1.66,3.33,4.16,6.65
товари,безпека та захист,засоби організації дорожнього руху,дорожні огорожі та елементи до них,дорожні огорожі та елементи до них,3,301512,дорожні огорожі та елементи до них,2.70,5.40,6.75,10.80
товари,безпека та захист,системи і засоби пожежної безпеки,блискавкозахист і заземлення,електроди заземлення і муфти,4,300304,електроди заземлення і муфти,1.13,2.25,2.81,4.50
товари,безпека та захист,засоби організації дорожнього руху,"засоби організації дорожнього руху, загальне","засоби організації дорожнього руху, загальне",3,301505,"засоби організації дорожнього руху, загальне",2.16,4.33,5.41,8.65
товари,безпека та захист,засоби і системи сккд,захисні огородження,захисні огородження,3,301309,захисні огородження,1.13,2.25,2.81,4.50
товари,безпека та захист,захисні споруди цивільного захисту,захисні споруди цивільного захисту,захисні споруди цивільного захисту,2,3028,захисні споруди цивільного захисту,0.86,1.71,2.14,3.43
товари,безпека та захист,захист промислового обладнання,"захист промислового обладнання, загальне","захист промислового обладнання, загальне",3,302701,"захист промислового обладнання, загальне",2.16,4.33,5.41,8.65
товари,безпека та захист,системи охорони та оповіщення,знімачі та деактиватори,знімачі та деактиватори,3,300423,знімачі та деактиватори,1.04,2.08,2.59,4.15
товари,безпека та захист,системи і засоби пожежної безпеки,"пожежне обладнання, інвентар та комплектуючі",зрошувачі пожежні,4,300929,зрошувачі пожежні,1.66,3.33,4.16,6.65
товари,безпека та захист,засоби і системи сккд,зчитувачі,зчитувачі,3,301311,зчитувачі,1.08,2.16,2.70,4.33
товари,безпека та захист,засоби і системи сккд,ідентифікатори,ідентифікатори,3,301310,ідентифікатори,1.99,3.98,4.97,7.95
товари,безпека та захист,системи охорони та оповіщення,інфрачервоні бар'єри,інфрачервоні бар'єри,3,300408,інфрачервоні бар'єри,0.90,1.80,2.25,3.60
товари,безпека та захист,технічні засоби відеоспостереження,пз для відеоспостереження,пз для відеоспостереження,3,301108,пз для відеоспостереження,0.76,1.53,1.91,3.05
товари,безпека та захист,системи і засоби пожежної безпеки,"пожежне обладнання, інвентар та комплектуючі","підставки, фланці, трійники",4,300928,"підставки, фланці, трійники",1.66,3.33,4.16,6.65
товари,безпека та захист,засоби зберігання і транспортування цінностей,пломби та пломбіратори,"пломби і пломбіратори, загальне",4,302005,"пломби і пломбіратори, загальне",2.16,4.33,5.41,8.65
товари,безпека та захист,системи і засоби пожежної безпеки,пожежна автоматика,пожежні сповіщувачі,4,300921,пожежні сповіщувачі,0.86,1.71,2.14,3.43
товари,безпека та захист,системи охорони та оповіщення,приймально-контрольні прилади і прилади управління,приймально-контрольні прилади і прилади управління,3,302303,приймально-контрольні прилади і прилади управління,1.58,3.15,3.94,6.30
товари,безпека та захист,технічні засоби відеоспостереження,комплектуючі для систем відеоспостереження,пульти для систем відеоспостереження,4,301110,пульти для систем відеоспостереження,0.53,1.05,1.31,2.10
товари,безпека та захист,засоби і системи сккд,системи контролю робочого часу,системи контролю робочого часу,3,2106,системи контролю робочого часу,1.26,2.53,3.16,5.05
товари,безпека та захист,засоби і системи сккд,системи обліку відвідувачів,системи обліку відвідувачів,3,301303,системи обліку відвідувачів,2.70,5.40,6.75,10.80
товари,безпека та захист,засоби і системи сккд,системи сквд,системи сквд,3,3030,системи сквд,2.07,4.14,5.17,8.28
товари,безпека та захист,спеціальні технічні засоби,"спеціальні технічні засоби, загальне","спеціальні технічні засоби, загальне",3,302501,"спеціальні технічні засоби, загальне",2.16,4.33,5.41,8.65
товари,безпека та захист,системи і засоби пожежної безпеки,"пожежне обладнання, інвентар та комплектуючі",стовбури пожежні,4,300927,стовбури пожежні,1.66,3.33,4.16,6.65
товари,безпека та захист,засоби організації дорожнього руху,стовпчики сигнальні,стовпчики сигнальні,3,301511,стовпчики сигнальні,1.31,2.61,3.27,5.23
товари,будівництво,"водо-, газо-, теплозабезпечення",автоматичні регулятори,"автоматичні регулятори, загальне",4,13240903,"автоматичні регулятори, загальне",2.16,4.33,5.41,8.65
товари,будівництво,"водо-, газо-, теплозабезпечення",каналізаційне обладнання,"автономна каналізація, септик",4,110602,"автономна каналізація, септик",0.76,1.53,1.91,3.05
товари,будівництво,будівельна техніка та обладнання,дорожньо-будівельні машини та обладнання,агрегат для розмітки доріг,4,13040404,агрегат для розмітки доріг,1.95,3.90,4.88,7.80
товари,будівництво,будівельні матеріали,залізобетонні вироби,"аеродромні, дорожні, тротуарні плити",4,13070409,"аеродромні, дорожні, тротуарні плити",2.70,5.40,6.75,10.80
товари,будівництво,будівельні матеріали,сипкі матеріали,асфальт,4,13070602,асфальт,2.70,5.40,6.75,10.80
товари,будівництво,будівельна техніка та обладнання,дорожньо-будівельні машини та обладнання,обладнання для ремонту та переробки асфальту,4,132601,обладнання для ремонту та переробки асфальту,1.95,3.90,4.88,7.80
товари,будівництво,будівельні матеріали,залізобетонні вироби,"балконні плити, козирки входу",4,13070401,"балконні плити, козирки входу",2.70,5.40,6.75,10.80
товари,будівництво,будівельні матеріали,сходи та комплектуючі для сходів,балясини та балюстради,4,13070405,балясини та балюстради,0.76,1.53,1.91,3.05
товари,будівництво,будівельні матеріали,розчини та бетонні суміші,бетон,4,135201,бетон,0.86,1.71,2.14,3.43
товари,будівництво,будівельні матеріали,дорожні матеріали,бордюрний камінь,4,13121101,бордюрний камінь,0.86,1.71,2.14,3.43
товари,будівництво,будівельні матеріали,пиломатеріали,брус,4,131101,брус,1.44,2.88,3.59,5.75
товари,будівництво,будівельна техніка та обладнання,будівельний секційний сміттєскид,будівельний секційний сміттєскид,3,131707,будівельний секційний сміттєскид,0.76,1.53,1.91,3.05
товари,будівництво,будівельна техніка та обладнання,риштування та інші конструкції для ремонтно-будівельних робіт,будівельні люльки,4,13070704,будівельні люльки,2.70,5.40,6.75,10.80
товари,будівництво,будівельні матеріали,стінові та мурувальні матеріали,будівельні стінові панелі та перегородки,4,131405,будівельні стінові панелі та перегородки,1.26,2.53,3.16,5.05
товари,будівництво,"будівельні товари, загальне","будівельні товари, загальне","будівельні товари, загальне",2,1333,"будівельні товари, загальне",2.16,4.33,5.41,8.65
товари,будівництво,будівельна техніка та обладнання,машини та обладнання для бетонних робіт,бункери та силоси для будівельних сумішей,4,13040309,бункери та силоси для будівельних сумішей,2.18,4.35,5.44,8.70
товари,будівництво,будівельна техніка та обладнання,вантажопідйомні будівельні машини та обладнання,"вантажопідйомні будівельні машини та обладнання, загальне",4,13040206,"вантажопідйомні будівельні машини та обладнання, загальне",2.16,4.33,5.41,8.65
товари,будівництво,вентиляційні системи,вентиляційні парасолі,вентиляційні парасолі,3,142215,вентиляційні парасолі,2.18,4.35,5.44,8.70
товари,будівництво,будівельна техніка та обладнання,риштування та інші конструкції для ремонтно-будівельних робіт,вишки тури,4,13040205,вишки тури,2.70,5.40,6.75,10.80
товари,будівництво,будівельна техніка та обладнання,дорожньо-будівельні машини та обладнання,вібромашини,4,132611,вібромашини,1.95,3.90,4.88,7.80
товари,будівництво,будівельна техніка та обладнання,машини та обладнання для бетонних робіт,вібростоли,4,13040308,вібростоли,2.18,4.35,5.44,8.70
товари,будівництво,будівельні матеріали,вогнетривкі та кислототривкі матеріали,вогнетривкі та кислототривкі матеріали,3,1321,вогнетривкі та кислототривкі матеріали,0.76,1.53,1.91,3.05
товари,будівництво,"водо-, газо-, теплозабезпечення",опалювальне обладнання,гідравлічні стрілки,4,13240129,гідравлічні стрілки,2.70,5.40,6.75,10.80
товари,будівництво,оздоблювальні матеріали,матеріали для гіпсокартонних робіт,гіпсокартон,4,131403,гіпсокартон,0.76,1.53,1.91,3.05
товари,будівництво,оздоблювальні матеріали,матеріали для гіпсокартонних робіт,гіпсокартонний профіль,4,13260702,гіпсокартонний профіль,0.76,1.53,1.91,3.05
товари,будівництво,будівельні матеріали,стінові та мурувальні матеріали,гнучкі зв'язки для мурування,4,13070213,гнучкі зв'язки для мурування,1.26,2.53,3.16,5.05
товари,будівництво,будівельні матеріали,пиломатеріали,дерев'яні дошки,4,131122,дерев'яні дошки,1.44,2.88,3.59,5.75
товари,будівництво,будівельні матеріали,пиломатеріали,деревно-плитні матеріали,4,131116,деревно-плитні матеріали,1.44,2.88,3.59,5.75
товари,будівництво,будівельна техніка та обладнання,дорожньо-будівельні машини та обладнання,дорожні котки,4,132612,дорожні котки,1.95,3.90,4.88,7.80
товари,будівництво,будівельні матеріали,дорожні матеріали,"дорожні матеріали, загальне",4,13072901,"дорожні матеріали, загальне",2.16,4.33,5.41,8.65
товари,будівництво,будівельні матеріали,залізобетонні вироби,залізобетонні балки,4,13070415,залізобетонні балки,2.70,5.40,6.75,10.80
товари,будівництво,будівельні матеріали,залізобетонні вироби,залізобетонні колони,4,13070428,залізобетонні колони,2.70,5.40,6.75,10.80
товари,будівництво,будівельні матеріали,залізобетонні вироби,залізобетонні кришки і лотки,4,13070413,залізобетонні кришки і лотки,2.70,5.40,6.75,10.80
товари,будівництво,будівельні матеріали,залізобетонні вироби,залізобетонні обтяжувачі,4,13070424,залізобетонні обтяжувачі,2.70,5.40,6.75,10.80
товари,будівництво,будівельні матеріали,залізобетонні вироби,залізобетонні опори леп,4,13070417,залізобетонні опори леп,2.70,5.40,6.75,10.80
товари,будівництво,будівельні матеріали,залізобетонні вироби,залізобетонні ригелі,4,13070419,залізобетонні ригелі,2.70,5.40,6.75,10.80
товари,будівництво,будівельні матеріали,залізобетонні вироби,залізобетонні стовпчики,4,13070416,залізобетонні стовпчики,2.70,5.40,6.75,10.80
товари,будівництво,будівельні матеріали,залізобетонні вироби,залізобетонні фундаменти,4,13070402,залізобетонні фундаменти,2.70,5.40,6.75,10.80
товари,будівництво,будівельні матеріали,залізобетонні вироби,"залізобетонні, азбестоцементні труби",4,131009,"залізобетонні, азбестоцементні труби",2.70,5.40,6.75,10.80
товари,будівництво,"водо-, газо-, теплозабезпечення",запірна арматура,затвори,4,13100631,затвори,0.86,1.71,2.14,3.43
товари,будівництво,будівельна техніка та обладнання,машини та обладнання для оздоблювальних і покрівельних робіт,затиральні машини,4,13040602,затиральні машини,1.89,3.78,4.72,7.55
товари,будівництво,"водо-, газо-, теплозабезпечення","лічильники для водо-, газо-, теплозабезпечення (побутові)",комплектуючі для лічильників (побутові),4,13241502,комплектуючі для лічильників (побутові),2.03,4.05,5.06,8.10
товари,будівництво,будівельні матеріали,"ворота, огорожі, шлагбауми та комплектуючі",комплектуючі для шлагбаумів,4,135601,комплектуючі для шлагбаумів,2.70,5.40,6.75,10.80
товари,будівництво,будівельна техніка та обладнання,ліфтове обладнання,комплектуючі до вантажопасажирських ліфтів,4,13041003,комплектуючі до вантажопасажирських ліфтів,2.18,4.35,5.44,8.70
товари,будівництво,будівельна техніка та обладнання,машини та обладнання для бетонних робіт,комплектуючі та запчастини для бетононасосів,4,13040307,комплектуючі та запчастини для бетононасосів,2.18,4.35,5.44,8.70
товари,будівництво,"водо-, газо-, теплозабезпечення",запірна арматура,конденсатовідвідники,4,13100637,конденсатовідвідники,0.86,1.71,2.14,3.43
товари,будівництво,"водо-, газо-, теплозабезпечення",опалювальне обладнання,котельні топки,4,13240304,котельні топки,2.70,5.40,6.75,10.80
товари,будівництво,будівельна техніка та обладнання,ліфтове обладнання,ліфти,4,13040210,ліфти,2.18,4.35,5.44,8.70
товари,будівництво,"водо-, газо-, теплозабезпечення","лічильники для водо-, газо-, теплозабезпечення (побутові)",лічильники газу,4,15370404,лічильники газу,2.03,4.05,5.06,8.10
товари,будівництво,"водо-, газо-, теплозабезпечення",труби,металопластикові труби,4,131012,металопластикові труби,2.51,5.03,6.28,10.05
товари,будівництво,будівельні матеріали,теплоізоляційні матеріали,мінеральна вата,4,133401,мінеральна вата,1.94,3.88,4.84,7.75
товари,будівництво,будівельна техніка та обладнання,навісне обладнання для будівельної спецтехніки,навісне обладнання для будівельної спецтехніки,3,13041104,навісне обладнання для будівельної спецтехніки,2.70,5.40,6.75,10.80
товари,будівництво,"водо-, газо-, теплозабезпечення",обладнання для очисних споруд,обладнання для очисних споруд,3,132407,обладнання для очисних споруд,0.76,1.53,1.91,3.05
товари,будівництво,будівельні матеріали,фасадні матеріали,облицювальні панелі та плити,4,13070304,облицювальні панелі та плити,2.70,5.40,6.75,10.80
товари,будівництво,будівельна техніка та обладнання,риштування та інші конструкції для ремонтно-будівельних робіт,опалубка та комплектуючі до неї,4,1353,опалубка та комплектуючі до неї,2.70,5.40,6.75,10.80
товари,будівництво,"водо-, газо-, теплозабезпечення",опалювальне обладнання,"опалювальне обладнання, загальне",4,13240110,"опалювальне обладнання, загальне",2.16,4.33,5.41,8.65
товари,будівництво,будівельні матеріали,залізобетонні вироби,опорні плити і подушки,4,13070420,опорні плити і подушки,2.70,5.40,6.75,10.80
товари,будівництво,будівельні матеріали,скло та кріплення до нього,оргскло,4,131502,оргскло,0.86,1.71,2.14,3.43
товари,будівництво,"водо-, газо-, теплозабезпечення",опалювальне обладнання,пальники,4,13240116,пальники,2.70,5.40,6.75,10.80
товари,будівництво,будівельні матеріали,"ворота, огорожі, шлагбауми та комплектуючі",паркани та огорожі,4,12505,паркани та огорожі,2.70,5.40,6.75,10.80
товари,будівництво,будівельні матеріали,теплоізоляційні матеріали,пароніт,4,133404,пароніт,1.94,3.88,4.84,7.75
товари,будівництво,будівельні матеріали,пиломатеріали,"пиломатеріали, загальне",4,131118,"пиломатеріали, загальне",2.16,4.33,5.41,8.65
товари,будівництво,будівельні матеріали,пиломатеріали,планкен,4,131129,планкен,1.44,2.88,3.59,5.75
товари,будівництво,вентиляційні системи,повітроводи та комплектуючі,повітроводи та комплектуючі,3,142203,повітроводи та комплектуючі,1.94,3.88,4.84,7.75
товари,будівництво,будівельні матеріали,пластикові будівельні матеріали,полікарбонати,4,131703,полікарбонати,0.76,1.53,1.91,3.05
товари,будівництво,"водо-, газо-, теплозабезпечення",каналізаційне обладнання,полімерні каналізаційні та телекомунікаційні колодязі,4,13240511,полімерні каналізаційні та телекомунікаційні колодязі,0.76,1.53,1.91,3.05
товари,будівництво,"водо-, газо-, теплозабезпечення",запірна арматура,пристрої покажчика рівня,4,13100640,пристрої покажчика рівня,0.86,1.71,2.14,3.43
товари,будівництво,вентиляційні системи,промислові вентилятори,промислові вентилятори,3,142201,промислові вентилятори,2.70,5.40,6.75,10.80
товари,будівництво,вентиляційні системи,промислові повітродувки,промислові повітродувки,3,142207,промислові повітродувки,0.53,1.05,1.31,2.10
товари,будівництво,будівельні матеріали,покрівельні матеріали,профільований настил,4,135003,профільований настил,0.76,1.53,1.91,3.05
товари,будівництво,"водо-, газо-, теплозабезпечення",фітинги для труб,ревізії для труб,4,13100651,ревізії для труб,0.76,1.53,1.91,3.05
товари,будівництво,вентиляційні системи,рекуператори повітря,рекуператори повітря,3,142214,рекуператори повітря,2.70,5.40,6.75,10.80
товари,будівництво,будівельна техніка та обладнання,риштування та інші конструкції для ремонтно-будівельних робіт,риштування,4,133002,риштування,2.70,5.40,6.75,10.80
товари,будівництво,будівельні матеріали,розчини та бетонні суміші,"розчини та бетонні суміші, загальне",4,135207,"розчини та бетонні суміші, загальне",2.16,4.33,5.41,8.65
товари,будівництво,будівельні матеріали,фасадні матеріали,сайдинг та комплектуючі до нього,4,131705,сайдинг та комплектуючі до нього,2.70,5.40,6.75,10.80
товари,будівництво,будівельні матеріали,скло та кріплення до нього,"скло та кріплення до нього, загальне",4,131506,"скло та кріплення до нього, загальне",2.16,4.33,5.41,8.65
товари,будівництво,басейни,стаціонарні басейни,стаціонарні басейни,3,180801,стаціонарні басейни,2.25,4.50,5.63,9.00
товари,будівництво,будівельна техніка та обладнання,машини та обладнання для бетонних робіт,стаціонарні та мобільні бетонні заводи,4,13040303,стаціонарні та мобільні бетонні заводи,2.18,4.35,5.44,8.70
товари,будівництво,будівельні матеріали,стінові та мурувальні матеріали,стінові блоки,4,13070202,стінові блоки,1.26,2.53,3.16,5.05
товари,будівництво,будівельна техніка та обладнання,машини та обладнання для бетонних робіт,стінорізальні машини,4,13040312,стінорізальні машини,2.18,4.35,5.44,8.70
товари,будівництво,будівельні матеріали,сходи та комплектуючі для сходів,сходові марші та майданчики,4,13070404,сходові марші та майданчики,0.76,1.53,1.91,3.05
товари,будівництво,будівельні матеріали,залізобетонні вироби,теплові камери та комплектуючі до них,4,13070426,теплові камери та комплектуючі до них,2.70,5.40,6.75,10.80
товари,будівництво,"водо-, газо-, теплозабезпечення",труби,теплогідроізольовані труби,4,131013,теплогідроізольовані труби,2.51,5.03,6.28,10.05
товари,будівництво,будівельні матеріали,теплоізоляційні матеріали,теплоізоляційний пінопласт,4,133405,теплоізоляційний пінопласт,1.94,3.88,4.84,7.75
товари,будівництво,будівельна техніка та обладнання,машини та обладнання для земляних робіт,траншеєкопачі,4,13040501,траншеєкопачі,2.40,4.80,6.00,9.60
товари,будівництво,будівельні матеріали,залізобетонні вироби,фіксатори захисного шару арматури,4,13070422,фіксатори захисного шару арматури,2.70,5.40,6.75,10.80
товари,будівництво,будівельна техніка та обладнання,вантажопідйомні будівельні машини та обладнання,фронтальні та телескопічні навантажувачі,4,132608,фронтальні та телескопічні навантажувачі,2.70,5.40,6.75,10.80
товари,будівництво,будівельні матеріали,стінові та мурувальні матеріали,цегла,4,1349,цегла,1.26,2.53,3.16,5.05
товари,будівництво,будівельні матеріали,"в'яжучі матеріали, сухі будівельні суміші",цемент,4,1308,цемент,0.86,1.71,2.14,3.43
товари,будівництво,будівельні матеріали,"ворота, огорожі, шлагбауми та комплектуючі",шлагбауми,4,135605,шлагбауми,2.70,5.40,6.75,10.80
товари,"вантажівки, автобуси, спецтехніка",вантажні автомобілі,спеціальні вантажівки,автокрани,4,13040201,автокрани,1.99,3.98,4.97,7.95
товари,"вантажівки, автобуси, спецтехніка",автозапчастини та комплектуючі,"кузова, кабіни, рами",бампери для вантажних автомобілів,4,342209,бампери для вантажних автомобілів,0.86,1.71,2.14,3.43
товари,"вантажівки, автобуси, спецтехніка",вантажні автомобілі,вантажівки з відкритим кузовом,вантажівки з відкритим кузовом,3,34010302,вантажівки з відкритим кузовом,0.76,1.53,1.91,3.05
товари,"вантажівки, автобуси, спецтехніка",вантажні автомобілі,вантажівки з закритим кузовом,вантажівки з закритим кузовом,3,340112,вантажівки з закритим кузовом,1.62,3.24,4.05,6.48
товари,"вантажівки, автобуси, спецтехніка",вантажні автомобілі,"вантажні автомобілі, загальне","вантажні автомобілі, загальне",3,34010306,"вантажні автомобілі, загальне",2.16,4.33,5.41,8.65
товари,"вантажівки, автобуси, спецтехніка",гольф кари,гольф кари,гольф кари,2,3427,гольф кари,1.58,3.15,3.94,6.30
товари,"вантажівки, автобуси, спецтехніка",автозапчастини та комплектуючі,"запчастини до автотракторної, сільськогосподарської спецтехніки",гусениці для техніки,4,341538,гусениці для техніки,2.70,5.40,6.75,10.80
товари,"вантажівки, автобуси, спецтехніка",автозапчастини та комплектуючі,"запчастини до автотракторної, сільськогосподарської спецтехніки",долото до сільгосптехніки,4,341560,долото до сільгосптехніки,2.70,5.40,6.75,10.80
товари,"вантажівки, автобуси, спецтехніка",автозапчастини та комплектуючі,"запчастини до автотракторної, сільськогосподарської спецтехніки","запасні частини до автотракторної, сільськогосподарської спецтехніки, загальне",4,341506,"запасні частини до автотракторної, сільськогосподарської спецтехніки, загальне",2.16,4.33,5.41,8.65
товари,"вантажівки, автобуси, спецтехніка",автозапчастини та комплектуючі,запчастини до вантажопідйомної спецтехніки,запасні частини до іншої вантажопідйомної спецтехніки,4,341519,запасні частини до іншої вантажопідйомної спецтехніки,2.16,4.33,5.41,8.65
товари,"вантажівки, автобуси, спецтехніка",автозапчастини та комплектуючі,запчастини до вантажопідйомної спецтехніки,запасні частини та комплектуючі до навантажувачів,4,341515,запасні частини та комплектуючі до навантажувачів,2.16,4.33,5.41,8.65
товари,"вантажівки, автобуси, спецтехніка",автозапчастини та комплектуючі,"запчастини для барових, грунторізних машин","запчастини для барових, грунторізних машин",3,341635,"запчастини для барових, грунторізних машин",0.76,1.53,1.91,3.05
товари,"вантажівки, автобуси, спецтехніка",автозапчастини та комплектуючі,"запчастини до автобусів, тролейбусів","запчастини до автобусів, тролейбусів",3,340905,"запчастини до автобусів, тролейбусів",1.08,2.16,2.70,4.33
товари,"вантажівки, автобуси, спецтехніка",комунально-прибиральна техніка,комунально-прибиральна техніка,комунально-прибиральна техніка,2,341707,комунально-прибиральна техніка,2.44,4.88,6.09,9.75
товари,"вантажівки, автобуси, спецтехніка",автозапчастини та комплектуючі,"запчастини до автотракторної, сільськогосподарської спецтехніки",культиваторні лапи,4,341640,культиваторні лапи,2.70,5.40,6.75,10.80
товари,"вантажівки, автобуси, спецтехніка",автозапчастини та комплектуючі,"запчастини до автотракторної, сільськогосподарської спецтехніки",культиваторні стійки,4,341639,культиваторні стійки,2.70,5.40,6.75,10.80
товари,"вантажівки, автобуси, спецтехніка",автозапчастини та комплектуючі,"кузова, кабіни, рами",кути бампера для вантажних автомобілів,4,342213,кути бампера для вантажних автомобілів,0.86,1.71,2.14,3.43
товари,"вантажівки, автобуси, спецтехніка",автозапчастини та комплектуючі,"запчастини до автотракторної, сільськогосподарської спецтехніки",ланцюги для сільгосптехніки,4,341545,ланцюги для сільгосптехніки,2.70,5.40,6.75,10.80
товари,"вантажівки, автобуси, спецтехніка","автобуси, мікроавтобуси","мініфургони, мінівени","мініфургони, мінівени",3,340101,"мініфургони, мінівени",0.76,1.53,1.91,3.05
товари,"вантажівки, автобуси, спецтехніка",автозапчастини та комплектуючі,"запчастини до автотракторної, сільськогосподарської спецтехніки",польові дошки до сільгосптехніки,4,341558,польові дошки до сільгосптехніки,2.70,5.40,6.75,10.80
товари,"вантажівки, автобуси, спецтехніка",причепи та напівпричепи,причепи та напівпричепи,причепи та напівпричепи,3,1224,причепи та напівпричепи,0.76,1.53,1.91,3.05
товари,"вантажівки, автобуси, спецтехніка",автозапчастини та комплектуючі,"запчастини до автотракторної, сільськогосподарської спецтехніки",ремкомплекти гідроциліндрів,4,341543,ремкомплекти гідроциліндрів,2.70,5.40,6.75,10.80
товари,"вантажівки, автобуси, спецтехніка",вантажні автомобілі,спеціальні вантажівки,спеціальні вантажні автомобілі,4,34010303,спеціальні вантажні автомобілі,1.99,3.98,4.97,7.95
товари,"вироби з металу, пластику, гуми",металопрокат,сортовий і фасонний прокат,арматура,4,420801,арматура,1.17,2.34,2.92,4.68
товари,"вироби з металу, пластику, гуми",металовироби промислового призначення,"вали металеві, гумові","вали металеві, гумові",3,801206,"вали металеві, гумові",0.81,1.63,2.03,3.25
товари,"вироби з металу, пластику, гуми",вироби з пластику,"вироби з пластику, загальне","вироби з пластику, загальне",3,800599,"вироби з пластику, загальне",2.16,4.33,5.41,8.65
товари,"вироби з металу, пластику, гуми",металовироби промислового призначення,гнуті металовироби,гнуті металовироби,3,421008,гнуті металовироби,2.40,4.80,6.00,9.60
товари,"вироби з металу, пластику, гуми",гумові вироби,"гумові вироби, загальне","гумові вироби, загальне",3,801299,"гумові вироби, загальне",2.16,4.33,5.41,8.65
товари,"вироби з металу, пластику, гуми",гумотехнічні вироби,гумові втулки,гумові втулки,3,801213,гумові втулки,0.76,1.53,1.91,3.05
товари,"вироби з металу, пластику, гуми",гумотехнічні вироби,гумові технічні пластини,гумові технічні пластини,3,80814,гумові технічні пластини,2.70,5.40,6.75,10.80
товари,"вироби з металу, пластику, гуми",гумотехнічні вироби,гумові шнури,гумові шнури,3,801210,гумові шнури,2.70,5.40,6.75,10.80
товари,"вироби з металу, пластику, гуми",металопрокат,сортовий і фасонний прокат,квадрат,4,420816,квадрат,1.17,2.34,2.92,4.68
товари,"вироби з металу, пластику, гуми",металопрокат,сортовий і фасонний прокат,круглий прокат,4,420810,круглий прокат,1.17,2.34,2.92,4.68
товари,"вироби з металу, пластику, гуми",металопрокат,сортовий і фасонний прокат,"металеві балки, двотаври",4,420808,"металеві балки, двотаври",1.17,2.34,2.92,4.68
товари,"вироби з металу, пластику, гуми",металовироби будівельного призначення,металоконструкції та промислові будівлі з лмк,"металоконструкції та промислові будівлі, загальне",4,420903,"металоконструкції та промислові будівлі, загальне",2.16,4.33,5.41,8.65
товари,"вироби з металу, пластику, гуми",металопрокат,"металопрокат, загальне","металопрокат, загальне",3,420806,"металопрокат, загальне",2.16,4.33,5.41,8.65
товари,"вироби з металу, пластику, гуми",вироби з пластику,пластикові захисні спіралі для рукавів високого тиску,пластикові захисні спіралі для рукавів високого тиску,3,800514,пластикові захисні спіралі для рукавів високого тиску,0.76,1.53,1.91,3.05
товари,"вироби з металу, пластику, гуми",металопрокат,сортовий і фасонний прокат,поковки,4,42020202,поковки,1.17,2.34,2.92,4.68
товари,"вироби з металу, пластику, гуми",металовироби будівельного призначення,профілі металеві,профілі металеві,3,421412,профілі металеві,0.76,1.53,1.91,3.05
товари,"вироби з металу, пластику, гуми",металопрокат,плоский прокат,рулонний прокат,4,420813,рулонний прокат,2.70,5.40,6.75,10.80
товари,"вироби з металу, пластику, гуми",металопрокат,сортовий і фасонний прокат,"сортовий прокат, загальне",4,420817,"сортовий прокат, загальне",2.16,4.33,5.41,8.65
товари,"вироби з металу, пластику, гуми",металопрокат,плоский прокат,стрічки металеві,4,420814,стрічки металеві,2.70,5.40,6.75,10.80
товари,"вироби з металу, пластику, гуми",металовироби промислового призначення,тиглі,тиглі,3,920,тиглі,0.76,1.53,1.91,3.05
товари,"вироби з металу, пластику, гуми",металовироби будівельного призначення,фундаментні палі,фундаментні палі,3,421407,фундаментні палі,1.88,3.75,4.69,7.50
товари,"вироби з металу, пластику, гуми","кування, литво, відливка","художнє лиття, виливок","художнє лиття, виливок",3,420203,"художнє лиття, виливок",1.98,3.96,4.95,7.93
товари,"вироби з металу, пластику, гуми","кування, литво, відливка",художня ковка,"художня ковка, загальне",4,42020108,"художня ковка, загальне",2.16,4.33,5.41,8.65
товари,"вироби з металу, пластику, гуми",металопрокат,сортовий і фасонний прокат,швелери,4,420802,швелери,1.17,2.34,2.92,4.68
товари,"вироби з металу, пластику, гуми",металопрокат,сортовий і фасонний прокат,шестигранники металеві,4,420812,шестигранники металеві,1.17,2.34,2.92,4.68
товари,воєнторг,тактичний захист та екіпірування,"амуніція військово-промислового комплексу, загальне","амуніція військово-промислового комплексу, загальне",3,300502,"амуніція військово-промислового комплексу, загальне",2.16,4.33,5.41,8.65
послуги,ділові послуги,бухгалтерські та аудиторські послуги,аудиторські послуги,аудиторські послуги,3,280412,аудиторські послуги,0.90,1.80,2.25,3.60
послуги,ділові послуги,аутсорсинг і аутстаффінг,аутсорсинг і аутстаффінг,аутсорсинг і аутстаффінг,2,280555,аутсорсинг і аутстаффінг,1.11,2.21,2.77,4.43
послуги,ділові послуги,бухгалтерські та аудиторські послуги,бухгалтерські послуги,бухгалтерські послуги,3,280417,бухгалтерські послуги,1.26,2.53,3.16,5.05
послуги,ділові послуги,дропшипінг,дропшипінг,дропшипінг,2,280308,дропшипінг,0.53,1.05,1.31,2.10
послуги,ділові послуги,"організація та проведення виставок, конференцій та форумів","організація та проведення виставок, конференцій та форумів","організація та проведення виставок, конференцій та форумів",2,2506,"організація та проведення виставок, конференцій та форумів",0.76,1.53,1.91,3.05
послуги,ділові послуги,послуги з організації бізнесу,послуги з організації бізнесу,послуги з організації бізнесу,2,284502,послуги з організації бізнесу,1.08,2.16,2.70,4.33
послуги,ділові послуги,послуги оцінки та незалежної експертизи,послуги оцінки та незалежної експертизи,послуги оцінки та незалежної експертизи,2,280592,послуги оцінки та незалежної експертизи,0.90,1.80,2.25,3.60
послуги,ділові послуги,послуги страхування,послуги страхування,послуги страхування,2,283704,послуги страхування,1.26,2.53,3.16,5.05
послуги,ділові послуги,розробка технічної документації,розробка технічної документації,розробка технічної документації,2,280598,розробка технічної документації,1.17,2.34,2.92,4.68
товари,"дача, сад і город",інструменти для обробки грунту,"інструменти для обробки грунту, загальне","інструменти для обробки грунту, загальне",3,1250326,"інструменти для обробки грунту, загальне",2.16,4.33,5.41,8.65
товари,"дача, сад і город",обладнання для саун і лазень,комплектуючі для лазневого обладнання,комплектуючі для лазневого обладнання,3,150515,комплектуючі для лазневого обладнання,1.53,3.06,3.83,6.13
товари,"дача, сад і город",ландшафтні будови,малі архітектурні форми,малі архітектурні форми,3,130104,малі архітектурні форми,0.86,1.71,2.14,3.43
товари,товари для дому,меблі,комплектуючі для меблів,меблеві труби і комплектуючі,4,370813,меблеві труби і комплектуючі,0.99,1.98,2.47,3.95
товари,"дача, сад і город",мінісільгосптехніка,"мінісільгосптехніка, загальне","мінісільгосптехніка, загальне",3,125031803,"мінісільгосптехніка, загальне",2.16,4.33,5.41,8.65
товари,товари для дому,декор для дому,інтер'єрні аксесуари,ентомологічні колекції,4,371015,ентомологічні колекції,0.76,1.53,1.91,3.05
товари,товари для дому,меблі,комплектуючі для меблів,поролон,4,370810,поролон,0.99,1.98,2.47,3.95
товари,"дача, сад і город",снігоприбиральний інвентар,"снігоприбиральний інвентар, загальне","снігоприбиральний інвентар, загальне",3,1250333,"снігоприбиральний інвентар, загальне",2.16,4.33,5.41,8.65
товари,товари для дому,меблі,комплектуючі для меблів,стінові панелі для кухні,4,15030303,стінові панелі для кухні,0.99,1.98,2.47,3.95
товари,електрообладнання,"освітлення, електрика",аварійне освітлення,аварійне освітлення,3,150411,аварійне освітлення,0.72,1.44,1.80,2.88
товари,електрообладнання,обладнання для електропостачання,трансформатори,автотрансформатори,4,14190701,автотрансформатори,1.71,3.43,4.28,6.85
товари,електрообладнання,монтажне обладнання,арматура для леп,арматура для леп,3,14190427,арматура для леп,1.26,2.53,3.16,5.05
товари,електрообладнання,технічні вимикачі,високовольтні вимикачі,високовольтні вимикачі,3,14190601,високовольтні вимикачі,1.17,2.34,2.92,4.68
товари,електрообладнання,електронні компоненти,пасивні компоненти,друковані плати,4,521,друковані плати,0.53,1.05,1.31,2.10
товари,електрообладнання,компоненти асутп,реле,імпульсні реле,4,14190908,імпульсні реле,0.86,1.71,2.14,3.43
товари,електрообладнання,монтажне обладнання,мікроклімат для шаф,мікроклімат для шаф,3,5092915,мікроклімат для шаф,0.76,1.53,1.91,3.05
товари,електрообладнання,"освітлення, електрика",офісно-торгове освітлення,офісно-торгове освітлення,3,150417,офісно-торгове освітлення,2.21,4.41,5.52,8.83
товари,електрообладнання,компоненти асутп,реле,перемикачі потоків,4,410602,перемикачі потоків,0.86,1.71,2.14,3.43
товари,електрообладнання,компоненти асутп,перетворювачі,перетворювачі частоти,4,5140404,перетворювачі частоти,1.94,3.88,4.84,7.75
товари,електрообладнання,технічні вимикачі,пневматичні вимикачі,пневматичні вимикачі,3,410604,пневматичні вимикачі,0.53,1.05,1.31,2.10
товари,електрообладнання,компоненти асутп,пристрої плавного пуску,пристрої плавного пуску,3,141501,пристрої плавного пуску,1.44,2.88,3.59,5.75
товари,електрообладнання,компоненти асутп,програмовані контролери,програмовані контролери,3,504,програмовані контролери,1.39,2.79,3.48,5.58
товари,електрообладнання,компоненти асутп,реле,проміжні реле,4,14190907,проміжні реле,0.86,1.71,2.14,3.43
товари,електрообладнання,компоненти асутп,реле,реле частоти,4,14190911,реле частоти,0.86,1.71,2.14,3.43
товари,електрообладнання,компоненти асутп,системи автоматичного управління,системи автоматичного управління,3,51401,системи автоматичного управління,1.31,2.61,3.27,5.23
товари,електрообладнання,електронні компоненти,активні компоненти,тиристори та симістори,4,400106,тиристори та симістори,1.17,2.34,2.92,4.68
товари,електрообладнання,обладнання для електропостачання,трансформатори,трансформатори напруги,4,14190703,трансформатори напруги,1.71,3.43,4.28,6.85
товари,електрообладнання,обладнання для електропостачання,трансформатори,трансформаторні підстанції,4,410501,трансформаторні підстанції,1.71,3.43,4.28,6.85
товари,електрообладнання,електронні компоненти,пасивні компоненти,ферити та феритові вироби,4,400506,ферити та феритові вироби,0.53,1.05,1.31,2.10
послуги,захист навколишнього середовища,послуги аналізу та очищення води,послуги аналізу та очищення води,послуги аналізу та очищення води,2,1101,послуги аналізу та очищення води,1.04,2.08,2.59,4.15
товари,зоотовари,домашні тварини та комахи,домашні тварини та комахи,домашні тварини та комахи,2,2709,домашні тварини та комахи,0.76,1.53,1.91,3.05
послуги,інженерно-будівельні послуги,будівельно-ремонтні послуги,алмазне свердління і різання бетону,алмазне свердління і різання бетону,3,284165,алмазне свердління і різання бетону,2.51,5.03,6.28,10.05
послуги,інженерно-будівельні послуги,берегоукріплювальні послуги,берегоукріплювальні послуги,берегоукріплювальні послуги,2,284271,берегоукріплювальні послуги,1.17,2.34,2.92,4.68
послуги,інженерно-будівельні послуги,будівельно-ремонтні послуги,будівництво басейнів,будівництво басейнів,3,284109,будівництво басейнів,2.06,4.13,5.16,8.25
послуги,інженерно-будівельні послуги,будівельно-ремонтні послуги,"будівництво саун, лазень, садових будиночків та альтанок","будівництво саун, лазень, садових будиночків та альтанок",3,130118,"будівництво саун, лазень, садових будиночків та альтанок",1.31,2.61,3.27,5.23
послуги,інженерно-будівельні послуги,бурові роботи,бурові роботи,бурові роботи,2,284275,бурові роботи,1.31,2.61,3.27,5.23
послуги,інженерно-будівельні послуги,вивіз будівельного сміття,вивіз будівельного сміття,вивіз будівельного сміття,2,284178,вивіз будівельного сміття,2.70,5.40,6.75,10.80
послуги,інженерно-будівельні послуги,висотні роботи,висотні роботи,висотні роботи,2,28410102,висотні роботи,2.63,5.25,6.56,10.50
послуги,інженерно-будівельні послуги,дизайн інтер'єру,дизайн інтер'єру,дизайн інтер'єру,2,280513,дизайн інтер'єру,1.13,2.25,2.81,4.50
послуги,інженерно-будівельні послуги,монтаж та обслуговування інженерних систем,електромонтажні роботи,електромонтажні роботи,3,284245,електромонтажні роботи,1.71,3.43,4.28,6.85
послуги,інженерно-будівельні послуги,земляні роботи,земляні роботи,земляні роботи,2,284236,земляні роботи,2.48,4.95,6.19,9.90
послуги,інженерно-будівельні послуги,інженерні дослідження для будівництва,інженерні дослідження для будівництва,інженерні дослідження для будівництва,2,280583,інженерні дослідження для будівництва,2.70,5.40,6.75,10.80
послуги,інженерно-будівельні послуги,"інженерно-будівельні послуги, загальне","інженерно-будівельні послуги, загальне","інженерно-будівельні послуги, загальне",2,284103,"інженерно-будівельні послуги, загальне",2.16,4.33,5.41,8.65
послуги,інженерно-будівельні послуги,"ландшафтний дизайн, озеленення і благоустрій","ландшафтні послуги, загальне","ландшафтні послуги, загальне",3,28410505,"ландшафтні послуги, загальне",2.16,4.33,5.41,8.65
послуги,інженерно-будівельні послуги,монтаж та обслуговування інженерних систем,монтаж і обслуговування систем вентиляції і кондиціонування,монтаж і обслуговування систем вентиляції і кондиціонування,3,284233,монтаж і обслуговування систем вентиляції і кондиціонування,2.03,4.05,5.06,8.10
послуги,інженерно-будівельні послуги,монтаж та обслуговування інженерних систем,монтаж та обслуговування системи водопостачання,монтаж та обслуговування системи водопостачання,3,284240,монтаж та обслуговування системи водопостачання,1.35,2.70,3.38,5.40
послуги,інженерно-будівельні послуги,монтаж та обслуговування інженерних систем,монтаж та обслуговування системи каналізації,монтаж та обслуговування системи каналізації,3,284241,монтаж та обслуговування системи каналізації,1.35,2.70,3.38,5.40
послуги,інженерно-будівельні послуги,монтаж та обслуговування інженерних систем,монтаж та обслуговування системи фільтрування води,монтаж та обслуговування системи фільтрування води,3,284318,монтаж та обслуговування системи фільтрування води,1.35,2.70,3.38,5.40
послуги,інженерно-будівельні послуги,монтаж та обслуговування інженерних систем,"монтаж, налагодження та ремонт інженерних систем, загальне","монтаж, налагодження та ремонт інженерних систем, загальне",3,284243,"монтаж, налагодження та ремонт інженерних систем, загальне",2.16,4.33,5.41,8.65
послуги,інженерно-будівельні послуги,будівельно-ремонтні послуги,мурування стін,мурування стін,3,284234,мурування стін,1.04,2.08,2.59,4.15
послуги,інженерно-будівельні послуги,будівельно-ремонтні послуги,облаштування підлог та стель,облаштування підлог та стель,3,284146,облаштування підлог та стель,1.62,3.24,4.05,6.48
послуги,інженерно-будівельні послуги,"ландшафтний дизайн, озеленення і благоустрій",облаштування систем дренажу та водовідведення,облаштування систем дренажу та водовідведення,3,284255,облаштування систем дренажу та водовідведення,0.90,1.80,2.25,3.60
послуги,інженерно-будівельні послуги,"ландшафтний дизайн, озеленення і благоустрій",облаштування штучних водойм та фонтанів,облаштування штучних водойм та фонтанів,3,284199,облаштування штучних водойм та фонтанів,1.66,3.33,4.16,6.65
послуги,інженерно-будівельні послуги,будівельно-ремонтні послуги,оздоблювальні роботи,оздоблювальні роботи,3,284132,оздоблювальні роботи,1.26,2.53,3.16,5.05
послуги,інженерно-будівельні послуги,будівельно-ремонтні послуги,послуги скління,послуги скління,3,284284,послуги скління,0.72,1.44,1.80,2.88
послуги,інженерно-будівельні послуги,проектні послуги,"проектні послуги, загальне","проектні послуги, загальне",3,28410401,"проектні послуги, загальне",2.16,4.33,5.41,8.65
послуги,інженерно-будівельні послуги,проектні послуги,проектування доріг,проектування доріг,3,284305,проектування доріг,0.76,1.53,1.91,3.05
послуги,інженерно-будівельні послуги,проектні послуги,проектування промислових будівель і споруд,проектування промислових будівель і споруд,3,284251,проектування промислових будівель і споруд,2.70,5.40,6.75,10.80
послуги,інженерно-будівельні послуги,монтаж та обслуговування інженерних систем,сантехнічні роботи,сантехнічні роботи,3,284173,сантехнічні роботи,1.84,3.69,4.61,7.38
товари,інструменти,будівельний інструмент,будівельний вимірювальний інструмент,"будівельний вимірювальний інструмент, загальне",4,14201633,"будівельний вимірювальний інструмент, загальне",2.16,4.33,5.41,8.65
товари,інструменти,гідравлічний інструмент,гідравлічні дироколи,гідравлічні дироколи,3,14200903,гідравлічні дироколи,1.26,2.53,3.16,5.05
товари,інструменти,оснащення для інструменту,долбяки,долбяки,3,14201006,долбяки,0.63,1.26,1.58,2.53
товари,інструменти,електроінструмент,електричні клупи,електричні клупи,3,141733,електричні клупи,0.76,1.53,1.91,3.05
товари,інструменти,електроінструмент,електричні ручні преси,електричні ручні преси,3,141731,електричні ручні преси,1.04,2.08,2.59,4.15
товари,інструменти,ручний інструмент,клейма і щипці для таврування,клейма і щипці для таврування,3,14200357,клейма і щипці для таврування,0.76,1.53,1.91,3.05
товари,інструменти,ручний інструмент,ключі,ключі для кутових шліфувальних машин,4,14200393,ключі для кутових шліфувальних машин,0.76,1.53,1.91,3.05
товари,інструменти,електроінструмент,електричні пили,"пили електричні, загальне",4,14172704,"пили електричні, загальне",2.16,4.33,5.41,8.65
товари,інструменти,пневматичний інструмент,пневматичні перфоратори,пневматичні перфоратори,3,14200507,пневматичні перфоратори,0.76,1.53,1.91,3.05
товари,інструменти,пневматичний інструмент,оснащення для пневматичного інструменту,"пневматичні пістолети, загальне",4,14200520,"пневматичні пістолети, загальне",2.16,4.33,5.41,8.65
товари,інструменти,будівельний інструмент,будівельний пневматичний інструмент,пневмодрилі,4,14200501,пневмодрилі,0.76,1.53,1.91,3.05
послуги,інформаційно-комунікаційні послуги,послуги в сфері it,послуги в сфері it,послуги в сфері it,2,284344,послуги в сфері it,1.71,3.43,4.28,6.85
послуги,інформаційно-комунікаційні послуги,"послуги в сфері it, загальне","послуги в сфері it, загальне","послуги в сфері it, загальне",2,284299,"послуги в сфері it, загальне",2.16,4.33,5.41,8.65
товари,контрольно-вимірювальні прилади,вимірювачі фізичних параметрів,адгезіметри,адгезіметри,3,15370610,адгезіметри,0.53,1.05,1.31,2.10
товари,контрольно-вимірювальні прилади,радіовимірювальні прилади,акселерометри,акселерометри,3,153716,акселерометри,0.76,1.53,1.91,3.05
товари,контрольно-вимірювальні прилади,"лабораторне, випробувальне обладнання",аналізатори,аналізатори вуглецю і сірки,4,15370101,аналізатори вуглецю і сірки,1.88,3.75,4.69,7.50
товари,контрольно-вимірювальні прилади,електровимірювальні прилади,багатофункціональні калібратори,багатофункціональні калібратори,3,15370318,багатофункціональні калібратори,0.63,1.26,1.58,2.53
товари,контрольно-вимірювальні прилади,вагове обладнання,ваги автомобільні,ваги автомобільні,3,15371101,ваги автомобільні,2.70,5.40,6.75,10.80
товари,контрольно-вимірювальні прилади,вагове обладнання,комплектуючі для ваг,вагові індикатори,4,15371114,вагові індикатори,2.70,5.40,6.75,10.80
товари,контрольно-вимірювальні прилади,вагове обладнання,вагонні ваги,вагонні ваги,3,15371105,вагонні ваги,0.76,1.53,1.91,3.05
товари,контрольно-вимірювальні прилади,радіовимірювальні прилади,вимірювальні пристрої коаксіальних і хвилеводних трактів,вимірювальні пристрої коаксіальних і хвилеводних трактів,3,15370314,вимірювальні пристрої коаксіальних і хвилеводних трактів,0.53,1.05,1.31,2.10
товари,контрольно-вимірювальні прилади,радіовимірювальні прилади,вимірювачі амплітудно-частотних характеристик,вимірювачі амплітудно-частотних характеристик,3,15370316,вимірювачі амплітудно-частотних характеристик,0.53,1.05,1.31,2.10
товари,контрольно-вимірювальні прилади,радіовимірювальні прилади,вимірювачі ксхн,вимірювачі ксхн,3,15370317,вимірювачі ксхн,0.53,1.05,1.31,2.10
товари,контрольно-вимірювальні прилади,вимірювачі фізичних параметрів,вимірювачі сили натяжіння,вимірювачі сили натяжіння,3,15370620,вимірювачі сили натяжіння,0.76,1.53,1.91,3.05
товари,контрольно-вимірювальні прилади,прилади лінійно-кутових вимірювань,висотоміри,висотоміри,3,15370603,висотоміри,1.04,2.08,2.59,4.15
товари,контрольно-вимірювальні прилади,оптичні прилади і системи,геодезичні призми і відбивачі,геодезичні призми і відбивачі,3,15370707,геодезичні призми і відбивачі,0.81,1.63,2.03,3.25
товари,контрольно-вимірювальні прилади,вимірювальний і калібрувальний інструмент,кінцеві міри довжини,кінцеві міри довжини,3,14200611,кінцеві міри довжини,0.63,1.26,1.58,2.53
товари,контрольно-вимірювальні прилади,"лабораторне, випробувальне обладнання",кліматичні камери для росту рослин,кліматичні камери для росту рослин,3,15373204,кліматичні камери для росту рослин,0.53,1.05,1.31,2.10
товари,контрольно-вимірювальні прилади,"витратоміри, лічильники",лічильники імпульсів,лічильники імпульсів,3,153702,лічильники імпульсів,0.76,1.53,1.91,3.05
товари,контрольно-вимірювальні прилади,електровимірювальні прилади,"магазини опору, індуктивності і ємностей","магазини опору, індуктивності і ємностей",3,15370303,"магазини опору, індуктивності і ємностей",0.53,1.05,1.31,2.10
товари,контрольно-вимірювальні прилади,вимірювачі фізичних параметрів,метеорологічне і гідрологічне устаткування,метеорологічне і гідрологічне устаткування,3,15370616,метеорологічне і гідрологічне устаткування,0.53,1.05,1.31,2.10
товари,контрольно-вимірювальні прилади,геодезичне обладнання,нівелірні рейки та віхи,нівелірні рейки та віхи,3,13040909,нівелірні рейки та віхи,0.53,1.05,1.31,2.10
товари,контрольно-вимірювальні прилади,"лабораторне, випробувальне обладнання",аналізатори,оксиметри,4,15370107,оксиметри,1.88,3.75,4.69,7.50
товари,контрольно-вимірювальні прилади,електровимірювальні прилади,потенціометри,потенціометри,3,15370307,потенціометри,0.53,1.05,1.31,2.10
товари,контрольно-вимірювальні прилади,прилади вимірювання часу,"прилади вимірювання часу, загальне","прилади вимірювання часу, загальне",3,15373101,"прилади вимірювання часу, загальне",2.16,4.33,5.41,8.65
товари,контрольно-вимірювальні прилади,прилади лінійно-кутових вимірювань,"прилади лінійно-кутових вимірювань, загальне","прилади лінійно-кутових вимірювань, загальне",3,15373301,"прилади лінійно-кутових вимірювань, загальне",2.16,4.33,5.41,8.65
товари,контрольно-вимірювальні прилади,пробовідбірники,пробовідбірники,пробовідбірники,2,153728,пробовідбірники,2.70,5.40,6.75,10.80
товари,контрольно-вимірювальні прилади,прилади для вимірювання тиску,регулятори тиску,регулятори тиску,3,15370803,регулятори тиску,1.26,2.53,3.16,5.05
товари,контрольно-вимірювальні прилади,електровимірювальні прилади,реєстратори даних,реєстратори даних,3,153724,реєстратори даних,1.13,2.25,2.81,4.50
товари,контрольно-вимірювальні прилади,датчики,рівнеміри й сигналізатори рівня,рівнеміри й сигналізатори рівня,3,153726,рівнеміри й сигналізатори рівня,2.16,4.33,5.41,8.65
товари,контрольно-вимірювальні прилади,геодезичне обладнання,тахеометри,тахеометри,3,13040902,тахеометри,0.76,1.53,1.91,3.05
товари,контрольно-вимірювальні прилади,вимірювачі фізичних параметрів,твердоміри,твердоміри,3,15370602,твердоміри,1.04,2.08,2.59,4.15
товари,контрольно-вимірювальні прилади,геодезичне обладнання,трасошукачі,трасошукачі,3,13040910,трасошукачі,0.72,1.44,1.80,2.88
товари,контрольно-вимірювальні прилади,радіовимірювальні прилади,частотоміри,частотоміри,3,15370305,частотоміри,0.53,1.05,1.31,2.10
товари,контрольно-вимірювальні прилади,шафи для квп,шафи для квп,шафи для квп,2,153727,шафи для квп,0.63,1.26,1.58,2.53
послуги,логістичні та складські послуги,брокерські послуги,брокерські послуги,брокерські послуги,2,28070906,брокерські послуги,1.94,3.88,4.84,7.75
послуги,логістичні та складські послуги,транспортні послуги,викуп автомобілів,викуп автомобілів,3,280572,викуп автомобілів,0.53,1.05,1.31,2.10
послуги,логістичні та складські послуги,кур'єрські послуги,кур'єрські послуги,кур'єрські послуги,2,280711,кур'єрські послуги,0.81,1.63,2.03,3.25
послуги,логістичні та складські послуги,послуги складського зберігання,послуги складського зберігання,послуги складського зберігання,2,28071002,послуги складського зберігання,1.53,3.06,3.83,6.13
товари,матеріали для ремонту,скріплювальні вироби,метричне кріплення,болти,4,420502,болти,0.76,1.53,1.91,3.05
товари,матеріали для ремонту,підлогові покриття,брудозахисні покриття для підлоги,брудозахисні покриття для підлоги,3,130722,брудозахисні покриття для підлоги,0.76,1.53,1.91,3.05
товари,матеріали для ремонту,сантехніка,ванни,ванни,3,130101,ванни,0.76,1.53,1.91,3.05
товари,матеріали для ремонту,аксесуари та фурнітура для вікон і дверей,відкоси,відкоси,3,135710,відкоси,0.76,1.53,1.91,3.05
товари,матеріали для ремонту,вікна та двері,вхідні групи,вхідні групи,3,130506,вхідні групи,2.21,4.41,5.52,8.83
товари,матеріали для ремонту,підлогові покриття,гумове покриття для підлоги,гумове покриття для підлоги,3,130739,гумове покриття для підлоги,0.76,1.53,1.91,3.05
товари,матеріали для ремонту,підлогові покриття,ковролін і килимова плитка,ковролін і килимова плитка,3,13073202,ковролін і килимова плитка,0.76,1.53,1.91,3.05
товари,матеріали для ремонту,підлогові покриття,комплектуючі для підлогових покриттів,комплектуючі для підлогових покриттів,3,13070121,комплектуючі для підлогових покриттів,0.76,1.53,1.91,3.05
товари,матеріали для ремонту,скріплювальні вироби,такелаж,коуши,4,42020203,коуши,1.58,3.15,3.94,6.30
товари,матеріали для ремонту,підлогові покриття,ламінат,ламінат,3,130713,ламінат,1.98,3.96,4.95,7.93
товари,матеріали для ремонту,скріплювальні вироби,такелаж,ланцюги,4,421004,ланцюги,1.58,3.15,3.94,6.30
товари,матеріали для ремонту,підлогові покриття,лінолеум,лінолеум,3,130714,лінолеум,0.76,1.53,1.91,3.05
товари,матеріали для ремонту,сантехніка,"огорожі та перегородки для ванної, душа, туалету","огорожі та перегородки для ванної, душа, туалету",3,13240220,"огорожі та перегородки для ванної, душа, туалету",0.76,1.53,1.91,3.05
товари,матеріали для ремонту,печі та каміни,"печі, каміни, топки, димоходи, загальне","печі, каміни, топки, димоходи, загальне",3,13240301,"печі, каміни, топки, димоходи, загальне",2.16,4.33,5.41,8.65
товари,матеріали для ремонту,облицювальна плитка,плитка для східців,плитка для східців,3,13073207,плитка для східців,0.76,1.53,1.91,3.05
товари,матеріали для ремонту,підлогові покриття,"покриття для підлоги, загальне","покриття для підлоги, загальне",3,130718,"покриття для підлоги, загальне",2.16,4.33,5.41,8.65
товари,матеріали для ремонту,декор для стін,склоблоки,склоблоки,3,131504,склоблоки,0.76,1.53,1.91,3.05
товари,матеріали для ремонту,опалення та тепла підлога,опалювальні котли,твердопаливні котли,4,14210103,твердопаливні котли,0.86,1.71,2.14,3.43
товари,матеріали для ремонту,підлогові покриття,терасове покриття,терасове покриття,3,130724,терасове покриття,2.70,5.40,6.75,10.80
товари,медикаменти та медичні товари,товари медичного призначення,контрацептиви,"контрацептиви, загальне",4,16131203,"контрацептиви, загальне",2.16,4.33,5.41,8.65
товари,медикаменти та медичні товари,товари для людей з інвалідністю,пандуси для людей з інвалідністю,пандуси для людей з інвалідністю,3,400910,пандуси для людей з інвалідністю,0.76,1.53,1.91,3.05
товари,медикаменти та медичні товари,товари для людей з інвалідністю,підйомники для людей з інвалідністю,підйомники для людей з інвалідністю,3,400907,підйомники для людей з інвалідністю,2.70,5.40,6.75,10.80
товари,медикаменти та медичні товари,товари для людей з інвалідністю,товари після мастектомії,"товари після мастектомії, загальне",4,400914,"товари після мастектомії, загальне",2.16,4.33,5.41,8.65
товари,медичне обладнання та витратні матеріали,медичне обладнання,фізіотерапевтичне обладнання,апарати лазерної терапії,4,16110407,апарати лазерної терапії,2.21,4.41,5.52,8.83
товари,медичне обладнання та витратні матеріали,медичне обладнання,фізіотерапевтичне обладнання,апарати увч-терапії,4,16110402,апарати увч-терапії,2.21,4.41,5.52,8.83
товари,медичне обладнання та витратні матеріали,медичне обладнання,лабораторне обладнання, вакуумні насоси та системи лабораторні,4,82626, вакуумні насоси та системи лабораторні,1.80,3.60,4.50,7.20
товари,медичне обладнання та витратні матеріали,медичне обладнання,обладнання для іммобілізації,каталки для переміщення пацієнтів,4,37021002,каталки для переміщення пацієнтів,2.70,5.40,6.75,10.80
товари,медичне обладнання та витратні матеріали,медичне обладнання,лабораторне обладнання,колбонагрівачі,4,82625,колбонагрівачі,1.80,3.60,4.50,7.20
товари,медичне обладнання та витратні матеріали,контрольні матеріали і калібратори,контрольні матеріали і калібратори,контрольні матеріали і калібратори,2,4011,контрольні матеріали і калібратори,0.53,1.05,1.31,2.10
товари,медичне обладнання та витратні матеріали,медичне обладнання,лабораторне обладнання,лабораторний посуд,4,82607,лабораторний посуд,1.80,3.60,4.50,7.20
товари,медичне обладнання та витратні матеріали,медичне обладнання,лабораторне обладнання,лабораторні бані,4,82612,лабораторні бані,1.80,3.60,4.50,7.20
товари,медичне обладнання та витратні матеріали,медичне обладнання,лор-обладнання,лор-обладнання,3,161127,лор-обладнання,1.53,3.06,3.83,6.13
товари,медичне обладнання та витратні матеріали,медичне обладнання,кардіологічне обладнання,монітори кардіологічні,4,16110903,монітори кардіологічні,2.03,4.05,5.06,8.10
товари,медичне обладнання та витратні матеріали,медичне обладнання,неонатологічне обладнання,неонатологічне обладнання,3,161116,неонатологічне обладнання,1.58,3.15,3.94,6.30
товари,медичне обладнання та витратні матеріали,медичне обладнання,обладнання для іммобілізації,носилки і щити санітарні,4,16112401,носилки і щити санітарні,2.70,5.40,6.75,10.80
товари,медичне обладнання та витратні матеріали,медичне обладнання,офтальмологічне обладнання,офтальмологічне обладнання,3,161107,офтальмологічне обладнання,1.31,2.61,3.27,5.23
товари,медичне обладнання та витратні матеріали,медичне обладнання,патологоанатомічне обладнання,патологоанатомічне обладнання,3,161121,патологоанатомічне обладнання,2.29,4.58,5.72,9.15
товари,медичне обладнання та витратні матеріали,медичне обладнання,лабораторне обладнання,печі лабораторні,4,82606,печі лабораторні,1.80,3.60,4.50,7.20
товари,медичне обладнання та витратні матеріали,медичне обладнання,реанімаційне обладнання,реанімаційне обладнання,3,161112,реанімаційне обладнання,2.70,5.40,6.75,10.80
товари,медичне обладнання та витратні матеріали,медичне обладнання,діагностичне обладнання,рентгенологічне обладнання,4,161111,рентгенологічне обладнання,2.29,4.58,5.72,9.15
товари,медичне обладнання та витратні матеріали,медичне обладнання,діагностичне обладнання,спіроаналізатори,4,161125,спіроаналізатори,2.29,4.58,5.72,9.15
товари,медичне обладнання та витратні матеріали,медичне обладнання,стерилізаційне обладнання,стерилізаційне обладнання,3,161118,стерилізаційне обладнання,2.70,5.40,6.75,10.80
товари,медичне обладнання та витратні матеріали,медичне обладнання,стоматологічні установки і крісла,стоматологічні установки і крісла,3,37021010,стоматологічні установки і крісла,2.10,4.20,5.25,8.40
товари,медичне обладнання та витратні матеріали,медичне обладнання,урологічне обладнання,урологічне обладнання,3,161115,урологічне обладнання,1.26,2.53,3.16,5.05
товари,медичне обладнання та витратні матеріали,медичне обладнання,фізіотерапевтичне обладнання,"фізіотерапевтичне устаткування, загальне",4,16110401,"фізіотерапевтичне устаткування, загальне",2.16,4.33,5.41,8.65
товари,медичне обладнання та витратні матеріали,медичне обладнання,кардіологічне обладнання,холтерівські системи,4,16110907,холтерівські системи,2.03,4.05,5.06,8.10
товари,нерухомість,виробничі будівлі,виробничі будівлі,виробничі будівлі,2,3107,виробничі будівлі,0.81,1.63,2.03,3.25
товари,нерухомість,каплиці,каплиці,каплиці,2,172409,каплиці,0.53,1.05,1.31,2.10
товари,нерухомість,торгові будівлі та споруди,торгові будівлі та споруди,торгові будівлі та споруди,2,3106,торгові будівлі та споруди,0.53,1.05,1.31,2.10
товари,обладнання та товари для надання послуг,обладнання для торгівлі,касове/прикасове обладнання,"pos-термінали, pos-системи",4,282960,"pos-термінали, pos-системи",2.21,4.43,5.53,8.85
товари,обладнання та товари для надання послуг,пральне обладнання,аксесуари для пралень,аксесуари для пралень,3,282926,аксесуари для пралень,1.04,2.08,2.59,4.15
товари,обладнання та товари для надання послуг,обладнання для торгівлі,теплове обладнання для вуличної торгівлі,апарати хот-дог та витратні матеріали,4,2200914,апарати хот-дог та витратні матеріали,0.99,1.98,2.47,3.95
товари,обладнання та товари для надання послуг,банківське обладнання,"банківське обладнання, загальне","банківське обладнання, загальне",3,51099,"банківське обладнання, загальне",2.16,4.33,5.41,8.65
товари,обладнання та товари для надання послуг,банківське обладнання,банківські витратні матеріали,банківські витратні матеріали,3,51009,банківські витратні матеріали,1.89,3.78,4.72,7.55
товари,обладнання та товари для надання послуг,обладнання для автосервісу,шиномонтажне обладнання,борторозширювачі,4,12110105,борторозширювачі,1.62,3.24,4.05,6.48
товари,обладнання та товари для надання послуг,обладнання для автосервісу,шиномонтажне обладнання,ванни для перевірки коліс,4,12110106,ванни для перевірки коліс,1.62,3.24,4.05,6.48
товари,обладнання та товари для надання послуг,horeca&fast-food,нейтральне обладнання horeca&fast-food,ванни мийні,4,240617,ванни мийні,2.16,4.33,5.41,8.65
товари,обладнання та товари для надання послуг,вендінгове і розважальне обладнання,"вендінгове і розважальне обладнання, загальна","вендінгове і розважальне обладнання, загальна",3,283054,"вендінгове і розважальне обладнання, загальна",2.16,4.33,5.41,8.65
товари,обладнання та товари для надання послуг,обладнання та матеріали для друкарні,післядрукарське та оздоблювальне устаткування,висікальне обладнання,4,230919,висікальне обладнання,1.62,3.24,4.05,6.48
товари,обладнання та товари для надання послуг,обладнання та матеріали для друкарні,витратні матеріали для поліграфії,"витратні матеріали для поліграфії, загальне",4,230920,"витратні матеріали для поліграфії, загальне",2.16,4.33,5.41,8.65
товари,обладнання та товари для надання послуг,horeca&fast-food,нейтральне обладнання horeca&fast-food,візки для horeca,4,2200928,візки для horeca,2.16,4.33,5.41,8.65
товари,обладнання та товари для надання послуг,обладнання для автосервісу,шиномонтажне обладнання,"візки, підставки для коліс",4,12110113,"візки, підставки для коліс",1.62,3.24,4.05,6.48
товари,обладнання та товари для надання послуг,товари для спортивної інфраструктури,професійні тренажери,"вуличні тренажери, комплекси",4,200921,"вуличні тренажери, комплекси",1.62,3.24,4.05,6.48
товари,обладнання та товари для надання послуг,обладнання для автосервісу,шиномонтажне обладнання,вулканізатори для автомобільних шин і камер,4,12110109,вулканізатори для автомобільних шин і камер,1.62,3.24,4.05,6.48
товари,обладнання та товари для надання послуг,"рекламне і виставкове обладнання, матеріали",готові пневмоконструкції,готові пневмоконструкції,3,281978,готові пневмоконструкції,1.08,2.16,2.70,4.33
товари,обладнання та товари для надання послуг,вендінгове і розважальне обладнання,гральні автомати,гральні автомати,3,282905,гральні автомати,0.53,1.05,1.31,2.10
товари,обладнання та товари для надання послуг,банківське обладнання,депозитні скриньки,депозитні скриньки,3,51008,депозитні скриньки,1.58,3.15,3.94,6.30
товари,обладнання та товари для надання послуг,вендінгове і розважальне обладнання,обладнання для заходів і клубів,дзеркальні кулі,4,283017,дзеркальні кулі,1.31,2.61,3.27,5.23
товари,обладнання та товари для надання послуг,обладнання для автосервісу,обладнання для техогляду і контрольне обладнання,димоміри портативні,4,12110602,димоміри портативні,1.95,3.90,4.88,7.80
товари,обладнання та товари для надання послуг,обладнання для торгівлі,касове/прикасове обладнання,дисплеї покупця,4,283005,дисплеї покупця,2.21,4.43,5.53,8.85
товари,обладнання та товари для надання послуг,обладнання для автосервісу,обладнання для техогляду і контрольне обладнання,діагностичні лінії,4,12110607,діагностичні лінії,1.95,3.90,4.88,7.80
товари,обладнання та товари для надання послуг,"рекламне і виставкове обладнання, матеріали",електронні табло та комплектуючі до них,електронні табло та комплектуючі до них,3,150407,електронні табло та комплектуючі до них,2.18,4.35,5.44,8.70
товари,обладнання та товари для надання послуг,обладнання для автосервісу,підйомне устаткування,запчастини для підйомного обладнання,4,12110309,запчастини для підйомного обладнання,2.25,4.50,5.63,9.00
товари,обладнання та товари для надання послуг,обладнання для торгівлі,касове/прикасове обладнання,зчитувачі магнітних карт,4,283006,зчитувачі магнітних карт,2.21,4.43,5.53,8.85
товари,обладнання та товари для надання послуг,обладнання для автосервісу,шиномонтажне обладнання,інфлятори шиномонтажні,4,12110112,інфлятори шиномонтажні,1.62,3.24,4.05,6.48
товари,обладнання та товари для надання послуг,комерційні меблі,офісні меблі,кабінети для керівників,4,15030407,кабінети для керівників,2.07,4.14,5.17,8.28
товари,обладнання та товари для надання послуг,комерційні меблі,офісні меблі,картотеки і файлові шафи,4,15030804,картотеки і файлові шафи,2.07,4.14,5.17,8.28
товари,обладнання та товари для надання послуг,обладнання для торгівлі,касове/прикасове обладнання,"касове устаткування, загальне",4,282998,"касове устаткування, загальне",2.16,4.33,5.41,8.65
товари,обладнання та товари для надання послуг,комерційні меблі,офісні меблі,комплекти офісних меблів,4,15030404,комплекти офісних меблів,2.07,4.14,5.17,8.28
товари,обладнання та товари для надання послуг,комерційні меблі,меблі для навчальних закладів,комплекти шкільних меблів,4,370243,комплекти шкільних меблів,1.08,2.16,2.70,4.33
товари,обладнання та товари для надання послуг,horeca&fast-food,теплове обладнання horeca&fast-food,конвекційні печі,4,240616,конвекційні печі,1.98,3.96,4.95,7.93
товари,обладнання та товари для надання послуг,horeca&fast-food,теплове обладнання horeca&fast-food,кукурудзоварки професійні,4,240664,кукурудзоварки професійні,1.98,3.96,4.95,7.93
товари,обладнання та товари для надання послуг,комерційні меблі,меблі для установ,ліжка армійські,4,15030810,ліжка армійські,0.53,1.05,1.31,2.10
товари,обладнання та товари для надання послуг,обладнання для автосервісу,обладнання для техогляду і контрольне обладнання,люфтомери і люфт-детектори,4,12110603,люфтомери і люфт-детектори,1.95,3.90,4.88,7.80
товари,обладнання та товари для надання послуг,"рекламне і виставкове обладнання, матеріали",матеріали для виготовлення реклами,магнітні вініли,4,91103,магнітні вініли,1.89,3.78,4.72,7.55
товари,обладнання та товари для надання послуг,horeca&fast-food,теплове обладнання horeca&fast-food,макароноварки професійні,4,2200917,макароноварки професійні,1.98,3.96,4.95,7.93
товари,обладнання та товари для надання послуг,комерційні меблі,меблі для салонів краси,масажні стільці,4,15030824,масажні стільці,1.53,3.06,3.83,6.13
товари,обладнання та товари для надання послуг,пральне обладнання,машини хімічної чистки одягу,машини хімічної чистки одягу,3,282923,машини хімічної чистки одягу,1.26,2.53,3.16,5.05
товари,обладнання та товари для надання послуг,комерційні меблі,меблі для horeca,"меблі для horeca, загальне",4,15030109,"меблі для horeca, загальне",2.16,4.33,5.41,8.65
товари,обладнання та товари для надання послуг,комерційні меблі,меблі для навчальних закладів,"меблі для навчальних закладів, загальне",4,37024003,"меблі для навчальних закладів, загальне",2.16,4.33,5.41,8.65
товари,обладнання та товари для надання послуг,комерційні меблі,меблі для сфери розваг,"меблі для сфери розваг, загальне",4,15030123,"меблі для сфери розваг, загальне",2.16,4.33,5.41,8.65
товари,обладнання та товари для надання послуг,комерційні меблі,медичні меблі,медичні шафи,4,37021003,медичні шафи,2.70,5.40,6.75,10.80
товари,обладнання та товари для надання послуг,horeca&fast-food,холодильне обладнання horeca&fast-food,морозильне обладнання для horeca і торгівлі,4,283039,морозильне обладнання для horeca і торгівлі,1.80,3.60,4.50,7.20
товари,обладнання та товари для надання послуг,релігійні і езотеричні товари,ритуальні товари,надгробки та пам'ятники,4,131205,надгробки та пам'ятники,0.86,1.71,2.14,3.43
товари,обладнання та товари для надання послуг,вендінгове і розважальне обладнання,надувні атракціони та аксесуари до них,надувні атракціони та аксесуари до них,3,12070401,надувні атракціони та аксесуари до них,0.76,1.53,1.91,3.05
товари,обладнання та товари для надання послуг,обладнання для автосервісу,"обладнання для автосервісу, загальне","обладнання для автосервісу, загальне",3,121110,"обладнання для автосервісу, загальне",2.16,4.33,5.41,8.65
товари,обладнання та товари для надання послуг,обладнання для автосервісу,обладнання для техогляду і контрольне обладнання,обладнання для діагностики і очищення паливних систем,4,12110604,обладнання для діагностики і очищення паливних систем,1.95,3.90,4.88,7.80
товари,обладнання та товари для надання послуг,обладнання для автосервісу,обладнання для автомийок,обладнання для мийок,4,12111403,обладнання для мийок,1.58,3.15,3.94,6.30
товари,обладнання та товари для надання послуг,обладнання для автосервісу,обладнання для ремонту двс,обладнання для ремонту двс,3,121115,обладнання для ремонту двс,1.39,2.79,3.48,5.58
товари,обладнання та товари для надання послуг,вендінгове і розважальне обладнання,"обладнання для театрів, кінотеатрів","обладнання для театрів, кінотеатрів",3,282934,"обладнання для театрів, кінотеатрів",0.63,1.26,1.58,2.53
товари,обладнання та товари для надання послуг,обладнання та матеріали для друкарні,друкарське устаткування,"обладнання для трафаретного друку, шовкографії",4,230918,"обладнання для трафаретного друку, шовкографії",1.17,2.34,2.92,4.68
товари,обладнання та товари для надання послуг,обладнання та матеріали для друкарні,друкарське устаткування,обладнання для цифрового друку,4,23090201,обладнання для цифрового друку,1.17,2.34,2.92,4.68
товари,обладнання та товари для надання послуг,обладнання та засоби для клінінгу,обладнання для чищення килимів,обладнання для чищення килимів,3,283088,обладнання для чищення килимів,0.76,1.53,1.91,3.05
товари,обладнання та товари для надання послуг,обладнання для автосервісу,обладнання рихтувальне,обладнання рихтувальне,3,121107,обладнання рихтувальне,2.16,4.33,5.41,8.65
товари,обладнання та товари для надання послуг,обладнання для навчальних закладів,обладнання та прилади для навчання,обладнання та прилади для навчання,3,2116,обладнання та прилади для навчання,0.76,1.53,1.91,3.05
товари,обладнання та товари для надання послуг,обладнання для автосервісу,обладнання для техогляду і контрольне обладнання,"обладнання та прилади для техогляду, загальне",4,12110606,"обладнання та прилади для техогляду, загальне",2.16,4.33,5.41,8.65
товари,обладнання та товари для надання послуг,комерційні меблі,офісні меблі,"офісні меблі, загальне",4,37013099,"офісні меблі, загальне",2.16,4.33,5.41,8.65
товари,обладнання та товари для надання послуг,обладнання та матеріали для друкарні,післядрукарське та оздоблювальне устаткування,"післядрукарське і обробне устаткування, загальне",4,23090304,"післядрукарське і обробне устаткування, загальне",2.16,4.33,5.41,8.65
товари,обладнання та товари для надання послуг,horeca&fast-food,теплове обладнання horeca&fast-food,плити професійні,4,240629,плити професійні,1.98,3.96,4.95,7.93
товари,обладнання та товари для надання послуг,пральне обладнання,"пральне устаткування, загальне","пральне устаткування, загальне",3,282927,"пральне устаткування, загальне",2.16,4.33,5.41,8.65
товари,обладнання та товари для надання послуг,пральне обладнання,промислові пральні машини,промислові пральні машини,3,282919,промислові пральні машини,1.98,3.96,4.95,7.93
товари,обладнання та товари для надання послуг,"рекламне і виставкове обладнання, матеріали",матеріали для виготовлення реклами,промо продукція,4,283038,промо продукція,1.89,3.78,4.72,7.55
товари,обладнання та товари для надання послуг,"професійне аудіо-, відео-, фото обладнання","професійне аудіо-, відео-, фото обладнання, загальне","професійне аудіо-, відео-, фото обладнання, загальне",3,6371802,"професійне аудіо-, відео-, фото обладнання, загальне",2.16,4.33,5.41,8.65
товари,обладнання та товари для надання послуг,вендінгове і розважальне обладнання,обладнання для заходів і клубів,пульти управління світлом,4,283068,пульти управління світлом,1.31,2.61,3.27,5.23
товари,обладнання та товари для надання послуг,комерційні меблі,медичні меблі,"рентгенозахисні вікна, двері",4,370211,"рентгенозахисні вікна, двері",2.70,5.40,6.75,10.80
товари,обладнання та товари для надання послуг,релігійні і езотеричні товари,ритуальні товари,"ритуальні товари, загальне",4,282601,"ритуальні товари, загальне",2.16,4.33,5.41,8.65
товари,обладнання та товари для надання послуг,"рекламне і виставкове обладнання, матеріали",ростові ляльки,ростові ляльки,3,30817,ростові ляльки,1.39,2.79,3.48,5.58
товари,обладнання та товари для надання послуг,комерційні меблі,меблі для сфери розваг,секційні крісла,4,370250,секційні крісла,0.86,1.71,2.14,3.43
товари,обладнання та товари для надання послуг,horeca&fast-food,електромеханічне обладнання horeca&fast-food,сиротерки,4,240662,сиротерки,1.80,3.60,4.50,7.20
товари,обладнання та товари для надання послуг,horeca&fast-food,теплове обладнання horeca&fast-food,сковороди професійні,4,2200932,сковороди професійні,1.98,3.96,4.95,7.93
товари,обладнання та товари для надання послуг,товари для спортивної інфраструктури,спортивні покриття,спортивні покриття,3,130721,спортивні покриття,0.76,1.53,1.91,3.05
товари,обладнання та товари для надання послуг,комерційні меблі,меблі для horeca,станції бармена,4,37011002,станції бармена,2.06,4.13,5.16,8.25
товари,обладнання та товари для надання послуг,комерційні меблі,торгові меблі,стелажі торгові і аксесуари,4,28290301,стелажі торгові і аксесуари,1.53,3.06,3.83,6.13
товари,обладнання та товари для надання послуг,обладнання для автосервісу,обладнання для техогляду і контрольне обладнання,стенди регулювання розвал-сходження коліс,4,12110102,стенди регулювання розвал-сходження коліс,1.95,3.90,4.88,7.80
товари,обладнання та товари для надання послуг,horeca&fast-food,теплове обладнання horeca&fast-food,"столи, шафи теплові",4,2200927,"столи, шафи теплові",1.98,3.96,4.95,7.93
товари,обладнання та товари для надання послуг,вендінгове і розважальне обладнання,сцени,сцени,3,283055,сцени,1.04,2.08,2.59,4.15
товари,обладнання та товари для надання послуг,horeca&fast-food,теплове обладнання horeca&fast-food,теплові вітрини ,4,240643,теплові вітрини ,1.98,3.96,4.95,7.93
товари,обладнання та товари для надання послуг,обладнання та матеріали для друкарні,друкарське устаткування,термопреси,4,230906,термопреси,1.17,2.34,2.92,4.68
товари,обладнання та товари для надання послуг,комерційні меблі,меблі для навчальних закладів,трибуни для виступів,4,370241,трибуни для виступів,1.08,2.16,2.70,4.33
товари,обладнання та товари для надання послуг,обладнання для автосервісу,"ультразвукові ванни, мийки, очисники","ультразвукові ванни, мийки, очисники",3,646,"ультразвукові ванни, мийки, очисники",2.29,4.58,5.72,9.15
товари,обладнання та товари для надання послуг,обладнання та матеріали для друкарні,післядрукарське та оздоблювальне устаткування,фальцювальні машини,4,230913,фальцювальні машини,1.62,3.24,4.05,6.48
товари,обладнання та товари для надання послуг,"професійне аудіо-, відео-, фото обладнання",фотолабораторії,фотолабораторії,3,1913,фотолабораторії,0.53,1.05,1.31,2.10
товари,обладнання та товари для надання послуг,horeca&fast-food,теплове обладнання horeca&fast-food,харчоварильні котли,4,240619,харчоварильні котли,1.98,3.96,4.95,7.93
товари,обладнання та товари для надання послуг,обладнання для торгівлі,касове/прикасове обладнання,цінники,4,211305,цінники,2.21,4.43,5.53,8.85
товари,обладнання та товари для надання послуг,комерційні меблі,торгові меблі,шафи для зберігання особистих речей,4,28290304,шафи для зберігання особистих речей,1.53,3.06,3.83,6.13
товари,обладнання та товари для надання послуг,комерційні меблі,меблі для установ,шафи для роздягалень і гардеробів,4,15030114,шафи для роздягалень і гардеробів,2.06,4.13,5.16,8.25
товари,обладнання та товари для надання послуг,обладнання для автосервісу,шиномонтажне обладнання,"шиномонтажне обладнання, загальне",4,12110108,"шиномонтажне обладнання, загальне",2.16,4.33,5.41,8.65
товари,опалення,рідкопаливні котли,рідкопаливні котли,рідкопаливні котли,2,13240117,рідкопаливні котли,2.70,5.40,6.75,10.80
послуги,"охоронні, аварійні і екстрені служби",послуги евакуатора,послуги евакуатора,послуги евакуатора,2,301408,послуги евакуатора,1.58,3.15,3.94,6.30
послуги,побутові послуги,клінінгові послуги,клінінгові послуги,клінінгові послуги,2,280101,клінінгові послуги,2.70,5.40,6.75,10.80
послуги,побутові послуги,послуги виготовлення та обслуговування побутових товарів,послуги виготовлення та обслуговування побутових товарів,послуги виготовлення та обслуговування побутових товарів,2,2835,послуги виготовлення та обслуговування побутових товарів,1.26,2.53,3.16,5.05
послуги,побутові послуги,послуги для домашніх тварин,послуги для домашніх тварин,послуги для домашніх тварин,2,2846,послуги для домашніх тварин,0.53,1.05,1.31,2.10
послуги,побутові послуги,послуги з пошиття та ремонту виробів,послуги з пошиття та ремонту виробів,послуги з пошиття та ремонту виробів,2,280191,послуги з пошиття та ремонту виробів,1.95,3.90,4.88,7.80
послуги,побутові послуги,ритуальні послуги,ритуальні послуги,ритуальні послуги,2,2847,ритуальні послуги,0.63,1.26,1.58,2.53
послуги,поліграфічні та дизайнерські послуги,поліграфічні послуги,виготовлення інформаційних стендів,виготовлення інформаційних стендів,3,280829,виготовлення інформаційних стендів,2.70,5.40,6.75,10.80
послуги,поліграфічні та дизайнерські послуги,"виготовлення маркувальної продукції, табличок","виготовлення маркувальної продукції, табличок","виготовлення маркувальної продукції, табличок",2,283103,"виготовлення маркувальної продукції, табличок",1.66,3.33,4.16,6.65
послуги,поліграфічні та дизайнерські послуги,виготовлення нагородної продукції,виготовлення нагородної продукції,виготовлення нагородної продукції,2,2850,виготовлення нагородної продукції,0.76,1.53,1.91,3.05
послуги,поліграфічні та дизайнерські послуги,"послуги дизайну та поліграфії, загальне","послуги дизайну та поліграфії, загальне","послуги дизайну та поліграфії, загальне",2,283199,"послуги дизайну та поліграфії, загальне",2.16,4.33,5.41,8.65
послуги,поліграфічні та дизайнерські послуги,поліграфічні послуги,типографічні послуги,типографічні послуги,3,280808,типографічні послуги,1.35,2.70,3.38,5.40
послуги,"послуги дозвілля, відпочинку, культури",послуги в сфері мистецтва і шоу-бізнесу,послуги в сфері мистецтва і шоу-бізнесу,послуги в сфері мистецтва і шоу-бізнесу,2,282208,послуги в сфері мистецтва і шоу-бізнесу,2.16,4.33,5.41,8.65
послуги,"послуги дозвілля, відпочинку, культури","послуги з організації дозвілля, загальне","послуги з організації дозвілля, загальне","послуги з організації дозвілля, загальне",2,280546,"послуги з організації дозвілля, загальне",2.16,4.33,5.41,8.65
послуги,"послуги дозвілля, відпочинку, культури",послуги з організації свят,послуги з організації свят,послуги з організації свят,2,280501,послуги з організації свят,0.99,1.98,2.47,3.95
послуги,"послуги дозвілля, відпочинку, культури",послуги кейтерингу та ресторанів,послуги кейтерингу та ресторанів,послуги кейтерингу та ресторанів,2,280532,послуги кейтерингу та ресторанів,0.53,1.05,1.31,2.10
послуги,послуги прокату і оренди,оренда біотуалетів,оренда біотуалетів,оренда біотуалетів,2,282503,оренда біотуалетів,0.90,1.80,2.25,3.60
послуги,послуги прокату і оренди,оренда дитячих товарів,оренда дитячих товарів,оренда дитячих товарів,2,282460,оренда дитячих товарів,0.86,1.71,2.14,3.43
послуги,послуги прокату і оренди,оренда інструменту та обладнання,оренда інструменту та обладнання,оренда інструменту та обладнання,2,282429,оренда інструменту та обладнання,2.03,4.05,5.06,8.10
послуги,послуги прокату і оренди,оренда мультимедіа обладнання,оренда мультимедіа обладнання,оренда мультимедіа обладнання,2,282478,оренда мультимедіа обладнання,0.99,1.98,2.47,3.95
послуги,послуги прокату і оренди,оренда обладнання для виставок і шоу-бізнесу,оренда сцен і подіумів,оренда сцен і подіумів,3,282445,оренда сцен і подіумів,0.76,1.53,1.91,3.05
послуги,послуги прокату і оренди,оренда та продаж нерухомості,оренда та продаж нерухомості,оренда та продаж нерухомості,2,281602,оренда та продаж нерухомості,0.76,1.53,1.91,3.05
послуги,послуги прокату і оренди,оренда товарів для спорту і туризму,оренда товарів для спорту і туризму,оренда товарів для спорту і туризму,2,282486,оренда товарів для спорту і туризму,0.76,1.53,1.91,3.05
послуги,послуги прокату і оренди,оренда транспортних засобів,оренда транспортних засобів,оренда транспортних засобів,2,282404,оренда транспортних засобів,0.99,1.98,2.47,3.95
послуги,послуги прокату і оренди,"послуги прокату і оренди, загальне","послуги прокату і оренди, загальне","послуги прокату і оренди, загальне",2,282403,"послуги прокату і оренди, загальне",2.16,4.33,5.41,8.65
послуги,"послуги у сфері медицини, здоров'я і краси",медичні послуги,"медичні послуги, загальне","медичні послуги, загальне",3,28090104,"медичні послуги, загальне",2.16,4.33,5.41,8.65
послуги,"послуги у сфері медицини, здоров'я і краси","послуги в сфері медицини, здоров'я і краси, загальне","послуги в сфері медицини, здоров'я і краси, загальне","послуги в сфері медицини, здоров'я і краси, загальне",2,280902,"послуги в сфері медицини, здоров'я і краси, загальне",2.16,4.33,5.41,8.65
послуги,"послуги у сфері медицини, здоров'я і краси",медичні послуги,послуги медичних лабораторій,послуги медичних лабораторій,3,280980,послуги медичних лабораторій,0.76,1.53,1.91,3.05
послуги,"послуги у сфері медицини, здоров'я і краси",послуги салонів краси,послуги салонів краси,послуги салонів краси,2,280906,послуги салонів краси,0.90,1.80,2.25,3.60
послуги,"послуги у сфері освіти, тренінги",курси,курси у сфері краси та здоров'я,курси у сфері краси та здоров'я,3,281644,курси у сфері краси та здоров'я,1.53,3.06,3.83,6.13
товари,промислова хімія,органічні сполуки,аміни,аміни,3,80306,аміни,1.95,3.90,4.88,7.80
товари,промислова хімія,колоїдна хімія,"колоїдні речовини, загальне","колоїдні речовини, загальне",3,80401,"колоїдні речовини, загальне",2.16,4.33,5.41,8.65
товари,промислова хімія,матеріали для неруйнівного контролю,матеріали для неруйнівного контролю,матеріали для неруйнівного контролю,2,8032402,матеріали для неруйнівного контролю,1.17,2.34,2.92,4.68
товари,промислова хімія,неорганічні сполуки,"неорганічні хімічні сполуки, загальне","неорганічні хімічні сполуки, загальне",3,80207,"неорганічні хімічні сполуки, загальне",2.16,4.33,5.41,8.65
товари,промислова хімія,органічні сполуки,органічні кислоти,органічні кислоти,3,80310,органічні кислоти,1.89,3.78,4.72,7.55
товари,промислова хімія,"пігменти, барвники",пігменти,пігменти,3,814,пігменти,1.31,2.61,3.27,5.23
товари,промислова хімія,піногасники,піногасники,піногасники,2,80327,піногасники,1.13,2.25,2.81,4.50
товари,промислова хімія,пластикові добавки,пластикові добавки,пластикові добавки,2,8320605,пластикові добавки,0.76,1.53,1.91,3.05
товари,промислова хімія,лакофарбові матеріали та покриття,покриття для човнів та суден,покриття для човнів та суден,3,81102,покриття для човнів та суден,1.13,2.25,2.81,4.50
товари,промислова хімія,"промислова хімія, загальне","промислова хімія, загальне","промислова хімія, загальне",2,80321,"промислова хімія, загальне",2.16,4.33,5.41,8.65
товари,промислова хімія,неорганічні сполуки,прості речовини,прості речовини,3,80205,прості речовини,1.66,3.33,4.16,6.65
товари,промислова хімія,хімічні реактиви,рідкі органічні та неорганічні реактиви,рідкі органічні та неорганічні реактиви,3,81703,рідкі органічні та неорганічні реактиви,1.44,2.88,3.59,5.75
товари,промислова хімія,сировина для косметики,сировина для косметики,сировина для косметики,2,82112,сировина для косметики,2.11,4.23,5.28,8.45
товари,промислова хімія,сировина для миючих засобів,сировина для миючих засобів,сировина для миючих засобів,2,82108,сировина для миючих засобів,2.25,4.50,5.63,9.00
товари,промислова хімія,сировина для пінополіуретанів,сировина для пінополіуретанів,сировина для пінополіуретанів,2,80328,сировина для пінополіуретанів,0.53,1.05,1.31,2.10
товари,промислова хімія,органічні сполуки,технічний спирт,технічний спирт,3,80308,технічний спирт,2.70,5.40,6.75,10.80
товари,промислова хімія,лакофарбові матеріали та покриття,фарби для нанесення дорожньої розмітки,фарби для нанесення дорожньої розмітки,3,13071006,фарби для нанесення дорожньої розмітки,1.98,3.96,4.95,7.93
товари,промислова хімія,хімічні реактиви,"хімічні реактиви, загальне","хімічні реактиви, загальне",3,81705,"хімічні реактиви, загальне",2.16,4.33,5.41,8.65
товари,промислове обладнання та верстати,складське обладнання,автомобілерозвантажувальні платформи,автомобілерозвантажувальні платформи,3,142919,автомобілерозвантажувальні платформи,1.53,3.06,3.83,6.13
товари,промислове обладнання та верстати,альтернативні джерела енергії,"альтернативні джерела енергії, загальне","альтернативні джерела енергії, загальне",3,101002,"альтернативні джерела енергії, загальне",2.16,4.33,5.41,8.65
товари,промислове обладнання та верстати,комплектуючі для промислового обладнання та верстатів,б/в комплектуючі для промислового обладнання та верстатів,б/в комплектуючі для промислового обладнання та верстатів,3,432441,б/в комплектуючі для промислового обладнання та верстатів,1.04,2.08,2.59,4.15
товари,промислове обладнання та верстати,хімічне обладнання,газобалонне обладнання,балони для зберігання газів,4,14160401,балони для зберігання газів,0.86,1.71,2.14,3.43
товари,промислове обладнання та верстати,кранове обладнання,баштові крани,баштові крани,3,13040204,баштові крани,1.13,2.25,2.81,4.50
товари,промислове обладнання та верстати,альтернативні джерела енергії,біогазові установки,"біогазові установки, загальне",4,10100105,"біогазові установки, загальне",2.16,4.33,5.41,8.65
товари,промислове обладнання та верстати,зварювальне та паяльне обладнання,блоки рідинного охолодження,блоки рідинного охолодження,3,144014,блоки рідинного охолодження,0.53,1.05,1.31,2.10
товари,промислове обладнання та верстати,енергообладнання,опалювальне та водонагрівальне обладнання,бункери для подачі твердого палива,4,142109,бункери для подачі твердого палива,2.70,5.40,6.75,10.80
товари,промислове обладнання та верстати,обладнання для видобувної промисловості,бурове обладнання,бурове долото,4,9150403,бурове долото,0.86,1.71,2.14,3.43
товари,промислове обладнання та верстати,обладнання для видобувної промисловості,бурове обладнання,"бурове обладнання, загальне",4,9150405,"бурове обладнання, загальне",2.16,4.33,5.41,8.65
товари,промислове обладнання та верстати,обладнання для видобувної промисловості,бурове обладнання,бурові установки,4,9150401,бурові установки,0.86,1.71,2.14,3.43
товари,промислове обладнання та верстати,технологічне обладнання,вакуумне обладнання,"вакуумне обладнання, загальне",4,1439,"вакуумне обладнання, загальне",2.16,4.33,5.41,8.65
товари,промислове обладнання та верстати,верстати,деревообробні верстати,верстати для виготовлення багетних рам,4,14310313,верстати для виготовлення багетних рам,1.26,2.53,3.16,5.05
товари,промислове обладнання та верстати,верстати,верстати для виробництва арматурних каркасів,верстати для виробництва арматурних каркасів,3,14209829,верстати для виробництва арматурних каркасів,0.53,1.05,1.31,2.10
товари,промислове обладнання та верстати,верстати,деревообробні верстати,верстати для обробки заготовок,4,14310324,верстати для обробки заготовок,1.26,2.53,3.16,5.05
товари,промислове обладнання та верстати,верстати,"верстати, загальне","верстати, загальне",3,14209804,"верстати, загальне",2.16,4.33,5.41,8.65
товари,промислове обладнання та верстати,технологічне обладнання,виробничі лінії,виробничі лінії,3,144501,виробничі лінії,1.88,3.75,4.69,7.50
товари,промислове обладнання та верстати,виробниче обладнання,ковальсько-пресове обладнання,"вирубні преси, прес-ножиці, гільйотини",4,14260603,"вирубні преси, прес-ножиці, гільйотини",1.26,2.53,3.16,5.05
товари,промислове обладнання та верстати,промислові насоси,вихрові промислові насоси,вихрові промислові насоси,3,14030102,вихрові промислові насоси,1.39,2.79,3.48,5.58
товари,промислове обладнання та верстати,промислові насоси,відцентрові промислові насоси,відцентрові промислові насоси,3,14030105,відцентрові промислові насоси,1.99,3.98,4.97,7.95
товари,промислове обладнання та верстати,гідрообладнання,водонапірні вежі,водонапірні вежі,3,13240406,водонапірні вежі,1.08,2.16,2.70,4.33
товари,промислове обладнання та верстати,хімічне обладнання,газобалонне обладнання,"газобалонне обладнання, загальне",4,141612,"газобалонне обладнання, загальне",2.16,4.33,5.41,8.65
товари,промислове обладнання та верстати,енергообладнання,газорозподільні пункти,газорозподільні пункти,3,145906,газорозподільні пункти,1.53,3.06,3.83,6.13
товари,промислове обладнання та верстати,компресори,гвинтові компресори,гвинтові компресори,3,141003,гвинтові компресори,2.70,5.40,6.75,10.80
товари,промислове обладнання та верстати,промислові насоси,гвинтові промислові насоси,гвинтові промислові насоси,3,14031501,гвинтові промислові насоси,0.86,1.71,2.14,3.43
товари,промислове обладнання та верстати,складське обладнання,гідравлічні ручні візки,гідравлічні ручні візки,3,142915,гідравлічні ручні візки,2.70,5.40,6.75,10.80
товари,промислове обладнання та верстати,обладнання для видобувної промисловості,гірниче обладнання,"гірниче обладнання, загальне",4,91501,"гірниче обладнання, загальне",2.16,4.33,5.41,8.65
товари,промислове обладнання та верстати,обладнання для видобувної промисловості,гірниче обладнання,гірничо-шахтне обладнання,4,91503,гірничо-шахтне обладнання,1.98,3.96,4.95,7.93
товари,промислове обладнання та верстати,верстати,деревообробні верстати,горбильні верстати,4,14310310,горбильні верстати,1.26,2.53,3.16,5.05
товари,промислове обладнання та верстати,енергообладнання,градирні,градирні,3,14240107,градирні,1.26,2.53,3.16,5.05
товари,промислове обладнання та верстати,кранове обладнання,гусеничні крани,гусеничні крани,3,13040202,гусеничні крани,1.26,2.53,3.16,5.05
товари,промислове обладнання та верстати,комплектуючі для промислового обладнання та верстатів,деталі двигунів,деталі двигунів,3,140130,деталі двигунів,0.99,1.98,2.47,3.95
товари,промислове обладнання та верстати,промислові насоси,"деталі промислових насосів, помп","деталі промислових насосів, помп",3,4104,"деталі промислових насосів, помп",1.17,2.34,2.92,4.68
товари,промислове обладнання та верстати,промислові насоси,"діафрагмові, мембранні промислові насоси","діафрагмові, мембранні промислові насоси",3,140313,"діафрагмові, мембранні промислові насоси",2.40,4.80,6.00,9.60
товари,промислове обладнання та верстати,виробниче обладнання,дробометні установки,дробометні установки,3,14209827,дробометні установки,1.35,2.70,3.38,5.40
товари,промислове обладнання та верстати,верстати,електроерозійні верстати,електроерозійні верстати,3,14209814,електроерозійні верстати,1.89,3.78,4.72,7.55
товари,промислове обладнання та верстати,альтернативні джерела енергії,електростанції на альтернативних джерелах енергії,електростанції на альтернативних джерелах енергії,3,410401,електростанції на альтернативних джерелах енергії,0.81,1.63,2.03,3.25
товари,промислове обладнання та верстати,маркувальне обладнання,етикетувальне обладнання,етикет-пістолети,4,14320403,етикет-пістолети,1.66,3.33,4.16,6.65
товари,промислове обладнання та верстати,маркувальне обладнання,етикетувальне обладнання,"етикетувальне обладнання, загальне",4,14320404,"етикетувальне обладнання, загальне",2.16,4.33,5.41,8.65
товари,промислове обладнання та верстати,хімічне обладнання,ємності високого тиску,ємності високого тиску,3,141608,ємності високого тиску,1.26,2.53,3.16,5.05
товари,промислове обладнання та верстати,складське обладнання,завіси пвх,завіси пвх,3,142914,завіси пвх,0.76,1.53,1.91,3.05
товари,промислове обладнання та верстати,загальні деталі та вузли машин та механізмів,"загальні деталі та вузли машин та механізмів, загальне","загальні деталі та вузли машин та механізмів, загальне",3,4107,"загальні деталі та вузли машин та механізмів, загальне",2.16,4.33,5.41,8.65
товари,промислове обладнання та верстати,обладнання для харчової промисловості,закаточне та консервне обладнання,закаточне та консервне обладнання,3,22012,закаточне та консервне обладнання,0.53,1.05,1.31,2.10
товари,промислове обладнання та верстати,комплектуючі для промислового обладнання та верстатів,запасні частини для хімічного обладнання,запасні частини для хімічного обладнання,3,1444,запасні частини для хімічного обладнання,1.44,2.88,3.59,5.75
товари,промислове обладнання та верстати,промислове прибиральне та очисне обладнання,запасні частини та комплектуючі для прибирального обладнання,запасні частини та комплектуючі для прибирального обладнання,3,147012,запасні частини та комплектуючі для прибирального обладнання,0.76,1.53,1.91,3.05
товари,промислове обладнання та верстати,"обладнання для автозаправних станцій, нафтобаз",заправні станції,заправні станції,3,141204,заправні станції,2.70,5.40,6.75,10.80
товари,промислове обладнання та верстати,обладнання для харчової промисловості,змішувачі для харчової промисловості,змішувачі для харчової промисловості,3,22019,змішувачі для харчової промисловості,1.89,3.78,4.72,7.55
товари,промислове обладнання та верстати,верстати,металообробні верстати,зубообробні верстати,4,142608,зубообробні верстати,2.07,4.14,5.17,8.28
товари,промислове обладнання та верстати,виробниче обладнання,обладнання для виробництва та прокладання кабелю,кабельні барабани,4,14190436,кабельні барабани,1.04,2.08,2.59,4.15
товари,промислове обладнання та верстати,виробниче обладнання,обладнання для виробництва та прокладання кабелю,кабельні ролики,4,14190432,кабельні ролики,1.04,2.08,2.59,4.15
товари,промислове обладнання та верстати,виробниче обладнання,ковальсько-пресове обладнання,ковальські верстати,4,14260604,ковальські верстати,1.26,2.53,3.16,5.05
товари,промислове обладнання та верстати,виробниче обладнання,ковальсько-пресове обладнання,"ковальсько-пресове обладнання, загальне",4,14260605,"ковальсько-пресове обладнання, загальне",2.16,4.33,5.41,8.65
товари,промислове обладнання та верстати,верстати,деревообробні верстати,комбіновані деревообробні верстати,4,14310306,комбіновані деревообробні верстати,1.26,2.53,3.16,5.05
товари,промислове обладнання та верстати,комплектуючі для промислового обладнання та верстатів,комплектуючі для бурового обладнання,комплектуючі для бурового обладнання,3,9150404,комплектуючі для бурового обладнання,1.13,2.25,2.81,4.50
товари,промислове обладнання та верстати,комплектуючі для промислового обладнання та верстатів,комплектуючі для вакуумного обладнання,комплектуючі для вакуумного обладнання,3,1438,комплектуючі для вакуумного обладнання,0.76,1.53,1.91,3.05
товари,промислове обладнання та верстати,складське обладнання,комплектуючі для візків,комплектуючі для візків,3,240659,комплектуючі для візків,2.11,4.23,5.28,8.45
товари,промислове обладнання та верстати,комплектуючі для промислового обладнання та верстатів,комплектуючі для кабельного обладнання,комплектуючі для кабельного обладнання,3,140115,комплектуючі для кабельного обладнання,0.99,1.98,2.47,3.95
товари,промислове обладнання та верстати,комплектуючі для промислового обладнання та верстатів,комплектуючі для лазерного обладнання,комплектуючі для лазерного обладнання,3,140134,комплектуючі для лазерного обладнання,1.35,2.70,3.38,5.40
товари,промислове обладнання та верстати,комплектуючі для промислового обладнання та верстатів,комплектуючі для металургійного обладнання,комплектуючі для металургійного обладнання,3,432419,комплектуючі для металургійного обладнання,1.26,2.53,3.16,5.05
товари,промислове обладнання та верстати,"обладнання для автозаправних станцій, нафтобаз",комплектуючі для паливороздавального обладнання,комплектуючі для паливороздавального обладнання,3,141201,комплектуючі для паливороздавального обладнання,2.70,5.40,6.75,10.80
товари,промислове обладнання та верстати,комплектуючі для промислового обладнання та верстатів,комплектуючі до обладнання для нанесення покриттів,комплектуючі до обладнання для нанесення покриттів,3,140112,комплектуючі до обладнання для нанесення покриттів,0.53,1.05,1.31,2.10
товари,промислове обладнання та верстати,технологічне обладнання,піскоструминне обладнання,комплектуючі до піскоструминного обладнання,4,14171603,комплектуючі до піскоструминного обладнання,1.44,2.88,3.59,5.75
товари,промислове обладнання та верстати,комплектуючі для промислового обладнання та верстатів,комплектуючі обладнання для виробництва будівельних матеріалів,комплектуючі обладнання для виробництва будівельних матеріалів,3,432415,комплектуючі обладнання для виробництва будівельних матеріалів,1.31,2.61,3.27,5.23
товари,промислове обладнання та верстати,комплектуючі для промислового обладнання та верстатів,комплектуючі обладнання для виробництва напоїв,комплектуючі обладнання для виробництва напоїв,3,432416,комплектуючі обладнання для виробництва напоїв,0.99,1.98,2.47,3.95
товари,промислове обладнання та верстати,комплектуючі для промислового обладнання та верстатів,комплектуючі обладнання для обробки пластику,комплектуючі обладнання для обробки пластику,3,432430,комплектуючі обладнання для обробки пластику,1.17,2.34,2.92,4.68
товари,промислове обладнання та верстати,маркувальне обладнання,комплектуючі та аксесуари до маркувального обладнання,комплектуючі та аксесуари до маркувального обладнання,3,143205,комплектуючі та аксесуари до маркувального обладнання,0.90,1.80,2.25,3.60
товари,промислове обладнання та верстати,компресори,"компресори, загальне","компресори, загальне",3,141005,"компресори, загальне",2.16,4.33,5.41,8.65
товари,промислове обладнання та верстати,технологічне обладнання,"конвеєри, транспортери","конвеєри, транспортери",3,1457,"конвеєри, транспортери",2.70,5.40,6.75,10.80
товари,промислове обладнання та верстати,промислове кліматичне обладнання,теплові гармати та нагрівачі,корпусні рідкопаливні нагрівачі,4,14150503,корпусні рідкопаливні нагрівачі,0.86,1.71,2.14,3.43
товари,промислове обладнання та верстати,кранове обладнання,"кранове обладнання, загальне","кранове обладнання, загальне",3,141102,"кранове обладнання, загальне",2.16,4.33,5.41,8.65
товари,промислове обладнання та верстати,енергообладнання,кріогенне обладнання,кріогенне обладнання,3,142401,кріогенне обладнання,1.89,3.78,4.72,7.55
товари,промислове обладнання та верстати,верстати,деревообробні верстати,кромкообрізні верстати,4,14310316,кромкообрізні верстати,1.26,2.53,3.16,5.05
товари,промислове обладнання та верстати,виробниче обладнання,ковальсько-пресове обладнання,кувальні молоти,4,14260601,кувальні молоти,1.26,2.53,3.16,5.05
товари,промислове обладнання та верстати,промислове термічне обладнання,лабораторне термічне обладнання,лабораторне термічне обладнання,3,143703,лабораторне термічне обладнання,1.13,2.25,2.81,4.50
товари,промислове обладнання та верстати,лісозаготівельне обладнання ,лісозаготівельне обладнання ,лісозаготівельне обладнання ,2,12902,лісозаготівельне обладнання ,0.90,1.80,2.25,3.60
товари,промислове обладнання та верстати,обладнання для харчової промисловості,обладнання для виробництва борошномельно-круп'яної продукції,макаронні преси,4,2200704,макаронні преси,0.86,1.71,2.14,3.43
товари,промислове обладнання та верстати,маркувальне обладнання,маркіратори,маркіратори,3,14320207,маркіратори,2.70,5.40,6.75,10.80
товари,промислове обладнання та верстати,маркувальне обладнання,"маркувальне обладнання, загальне","маркувальне обладнання, загальне",3,143203,"маркувальне обладнання, загальне",2.16,4.33,5.41,8.65
товари,промислове обладнання та верстати,енергообладнання,охолоджувачі,маслоохолоджувачі,4,14240106,маслоохолоджувачі,1.58,3.15,3.94,6.30
товари,промислове обладнання та верстати,загальні деталі та вузли машин та механізмів,металеві втулки,металеві втулки,3,4114,металеві втулки,2.33,4.65,5.81,9.30
товари,промислове обладнання та верстати,обладнання для харчової промисловості,обладнання для виробництва борошномельно-круп'яної продукції,млини для борошна,4,2200705,млини для борошна,0.86,1.71,2.14,3.43
товари,промислове обладнання та верстати,обладнання для харчової промисловості,"ножі, пилки, гаки для харчової промисловості","ножі, пилки, гаки для харчової промисловості",3,22026,"ножі, пилки, гаки для харчової промисловості",0.76,1.53,1.91,3.05
товари,промислове обладнання та верстати,зварювальне та паяльне обладнання,обладнання для автоматизації зварювання,обладнання для автоматизації зварювання,3,144016,обладнання для автоматизації зварювання,0.76,1.53,1.91,3.05
товари,промислове обладнання та верстати,обладнання для видобувної промисловості,гірниче обладнання,обладнання для брикетування,4,91507,обладнання для брикетування,1.98,3.96,4.95,7.93
товари,промислове обладнання та верстати,технологічне обладнання,промислове обладнання для спеціального ремонту,обладнання для будівництва та ремонту трубопроводів,4,1435,обладнання для будівництва та ремонту трубопроводів,1.04,2.08,2.59,4.15
товари,промислове обладнання та верстати,виробниче обладнання,обладнання для обробки пластику та гуми,обладнання для вакуумного формування,4,147111,обладнання для вакуумного формування,1.53,3.06,3.83,6.13
товари,промислове обладнання та верстати,обладнання для видобувної промисловості,"обладнання для видобувної промисловості, загальне","обладнання для видобувної промисловості, загальне",3,146201,"обладнання для видобувної промисловості, загальне",2.16,4.33,5.41,8.65
товари,промислове обладнання та верстати,обладнання для харчової промисловості,обладнання для виробництва борошномельно-круп'яної продукції,"обладнання для виробництва борошномельно-круп'яної продукції, загальне",4,2200701,"обладнання для виробництва борошномельно-круп'яної продукції, загальне",2.16,4.33,5.41,8.65
товари,промислове обладнання та верстати,виробниче обладнання,"обладнання для виробництва виробів з бетону, глини","обладнання для виробництва виробів з бетону, глини",3,431401,"обладнання для виробництва виробів з бетону, глини",1.04,2.08,2.59,4.15
товари,промислове обладнання та верстати,обладнання для харчової промисловості,обладнання для хлібобулочних та кондитерських виробів,обладнання для виробництва кондитерських виробів,4,6430503,обладнання для виробництва кондитерських виробів,0.90,1.80,2.25,3.60
товари,промислове обладнання та верстати,виробниче обладнання,обладнання для виробництва меблів,"обладнання для виробництва меблів, загальне",4,370910,"обладнання для виробництва меблів, загальне",2.16,4.33,5.41,8.65
товари,промислове обладнання та верстати,пакувальне та фасувальне обладнання,обладнання для виробництва пакетів,обладнання для виробництва пакетів,3,3808,обладнання для виробництва пакетів,2.21,4.41,5.52,8.83
товари,промислове обладнання та верстати,виробниче обладнання,обладнання для обробки пластику та гуми,обладнання для виробництва пластикових виробів,4,147106,обладнання для виробництва пластикових виробів,1.53,3.06,3.83,6.13
товари,промислове обладнання та верстати,виробниче обладнання,обладнання для виробництва покрівельних матеріалів,обладнання для виробництва покрівельних матеріалів,3,431413,обладнання для виробництва покрівельних матеріалів,0.53,1.05,1.31,2.10
товари,промислове обладнання та верстати,виробниче обладнання,"обладнання для виробництва та обробки паперових виробів, серветок","обладнання для виробництва та обробки паперових виробів, серветок",3,2308,"обладнання для виробництва та обробки паперових виробів, серветок",0.53,1.05,1.31,2.10
товари,промислове обладнання та верстати,виробниче обладнання,обладнання для виробництва та прокладання труб,обладнання для виробництва та прокладання труб,3,431405,обладнання для виробництва та прокладання труб,0.53,1.05,1.31,2.10
товари,промислове обладнання та верстати,"обладнання для автозаправних станцій, нафтобаз",обладнання для зливу/наливу нафтопродуктів,обладнання для зливу/наливу нафтопродуктів,3,141203,обладнання для зливу/наливу нафтопродуктів,1.58,3.15,3.94,6.30
товари,промислове обладнання та верстати,технологічне обладнання,лазерне обладнання,обладнання для лазерного гравіювання,4,52002,обладнання для лазерного гравіювання,2.21,4.41,5.52,8.83
товари,промислове обладнання та верстати,обладнання для харчової промисловості,"обладнання для миття, розливу, фасувально-пакувальних і складських операцій",обладнання для миття харчових продуктів,4,2201804,обладнання для миття харчових продуктів,1.08,2.16,2.70,4.33
товари,промислове обладнання та верстати,верстати,обладнання для нанесення клею,обладнання для нанесення клею,3,143119,обладнання для нанесення клею,0.53,1.05,1.31,2.10
товари,промислове обладнання та верстати,обладнання для видобувної промисловості,обладнання для нафтовидобутку,обладнання для нафтовидобутку,3,430103,обладнання для нафтовидобутку,1.08,2.16,2.70,4.33
товари,промислове обладнання та верстати,виробниче обладнання,обладнання для обробки пластику та гуми,"обладнання для обробки пластику, загальне",4,147199,"обладнання для обробки пластику, загальне",2.16,4.33,5.41,8.65
товари,промислове обладнання та верстати,виробниче обладнання,обладнання для обробки та виробництва виробів зі скла,обладнання для обробки та виробництва виробів зі скла,3,4323,обладнання для обробки та виробництва виробів зі скла,1.39,2.79,3.48,5.58
товари,промислове обладнання та верстати,гідрообладнання,обладнання для очищення стічних вод,обладнання для очищення стічних вод,3,140317,обладнання для очищення стічних вод,2.10,4.20,5.25,8.40
товари,промислове обладнання та верстати,обладнання для харчової промисловості,обладнання для переробки овочів та фруктів,"обладнання для переробки овочів та фруктів, загальне",4,2200101,"обладнання для переробки овочів та фруктів, загальне",2.16,4.33,5.41,8.65
товари,промислове обладнання та верстати,обладнання для харчової промисловості,обладнання для переробки яєць,обладнання для переробки яєць,3,22027,обладнання для переробки яєць,1.31,2.61,3.27,5.23
товари,промислове обладнання та верстати,обладнання для харчової промисловості,обладнання для переробки риби та інших морепродуктів,обладнання для переробки риби та інших морепродуктів,3,2200201,обладнання для переробки риби та інших морепродуктів,0.86,1.71,2.14,3.43
товари,промислове обладнання та верстати,виробниче обладнання,обладнання для виробництва та прокладання кабелю,"обладнання для прокладання кабелю, загальне",4,14190439,"обладнання для прокладання кабелю, загальне",2.16,4.33,5.41,8.65
товари,промислове обладнання та верстати,технологічне обладнання,обладнання для різання та перемотування рулонних матеріалів,обладнання для різання та перемотування рулонних матеріалів,3,1436,обладнання для різання та перемотування рулонних матеріалів,0.76,1.53,1.91,3.05
товари,промислове обладнання та верстати,виробниче обладнання,обладнання для обробки пластику та гуми,обладнання для роботи з гумою,4,1480,обладнання для роботи з гумою,1.53,3.06,3.83,6.13
товари,промислове обладнання та верстати,обладнання для харчової промисловості,"обладнання для переробки м'яса, виробництва м'ясопродуктів",обладнання для розморожування,4,2200604,обладнання для розморожування,1.31,2.61,3.27,5.23
товари,промислове обладнання та верстати,обладнання для харчової промисловості,обладнання для хлібобулочних та кондитерських виробів,"обладнання для хлібобулочних та кондитерських виробів, загальне",4,6430501,"обладнання для хлібобулочних та кондитерських виробів, загальне",2.16,4.33,5.41,8.65
товари,промислове обладнання та верстати,виробниче обладнання,обладнання та матеріали для виробництва ключів,обладнання та матеріали для виробництва ключів,3,282931,обладнання та матеріали для виробництва ключів,0.63,1.26,1.58,2.53
товари,промислове обладнання та верстати,енергообладнання,охолоджувачі,"охолоджувачі, загальне",4,14590201,"охолоджувачі, загальне",2.16,4.33,5.41,8.65
товари,промислове обладнання та верстати,пакувальне та фасувальне обладнання,пакувальне обладнання,пакувальне обладнання,3,230710,пакувальне обладнання,1.66,3.33,4.16,6.65
товари,промислове обладнання та верстати,складське обладнання,промислово-складські ваги,палетні ваги,4,15371118,палетні ваги,2.51,5.03,6.28,10.05
товари,промислове обладнання та верстати,промислове прибиральне та очисне обладнання,парогенератори професійні,парогенератори професійні,3,147008,парогенератори професійні,0.86,1.71,2.14,3.43
товари,промислове обладнання та верстати,верстати,деревообробні верстати,пилорами,4,143101,пилорами,1.26,2.53,3.16,5.05
товари,промислове обладнання та верстати,технологічне обладнання,піскоструминне обладнання,"піскоструминне обладнання, загальне",4,1442,"піскоструминне обладнання, загальне",2.16,4.33,5.41,8.65
товари,промислове обладнання та верстати,обладнання для видобувної промисловості,бурове обладнання,пневмоударники,4,9150408,пневмоударники,0.86,1.71,2.14,3.43
товари,медичне обладнання та витратні матеріали,медичне обладнання,лабораторне обладнання,помольне обладнання,4,141605,помольне обладнання,0.53,1.05,1.31,2.10
товари,промислове обладнання та верстати,обладнання для видобувної промисловості,гірниче обладнання,породонавантажувальне обладнання,4,91508,породонавантажувальне обладнання,1.98,3.96,4.95,7.93
товари,промислове обладнання та верстати,загальні деталі та вузли машин та механізмів,прецизійні деталі,прецизійні деталі,3,1472,прецизійні деталі,1.17,2.34,2.92,4.68
товари,промислове обладнання та верстати,загальні деталі та вузли машин та механізмів,пристрої цифрової індикації,пристрої цифрової індикації,3,4115,пристрої цифрової індикації,0.72,1.44,1.80,2.88
товари,промислове обладнання та верстати,промислове термічне обладнання,"промислове термічне обладнання, загальне","промислове термічне обладнання, загальне",3,143708,"промислове термічне обладнання, загальне",2.16,4.33,5.41,8.65
товари,промислове обладнання та верстати,промислове прибиральне та очисне обладнання,промислові очищувачі повітря,промислові осушувачі повітря,4,140203,промислові осушувачі повітря,2.11,4.23,5.28,8.45
товари,промислове обладнання та верстати,промислове термічне обладнання,промислові печі для випалу кераміки та порцеляни,промислові печі для випалу кераміки та порцеляни,3,143704,промислові печі для випалу кераміки та порцеляни,1.04,2.08,2.59,4.15
товари,промислове обладнання та верстати,промислове термічне обладнання,промислові печі для плавлення,промислові печі для плавлення,3,143706,промислові печі для плавлення,1.08,2.16,2.70,4.33
товари,промислове обладнання та верстати,промислове термічне обладнання,промислові печі для сушіння,промислові печі для сушіння,3,143705,промислові печі для сушіння,1.80,3.60,4.50,7.20
товари,промислове обладнання та верстати,промислове термічне обладнання,промислові печі для термообробки металів та сплавів,промислові печі для термообробки металів та сплавів,3,143701,промислові печі для термообробки металів та сплавів,1.13,2.25,2.81,4.50
товари,промислове обладнання та верстати,енергообладнання,опалювальне та водонагрівальне обладнання,промислові регістри опалення,4,142110,промислові регістри опалення,2.70,5.40,6.75,10.80
товари,промислове обладнання та верстати,промислові роботи,промислові роботи,промислові роботи,2,1474,промислові роботи,1.44,2.88,3.59,5.75
товари,промислове обладнання та верстати,промислове прибиральне та очисне обладнання,промислові очищувачі повітря,промислові системи очищення та іонізації повітря,4,14020101,промислові системи очищення та іонізації повітря,2.11,4.23,5.28,8.45
товари,промислове обладнання та верстати,промислові фільтри,промислові фільтри,промислові фільтри,2,1405,промислові фільтри,1.35,2.70,3.38,5.40
товари,промислове обладнання та верстати,загальні деталі та вузли машин та механізмів,підшипники,радіальні підшипники,4,145613,радіальні підшипники,0.53,1.05,1.31,2.10
товари,промислове обладнання та верстати,резервуари та баки,резервуари та баки для зберігання токсичних речовин,резервуари та баки для зберігання токсичних речовин,3,145003,резервуари та баки для зберігання токсичних речовин,1.26,2.53,3.16,5.05
товари,промислове обладнання та верстати,енергообладнання,рефрижераторне обладнання,рефрижераторні контейнери,4,14240110,рефрижераторні контейнери,1.04,2.08,2.59,4.15
товари,промислове обладнання та верстати,верстати,металообробні верстати,різьбонарізні верстати,4,14209821,різьбонарізні верстати,2.07,4.14,5.17,8.28
товари,промислове обладнання та верстати,виробниче обладнання,допоміжне обладнання,розвідні верстати,4,14312404,розвідні верстати,1.26,2.53,3.16,5.05
товари,промислове обладнання та верстати,верстати,металообробні верстати,розточувальні верстати,4,14209826,розточувальні верстати,2.07,4.14,5.17,8.28
товари,промислове обладнання та верстати,виробниче обладнання,обладнання для виробництва меблів,свердлильно-присадні верстати,4,370905,свердлильно-присадні верстати,1.53,3.06,3.83,6.13
товари,промислове обладнання та верстати,промислові насоси,свердловинні насоси,свердловинні насоси,3,140309,свердловинні насоси,1.89,3.78,4.72,7.55
товари,промислове обладнання та верстати,технологічне обладнання,сепаратори,сепаратори зважених речовин,4,142308,сепаратори зважених речовин,2.70,5.40,6.75,10.80
товари,промислове обладнання та верстати,технологічне обладнання,сепаратори,сепаратори нафтопродуктів,4,142304,сепаратори нафтопродуктів,2.70,5.40,6.75,10.80
товари,промислове обладнання та верстати,технологічне обладнання,сепаратори,сепаратори повітря,4,142301,сепаратори повітря,2.70,5.40,6.75,10.80
товари,промислове обладнання та верстати,технологічне обладнання,сепаратори,"сепаратори, загальне",4,142305,"сепаратори, загальне",2.16,4.33,5.41,8.65
товари,промислове обладнання та верстати,складське обладнання,складські ножичні підйомники,складські ножичні підйомники,3,142908,складські ножичні підйомники,2.10,4.20,5.25,8.40
товари,промислове обладнання та верстати,обладнання для харчової промисловості,сортувальне обладнання для продуктів харчування,сортувальне обладнання для продуктів харчування,3,22021,сортувальне обладнання для продуктів харчування,0.53,1.05,1.31,2.10
товари,промислове обладнання та верстати,складське обладнання,промислово-складські ваги,стрижневі ваги,4,14292002,стрижневі ваги,2.51,5.03,6.28,10.05
товари,промислове обладнання та верстати,загальні деталі та вузли машин та механізмів,"стрижні, вали","стрижні, вали",3,4106,"стрижні, вали",0.53,1.05,1.31,2.10
товари,промислове обладнання та верстати,верстати,деревообробні верстати,стрічкові та лобзикові верстати,4,14310311,стрічкові та лобзикові верстати,1.26,2.53,3.16,5.05
товари,промислове обладнання та верстати,верстати,металообробні верстати,стругальні верстати по металу,4,14209825,стругальні верстати по металу,2.07,4.14,5.17,8.28
товари,промислове обладнання та верстати,обладнання для видобувної промисловості,гірниче обладнання,сушильне обладнання для гірських порід,4,91510,сушильне обладнання для гірських порід,1.98,3.96,4.95,7.93
товари,промислове обладнання та верстати,промислове кліматичне обладнання,теплові гармати та нагрівачі,тепловентилятори з водяним нагрівом,4,142106,тепловентилятори з водяним нагрівом,0.86,1.71,2.14,3.43
товари,промислове обладнання та верстати,промислове кліматичне обладнання,теплові гармати та нагрівачі,"теплові гармати та нагрівачі, загальне",4,14150506,"теплові гармати та нагрівачі, загальне",2.16,4.33,5.41,8.65
товари,промислове обладнання та верстати,енергообладнання,теплогенератори,теплогенератори,3,14240204,теплогенератори,1.53,3.06,3.83,6.13
товари,промислове обладнання та верстати,енергообладнання,теплообмінне обладнання,"теплообмінне обладнання, загальне",4,145904,"теплообмінне обладнання, загальне",2.16,4.33,5.41,8.65
товари,промислове обладнання та верстати,пакувальне та фасувальне обладнання,термопакувальне обладнання,термопакувальне обладнання,3,230723,термопакувальне обладнання,2.29,4.58,5.72,9.15
товари,промислове обладнання та верстати,верстати,деревообробні верстати,токарні верстати по дереву,4,14310305,токарні верстати по дереву,1.26,2.53,3.16,5.05
товари,промислове обладнання та верстати,зварювальне та паяльне обладнання,установки для аргонодугового зварювання,установки для аргонодугового зварювання,3,14400502,установки для аргонодугового зварювання,0.76,1.53,1.91,3.05
товари,промислове обладнання та верстати,промислове кліматичне обладнання,промислові кондиціонери,фанкойли,4,14650206,фанкойли,2.70,5.40,6.75,10.80
товари,промислове обладнання та верстати,виробниче обладнання,допоміжне обладнання,фарбувальні та сушильні камери для дерева,4,143117,фарбувальні та сушильні камери для дерева,1.26,2.53,3.16,5.05
товари,промислове обладнання та верстати,фармацевтичне обладнання,фармацевтичне обладнання,фармацевтичне обладнання,2,161508,фармацевтичне обладнання,0.76,1.53,1.91,3.05
товари,промислове обладнання та верстати,промислове прибиральне та очисне обладнання,фільтрувальні матеріали,фільтрувальні мембрани,4,143304,фільтрувальні мембрани,1.62,3.24,4.05,6.48
товари,промислове обладнання та верстати,промислове прибиральне та очисне обладнання,фільтрувальні матеріали,фільтрувальні мішки,4,143302,фільтрувальні мішки,1.62,3.24,4.05,6.48
товари,промислове обладнання та верстати,хімічне обладнання,хімічне аналітичне обладнання,хімічне аналітичне обладнання,3,141613,хімічне аналітичне обладнання,0.53,1.05,1.31,2.10
товари,промислове обладнання та верстати,хімічне обладнання,"хімічне обладнання, загальне","хімічне обладнання, загальне",3,141699,"хімічне обладнання, загальне",2.16,4.33,5.41,8.65
товари,промислове обладнання та верстати,енергообладнання,холодильне промислове обладнання,холодильні конденсатори,4,14240103,холодильні конденсатори,1.39,2.79,3.48,5.58
товари,промислове обладнання та верстати,промислове кліматичне обладнання,промислові кондиціонери,центральні кондиціонери,4,14650204,центральні кондиціонери,2.70,5.40,6.75,10.80
товари,промислове обладнання та верстати,промислові насоси,шестеренні промислові насоси,шестеренні промислові насоси,3,14030101,шестеренні промислові насоси,2.70,5.40,6.75,10.80
товари,промислове обладнання та верстати,обладнання для легкої промисловості,шкіряно-галантерейне обладнання,шкіряно-галантерейне обладнання,3,4306,шкіряно-галантерейне обладнання,0.53,1.05,1.31,2.10
товари,промислове обладнання та верстати,складське обладнання,"штабелери, електровізки для палет","штабелери, електровізки для палет",3,142906,"штабелери, електровізки для палет",2.70,5.40,6.75,10.80
послуги,промислові послуги,послуги із забезпечення охорони праці,послуги із забезпечення охорони праці,послуги із забезпечення охорони праці,2,282094,послуги із забезпечення охорони праці,2.70,5.40,6.75,10.80
послуги,промислові послуги,послуги підприємств легкої промисловості,послуги підприємств легкої промисловості,послуги підприємств легкої промисловості,3,282076,послуги підприємств легкої промисловості,0.86,1.71,2.14,3.43
послуги,промислові послуги,послуги фарбування та нанесення покриттів,послуги фарбування та нанесення покриттів,послуги фарбування та нанесення покриттів,2,282021,послуги фарбування та нанесення покриттів,1.80,3.60,4.50,7.20
послуги,промислові послуги,проектно-конструкторські та технологічні роботи,проектно-конструкторські та технологічні роботи,проектно-конструкторські та технологічні роботи,2,282003,проектно-конструкторські та технологічні роботи,1.58,3.15,3.94,6.30
послуги,промислові послуги,"промислові послуги, загальне","промислові послуги, загальне","промислові послуги, загальне",2,282027,"промислові послуги, загальне",2.16,4.33,5.41,8.65
послуги,промислові послуги,розробка і виготовлення електроніки,розробка і виготовлення електроніки,розробка і виготовлення електроніки,2,282047,розробка і виготовлення електроніки,1.04,2.08,2.59,4.15
послуги,"реклама, маркетинг, pr",pr послуги,pr послуги,pr послуги,2,2838,pr послуги,0.90,1.80,2.25,3.60
послуги,"реклама, маркетинг, pr",маркетингові послуги,маркетингові послуги,маркетингові послуги,2,280610,маркетингові послуги,1.58,3.15,3.94,6.30
послуги,"реклама, маркетинг, pr",послуги рекламних агентств,послуги рекламних агентств,послуги рекламних агентств,2,281917,послуги рекламних агентств,1.35,2.70,3.38,5.40
послуги,ремонт і обслуговування техніки та обладнання,ремонт та технічне обслуговування автотранспорту,переобладнання автотранспорту,переобладнання автотранспорту,3,282368,переобладнання автотранспорту,1.08,2.16,2.70,4.33
послуги,ремонт і обслуговування техніки та обладнання,ремонт та технічне обслуговування автотранспорту,"послуги з обслуговування автотранспорту, загальне","послуги з обслуговування автотранспорту, загальне",3,282325,"послуги з обслуговування автотранспорту, загальне",2.16,4.33,5.41,8.65
послуги,ремонт і обслуговування техніки та обладнання,ремонт та технічне обслуговування автотранспорту,ремонт і заміна автоскла,ремонт і заміна автоскла,3,282346,ремонт і заміна автоскла,1.35,2.70,3.38,5.40
послуги,ремонт і обслуговування техніки та обладнання,ремонт обладнання для сфери обслуговування,ремонт обладнання для сфери обслуговування,ремонт обладнання для сфери обслуговування,2,282309,ремонт обладнання для сфери обслуговування,1.35,2.70,3.38,5.40
послуги,ремонт і обслуговування техніки та обладнання,ремонт та технічне обслуговування автотранспорту,ремонт та діагностика рульового управління,ремонт та діагностика рульового управління,3,282512,ремонт та діагностика рульового управління,1.84,3.69,4.61,7.38
послуги,ремонт і обслуговування техніки та обладнання,ремонт та обслуговування офісної техніки,ремонт та обслуговування офісної техніки,ремонт та обслуговування офісної техніки,2,282335,ремонт та обслуговування офісної техніки,1.95,3.90,4.88,7.80
послуги,ремонт і обслуговування техніки та обладнання,ремонт та обслуговування промислового обладнання,ремонт та обслуговування промислового обладнання,ремонт та обслуговування промислового обладнання,2,28200105,ремонт та обслуговування промислового обладнання,1.44,2.88,3.59,5.75
послуги,ремонт і обслуговування техніки та обладнання,ремонт та технічне обслуговування вантажівок,ремонт та технічне обслуговування вантажівок,ремонт та технічне обслуговування вантажівок,2,282305,ремонт та технічне обслуговування вантажівок,2.03,4.05,5.06,8.10
послуги,ремонт і обслуговування техніки та обладнання,ремонт та технічне обслуговування спецтехніки,ремонт та технічне обслуговування спецтехніки,ремонт та технічне обслуговування спецтехніки,2,282303,ремонт та технічне обслуговування спецтехніки,2.70,5.40,6.75,10.80
послуги,ремонт і обслуговування техніки та обладнання,ремонт та технічне обслуговування автотранспорту,технічне обслуговування (то) автомобілів,технічне обслуговування (то) автомобілів,3,282380,технічне обслуговування (то) автомобілів,0.76,1.53,1.91,3.05
послуги,ремонт і обслуговування техніки та обладнання,ремонт та технічне обслуговування автотранспорту,тюнінг та стайлінг автотранспорту,тюнінг та стайлінг автотранспорту,3,282391,тюнінг та стайлінг автотранспорту,0.90,1.80,2.25,3.60
послуги,ремонт і обслуговування техніки та обладнання,ремонт та технічне обслуговування автотранспорту,шиномонтаж та балансування,шиномонтаж та балансування,3,282316,шиномонтаж та балансування,1.04,2.08,2.59,4.15
товари,сировина та матеріали,паливно-енергетична сировина,тверде паливо,вугілля,4,1002,вугілля,2.70,5.40,6.75,10.80
товари,сировина та матеріали,паливно-енергетична сировина,рідке паливо,дизельне паливо,4,10010301,дизельне паливо,0.86,1.71,2.14,3.43
товари,сировина та матеріали,паливно-енергетична сировина,нафта та нафтопродукти,кокс,4,100107,кокс,0.99,1.98,2.47,3.95
товари,сировина та матеріали,паливно-енергетична сировина,нафта та нафтопродукти,нафта,4,100101,нафта,0.99,1.98,2.47,3.95
товари,сировина та матеріали,паливно-енергетична сировина,нафта та нафтопродукти,"нафтопродукти, загальне",4,100111,"нафтопродукти, загальне",2.16,4.33,5.41,8.65
товари,сировина та матеріали,паливно-енергетична сировина,рідке паливо,"паливо, загальне",4,10010306,"паливо, загальне",2.16,4.33,5.41,8.65
товари,сировина та матеріали,сировина для важкої промисловості,полімерна сировина,поліетилен,4,807007,поліетилен,2.11,4.23,5.28,8.45
товари,сировина та матеріали,сировина для важкої промисловості,полімерна сировина,полімери,4,800201,полімери,2.11,4.23,5.28,8.45
товари,сировина та матеріали,сировина для важкої промисловості,полімерна сировина,полістирол,4,807006,полістирол,2.11,4.23,5.28,8.45
товари,сировина та матеріали,сировина для важкої промисловості,сировина для металургії,сировина для металургії,3,905,сировина для металургії,1.62,3.24,4.05,6.48
товари,сировина та матеріали,"сировина та матеріали, загальне","сировина та матеріали, загальне","сировина та матеріали, загальне",2,918,"сировина та матеріали, загальне",2.16,4.33,5.41,8.65
товари,сировина та матеріали,сировина для легкої промисловості,тканини,спеціальні тканини,4,431,спеціальні тканини,0.76,1.53,1.91,3.05
товари,сировина та матеріали,сировина для важкої промисловості,полімерна сировина,фторопласти,4,80804,фторопласти,2.11,4.23,5.28,8.45
товари,"сільгосппродукція, техніка та обладнання",сільськогосподарська техніка,навісне та причіпне сільгоспобладнання,борони,4,1280801,борони,1.88,3.75,4.69,7.50
товари,"сільгосппродукція, техніка та обладнання",сільськогосподарське обладнання,обладнання для тваринництва,годівниці для сільськогосподарських тварин,4,13104,годівниці для сільськогосподарських тварин,1.94,3.88,4.84,7.75
товари,"сільгосппродукція, техніка та обладнання",сільськогосподарська техніка,навісне та причіпне сільгоспобладнання,грунтообробні агрегати,4,1280807,грунтообробні агрегати,1.88,3.75,4.69,7.50
товари,"сільгосппродукція, техніка та обладнання",сільськогосподарське обладнання,обладнання для тваринництва,доїльні апарати,4,13107,доїльні апарати,1.94,3.88,4.84,7.75
товари,"сільгосппродукція, техніка та обладнання",сільськогосподарська техніка,навісне та причіпне сільгоспобладнання,жниварки,4,1280501,жниварки,1.88,3.75,4.69,7.50
товари,"сільгосппродукція, техніка та обладнання",сільськогосподарське обладнання,елеватори та зерносховища,завантажувачі зерна,4,120807,завантажувачі зерна,2.70,5.40,6.75,10.80
товари,"сільгосппродукція, техніка та обладнання",сільськогосподарське обладнання,обладнання для вирощування та переробки зерна,зерномети,4,1281003,зерномети,2.48,4.95,6.19,9.90
товари,"сільгосппродукція, техніка та обладнання",сільськогосподарське обладнання,обладнання для вирощування та переробки зерна,зерноочисні машини,4,1281001,зерноочисні машини,2.48,4.95,6.19,9.90
товари,"сільгосппродукція, техніка та обладнання",сільськогосподарська техніка,комбайни,комбайни,3,1280201,комбайни,1.31,2.61,3.27,5.23
товари,"сільгосппродукція, техніка та обладнання",сільськогосподарське обладнання,обладнання для тваринництва,комплектуючі для тваринницького обладнання,4,13122,комплектуючі для тваринницького обладнання,1.94,3.88,4.84,7.75
товари,"сільгосппродукція, техніка та обладнання",сільськогосподарська техніка,навісне та причіпне сільгоспобладнання,косарки,4,1281102,косарки,1.88,3.75,4.69,7.50
товари,"сільгосппродукція, техніка та обладнання",сільськогосподарська техніка,навісне та причіпне сільгоспобладнання,"навісне та причіпне сільгоспобладнання, загальне",4,12805,"навісне та причіпне сільгоспобладнання, загальне",2.16,4.33,5.41,8.65
товари,"сільгосппродукція, техніка та обладнання",сільськогосподарське обладнання,обладнання для тваринництва,обладнання для забою худоби,4,13120,обладнання для забою худоби,1.94,3.88,4.84,7.75
товари,"сільгосппродукція, техніка та обладнання",сільськогосподарське обладнання,обладнання для рослинництва,обладнання для обробки біомаси,4,12816,обладнання для обробки біомаси,1.71,3.43,4.28,6.85
товари,"сільгосппродукція, техніка та обладнання",сільськогосподарське обладнання,обладнання для тваринництва,обладнання для розведення великої рогатої худоби,4,13111,обладнання для розведення великої рогатої худоби,1.94,3.88,4.84,7.75
товари,"сільгосппродукція, техніка та обладнання",сільськогосподарське обладнання,обладнання для тваринництва,"обладнання для тваринництва, загальне",4,13102,"обладнання для тваринництва, загальне",2.16,4.33,5.41,8.65
товари,"сільгосппродукція, техніка та обладнання",сільськогосподарське обладнання,обладнання для рослинництва,обладнання для хімзахисту та внесення добрив,4,12812,обладнання для хімзахисту та внесення добрив,1.71,3.43,4.28,6.85
товари,"сільгосппродукція, техніка та обладнання",сільськогосподарське обладнання,обладнання для рослинництва,обладнання та машини для сільськогосподарської іригації,4,12813,обладнання та машини для сільськогосподарської іригації,1.71,3.43,4.28,6.85
товари,"сільгосппродукція, техніка та обладнання",сільськогосподарське обладнання,обладнання для тваринництва,охолоджувачі молока,4,13119,охолоджувачі молока,1.94,3.88,4.84,7.75
товари,"сільгосппродукція, техніка та обладнання",рослинництво,плодоовочеві культури,"плодоовочеві культури, загальне",4,12104,"плодоовочеві культури, загальне",2.16,4.33,5.41,8.65
товари,"сільгосппродукція, техніка та обладнання",сільськогосподарська техніка,навісне та причіпне сільгоспобладнання,плуги,4,1280805,плуги,1.88,3.75,4.69,7.50
товари,"сільгосппродукція, техніка та обладнання",сільськогосподарська техніка,навісне та причіпне сільгоспобладнання,польові подрібнювачі рослинних залишків,4,1281105,польові подрібнювачі рослинних залишків,1.88,3.75,4.69,7.50
товари,"сільгосппродукція, техніка та обладнання",сільськогосподарська техніка,навісне та причіпне сільгоспобладнання,прес-підбирач,4,1280603,прес-підбирач,1.88,3.75,4.69,7.50
товари,"сільгосппродукція, техніка та обладнання",сільськогосподарська техніка,навісне та причіпне сільгоспобладнання,"пристосування для збирання соняшника, ріпаку, сої",4,1280503,"пристосування для збирання соняшника, ріпаку, сої",1.88,3.75,4.69,7.50
товари,"сільгосппродукція, техніка та обладнання",рибництво,рибопосадковий матеріал,рибопосадковий матеріал,3,12602,рибопосадковий матеріал,1.08,2.16,2.70,4.33
товари,"сільгосппродукція, техніка та обладнання",сільськогосподарська техніка,навісне та причіпне сільгоспобладнання,садилки навісні та причіпні,4,1280904,садилки навісні та причіпні,1.88,3.75,4.69,7.50
товари,"сільгосппродукція, техніка та обладнання",сільськогосподарське обладнання,елеватори та зерносховища,силоси для зерна,4,120803,силоси для зерна,2.70,5.40,6.75,10.80
товари,"сільгосппродукція, техніка та обладнання",сільськогосподарська техніка,навісне та причіпне сільгоспобладнання,силосні машини,4,1280606,силосні машини,1.88,3.75,4.69,7.50
товари,"сільгосппродукція, техніка та обладнання",сільськогосподарська техніка,"сільгосптехніка, загальне","сільгосптехніка, загальне",3,14090201,"сільгосптехніка, загальне",2.16,4.33,5.41,8.65
товари,"сільгосппродукція, техніка та обладнання",сільськогосподарське обладнання,обладнання для рослинництва,сітки для сінажу,4,1280604,сітки для сінажу,1.71,3.43,4.28,6.85
товари,"сільгосппродукція, техніка та обладнання",сільськогосподарська техніка,трактори,трактори,3,12801,трактори,0.76,1.53,1.91,3.05
товари,спорт і відпочинок,зимові види спорту,"зимові види спорту, загальне","зимові види спорту, загальне",3,202415,"зимові види спорту, загальне",2.16,4.33,5.41,8.65
товари,спорт і відпочинок,товари для туризму та подорожей,польові кухні,польові кухні,3,341804,польові кухні,1.04,2.08,2.59,4.15
товари,тара та упаковка,пакувальні матеріали,дерев'яні пакувальні матеріали,"дерев'яні пакувальні матеріали, загальне",4,230628,"дерев'яні пакувальні матеріали, загальне",2.16,4.33,5.41,8.65
товари,тара та упаковка,пакувальні матеріали,пакувальні плівки,металізована плівка,4,230650,металізована плівка,1.35,2.70,3.38,5.40
товари,тара та упаковка,пакувальні матеріали,пакувальні плівки,"пакувальні плівки, загальне",4,230629,"пакувальні плівки, загальне",2.16,4.33,5.41,8.65
товари,тара та упаковка,паперова продукція та упаковка,промисловий папір,промисловий папір,3,230112,промисловий папір,0.63,1.26,1.58,2.53
товари,тара та упаковка,пакувальні матеріали,"тефлонові сітки, стрічки","тефлонові сітки, стрічки",3,230655,"тефлонові сітки, стрічки",0.99,1.98,2.47,3.95
товари,тара та упаковка,транспортні ємності,транспортні ємності,транспортні ємності,2,2304,транспортні ємності,0.76,1.53,1.91,3.05
товари,телекомунікації та зв'язок,антенно-щоглові споруди,антенно-щоглові споруди,антенно-щоглові споруди,2,50933,антенно-щоглові споруди,1.08,2.16,2.70,4.33
товари,телекомунікації та зв'язок,серверне обладнання,засоби управління серверами,засоби управління серверами,3,70305,засоби управління серверами,0.53,1.05,1.31,2.10
товари,телекомунікації та зв'язок,пасивне мережеве обладнання,кросове обладнання,кросове обладнання,3,50931,кросове обладнання,0.99,1.98,2.47,3.95
товари,телекомунікації та зв'язок,активне мережеве обладнання,міжмережеві екрани,міжмережеві екрани,3,50924,міжмережеві екрани,0.76,1.53,1.91,3.05
товари,телекомунікації та зв'язок,активне мережеве обладнання,обладнання pon,обладнання pon,3,71907,обладнання pon,0.76,1.53,1.91,3.05
товари,телекомунікації та зв'язок,активне мережеве обладнання,обладнання xdsl,обладнання xdsl,3,70803,обладнання xdsl,0.76,1.53,1.91,3.05
товари,телекомунікації та зв'язок,пасивне мережеве обладнання,оптоволоконне обладнання,оптичні дільники,4,5092008,оптичні дільники,0.86,1.71,2.14,3.43
товари,телекомунікації та зв'язок,серверне обладнання,"серверне обладнання, загальне","серверне обладнання, загальне",3,70301,"серверне обладнання, загальне",2.16,4.33,5.41,8.65
товари,техніка та електроніка,комп'ютерна техніка та пз,програмне забезпечення (пз),"пз для інтернету, локальних мереж",4,28420312,"пз для інтернету, локальних мереж",1.98,3.96,4.95,7.93
товари,техніка та електроніка,комп'ютерна техніка та пз,програмне забезпечення (пз),пз для торгівлі,4,284346,пз для торгівлі,1.98,3.96,4.95,7.93
товари,"авіа-, ж/д-, водний транспорт",водний транспорт,"комплектуючі, запчастини до водного транспорту",вентиляційні та опалювальні системи суден,4,12070613,вентиляційні та опалювальні системи суден,1.17,2.34,2.92,4.68
товари,"авіа-, ж/д-, водний транспорт",водний транспорт,водні скутери,водні скутери,3,120705,водні скутери,0.76,1.53,1.91,3.05
товари,"авіа-, ж/д-, водний транспорт",водний транспорт,"комплектуючі, запчастини до водного транспорту",гвинти гребні,4,12070604,гвинти гребні,1.17,2.34,2.92,4.68
товари,"авіа-, ж/д-, водний транспорт",водний транспорт,системи управління судном,гідравлічні кермові системи управління судном,4,12070902,гідравлічні кермові системи управління судном,0.86,1.71,2.14,3.43
товари,"авіа-, ж/д-, водний транспорт",водний транспорт,"комплектуючі, запчастини до водного транспорту",гідрофойли,4,12070612,гідрофойли,1.17,2.34,2.92,4.68
товари,"авіа-, ж/д-, водний транспорт",залізничний транспорт і комплектуючі,залізничний інструмент,"залізничний інструмент, загальне",4,14201302,"залізничний інструмент, загальне",2.16,4.33,5.41,8.65
товари,"авіа-, ж/д-, водний транспорт",залізничний транспорт і комплектуючі,"залізничний транспорт і комплектуючі, загальне","залізничний транспорт і комплектуючі, загальне",3,120608,"залізничний транспорт і комплектуючі, загальне",2.16,4.33,5.41,8.65
товари,"авіа-, ж/д-, водний транспорт",водний транспорт,системи управління судном,кермові колеса човнові,4,12070907,кермові колеса човнові,0.86,1.71,2.14,3.43
товари,"авіа-, ж/д-, водний транспорт",водний транспорт,системи управління судном,кермові троси для човнів,4,12070903,кермові троси для човнів,0.86,1.71,2.14,3.43
товари,"авіа-, ж/д-, водний транспорт",залізничний транспорт і комплектуючі,елементи й комплектуюча верхньої будови колії,"комплектуючі верхньої будови колії, загальне",4,12060403,"комплектуючі верхньої будови колії, загальне",2.16,4.33,5.41,8.65
товари,"авіа-, ж/д-, водний транспорт",залізничний транспорт і комплектуючі,комплектуючі та запчастини для залізничного транспорту,комплектуючі та запчастини для залізничного транспорту,3,120603,комплектуючі та запчастини для залізничного транспорту,1.04,2.08,2.59,4.15
товари,"авіа-, ж/д-, водний транспорт",повітряний транспорт,літаки та вертольоти,літаки та вертольоти,3,121802,літаки та вертольоти,0.76,1.53,1.91,3.05
товари,"авіа-, ж/д-, водний транспорт",водний транспорт,системи управління судном,механічні кермові системи управління судном,4,12070901,механічні кермові системи управління судном,0.86,1.71,2.14,3.43
товари,"авіа-, ж/д-, водний транспорт",водний транспорт,електрообладнання для суден,навігаційні вогні судна,4,12071001,навігаційні вогні судна,1.04,2.08,2.59,4.15
товари,"авіа-, ж/д-, водний транспорт",водний транспорт,суднові системи водопостачання та каналізації,насоси суднові,4,12071104,насоси суднові,0.63,1.26,1.58,2.53
товари,"авіа-, ж/д-, водний транспорт",водний транспорт,електрообладнання для суден,"панелі перемикачів,  розетки і кнопки для суден",4,12071006,"панелі перемикачів,  розетки і кнопки для суден",1.04,2.08,2.59,4.15
товари,"авіа-, ж/д-, водний транспорт",залізничний транспорт і комплектуючі,елементи й комплектуюча верхньої будови колії,підкладки залізничні,4,12060405,підкладки залізничні,1.13,2.25,2.81,4.50
товари,"авіа-, ж/д-, водний транспорт",повітряний транспорт,"повітряний транспорт, загальне","повітряний транспорт, загальне",3,121804,"повітряний транспорт, загальне",2.16,4.33,5.41,8.65
товари,"авіа-, ж/д-, водний транспорт",водний транспорт,понтони і причали,понтони і причали,3,120707,понтони і причали,0.53,1.05,1.31,2.10
товари,"авіа-, ж/д-, водний транспорт",залізничний транспорт і комплектуючі,елементи й комплектуюча верхньої будови колії,рейки,4,120607,рейки,1.17,2.34,2.92,4.68
товари,"авіа-, ж/д-, водний транспорт",водний транспорт,системи управління судном,"системи управління судном, загальне",4,12070908,"системи управління судном, загальне",2.16,4.33,5.41,8.65
товари,"авіа-, ж/д-, водний транспорт",залізничний транспорт і комплектуючі,стрілочні переводи,стрілочні переводи,3,120606,стрілочні переводи,1.26,2.51,3.14,5.03
товари,"авіа-, ж/д-, водний транспорт",водний транспорт,електрообладнання для суден,суднові пульти управління,4,12071005,суднові пульти управління,1.04,2.08,2.59,4.15
товари,"авіа-, ж/д-, водний транспорт",водний транспорт,електрообладнання для суден,суднові сирени й склоочисники,4,12071007,суднові сирени й склоочисники,1.04,2.08,2.59,4.15
товари,"авіа-, ж/д-, водний транспорт",водний транспорт,системи управління судном,суднові троси управління газом/реверсом,4,12070904,суднові троси управління газом/реверсом,0.86,1.71,2.14,3.43
товари,"авіа-, ж/д-, водний транспорт",водний транспорт,суднові системи водопостачання та каналізації,суднові туалети,4,12071102,суднові туалети,0.63,1.26,1.58,2.53
товари,"авіа-, ж/д-, водний транспорт",водний транспорт,"комплектуючі, запчастини до водного транспорту",суднові швартові кнехти,4,12070611,суднові швартові кнехти,1.17,2.34,2.92,4.68
товари,"авіа-, ж/д-, водний транспорт","транспортні засоби, загальне","транспортні засоби, загальне","транспортні засоби, загальне",2,1220,"транспортні засоби, загальне",2.16,4.33,5.41,8.65
товари,"авіа-, ж/д-, водний транспорт",водний транспорт,"комплектуючі, запчастини до водного транспорту",чохли на водний транспорт,4,12070606,чохли на водний транспорт,1.17,2.34,2.92,4.68
товари,"авіа-, ж/д-, водний транспорт",водний транспорт,"комплектуючі, запчастини до водного транспорту",якірне обладнання суден,4,12070608,якірне обладнання суден,1.17,2.34,2.92,4.68
товари,"авто-, мото",мототехніка,квадроцикли та баггі,квадроцикли та баггі,3,3411,квадроцикли та баггі,0.86,1.71,2.14,3.43
товари,"авто-, мото",автозапчастини,кривошипно-шатунний механізм (кшм),"колінчастий вал, шестерні колінчастого вала",4,12020423,"колінчастий вал, шестерні колінчастого вала",0.99,1.98,2.47,3.95
товари,"авто-, мото",автозапчастини,система охолодження двигуна,компресора системи охолодження,4,120244,компресора системи охолодження,1.04,2.08,2.59,4.15
товари,"авто-, мото",автозапчастини,деталі трансмісії транспорту,коробки перемикання передач (кпп),4,12023816,коробки перемикання передач (кпп),0.76,1.53,1.91,3.05
товари,"авто-, мото",автозапчастини,кривошипно-шатунний механізм (кшм),"кривошипно-шатунний механізм, загальне",4,550207,"кривошипно-шатунний механізм, загальне",2.16,4.33,5.41,8.65
товари,"авто-, мото",легкові автомобілі,легкові автомобілі,легкові автомобілі,2,1201,легкові автомобілі,2.70,5.40,6.75,10.80
товари,"авто-, мото",легкові електромобілі,легкові електромобілі,легкові електромобілі,2,5504,легкові електромобілі,0.76,1.53,1.91,3.05
товари,"авто-, мото",автозапчастини,органи керування,"органи управління, загальне",4,120207,"органи управління, загальне",2.16,4.33,5.41,8.65
товари,"авто-, мото",електрообладнання автомобілів,піддони для акумуляторів,піддони для акумуляторів,3,12020309,піддони для акумуляторів,0.76,1.53,1.91,3.05
товари,"авто-, мото",автозапчастини,система запалювання двигуна,"системи запалювання, загальне",4,12020503,"системи запалювання, загальне",2.16,4.33,5.41,8.65
товари,"авто-, мото",автозапчастини,система змащування двигуна,гідравлічні фільтри ,4,140311,гідравлічні фільтри ,0.90,1.80,2.25,3.60
товари,антикваріат і колекціонування,"антикваріат, загальне","антикваріат, загальне","антикваріат, загальне",2,170304,"антикваріат, загальне",2.16,4.33,5.41,8.65
товари,безпека та захист,системи і засоби пожежної безпеки,блискавкозахист і заземлення,"блискавкозахист і заземлення, загальне",4,300310,"блискавкозахист і заземлення, загальне",2.16,4.33,5.41,8.65
товари,безпека та захист,системи і засоби пожежної безпеки,блискавкозахист і заземлення,блискавкоприймачі,4,300301,блискавкоприймачі,1.13,2.25,2.81,4.50
товари,безпека та захист,системи і засоби пожежної безпеки,"пожежне обладнання, інвентар та комплектуючі","вентилі, клапани та муфти",4,300926,"вентилі, клапани та муфти",1.66,3.33,4.16,6.65
товари,безпека та захист,системи і засоби пожежної безпеки,"пожежне обладнання, інвентар та комплектуючі",водопінне обладнання,4,300938,водопінне обладнання,1.66,3.33,4.16,6.65
товари,безпека та захист,системи і засоби пожежної безпеки,"елементи систем, що перешкоджають поширенню вогню","елементи систем, що перешкоджають поширенню вогню",3,300918,"елементи систем, що перешкоджають поширенню вогню",0.53,1.05,1.31,2.10
товари,безпека та захист,засоби зберігання і транспортування цінностей,"засоби зберігання і транспортування цінностей, загальне","засоби зберігання і транспортування цінностей, загальне",3,302401,"засоби зберігання і транспортування цінностей, загальне",2.16,4.33,5.41,8.65
товари,безпека та захист,засоби і системи сккд,"засоби і системи сккд, загальне","засоби і системи сккд, загальне",3,301304,"засоби і системи сккд, загальне",2.16,4.33,5.41,8.65
товари,безпека та захист,засоби організації дорожнього руху,колесовідбійники,колесовідбійники,3,301513,колесовідбійники,0.53,1.05,1.31,2.10
товари,безпека та захист,системи і засоби пожежної безпеки,"пожежне обладнання, інвентар та комплектуючі",комплектуючі для протипожежного обладнання,4,300919,комплектуючі для протипожежного обладнання,1.66,3.33,4.16,6.65
товари,безпека та захист,засоби і системи сккд,контролери сккд,контролери сккд,3,301312,контролери сккд,1.31,2.61,3.27,5.23
товари,безпека та захист,системи і засоби пожежної безпеки,"пожежне обладнання, інвентар та комплектуючі",модулі пожежогасіння,4,300903,модулі пожежогасіння,1.66,3.33,4.16,6.65
товари,безпека та захист,технічні засоби відеоспостереження,об'єктиви для камер відеоспостереження,об'єктиви для камер відеоспостереження,3,301106,об'єктиви для камер відеоспостереження,0.53,1.05,1.31,2.10
товари,безпека та захист,"пістолети, гвинтівки і револьвери","пістолети, гвинтівки і револьвери, загальне","пістолети, гвинтівки і револьвери, загальне",3,302112,"пістолети, гвинтівки і револьвери, загальне",2.16,4.33,5.41,8.65
товари,безпека та захист,системи і засоби пожежної безпеки,пожежна автоматика,"пожежна автоматика, загальне",4,300931,"пожежна автоматика, загальне",2.16,4.33,5.41,8.65
товари,безпека та захист,системи і засоби пожежної безпеки,"пожежне обладнання, інвентар та комплектуючі","пожежне обладнання, інвентар та комплектуючі, загальне",4,300924,"пожежне обладнання, інвентар та комплектуючі, загальне",2.16,4.33,5.41,8.65
товари,безпека та захист,системи і засоби пожежної безпеки,"пожежне обладнання, інвентар та комплектуючі","пожежні мотопомпи, насоси та насосні станції",4,300939,"пожежні мотопомпи, насоси та насосні станції",1.66,3.33,4.16,6.65
товари,безпека та захист,системи і засоби пожежної безпеки,"пожежне обладнання, інвентар та комплектуючі",пожежно-рятувальні комплекси,4,300948,пожежно-рятувальні комплекси,1.66,3.33,4.16,6.65
товари,безпека та захист,засоби організації дорожнього руху,поліцейські лежачі,поліцейські лежачі,3,301506,поліцейські лежачі,1.84,3.69,4.61,7.38
товари,безпека та захист,спеціальні технічні засоби,пригнічувач диктофонов,пригнічувач диктофонов,3,300411,пригнічувач диктофонов,0.63,1.26,1.58,2.53
товари,безпека та захист,системи охорони та оповіщення,пристрою прийому-передачі сигналів,пристрою прийому-передачі сигналів,3,302311,пристрою прийому-передачі сигналів,1.04,2.08,2.59,4.15
товари,безпека та захист,системи і засоби пожежної безпеки,протипожежні конструкції,протипожежні конструкції,3,300908,протипожежні конструкції,0.86,1.71,2.14,3.43
товари,безпека та захист,системи і засоби пожежної безпеки,блискавкозахист і заземлення,розрядники для захисту від блискавок/заземлення,4,300309,розрядники для захисту від блискавок/заземлення,1.13,2.25,2.81,4.50
товари,безпека та захист,системи і засоби пожежної безпеки,"пожежне обладнання, інвентар та комплектуючі",рукави пожежні,4,300904,рукави пожежні,1.66,3.33,4.16,6.65
товари,безпека та захист,засоби організації дорожнього руху,світлофори,світлофори,3,301503,світлофори,1.31,2.61,3.27,5.23
товари,безпека та захист,системи і засоби пожежної безпеки,"системи і засоби пожежної безпеки, загальне","системи і засоби пожежної безпеки, загальне",3,300907,"системи і засоби пожежної безпеки, загальне",2.16,4.33,5.41,8.65
товари,безпека та захист,засоби організації дорожнього руху,системи управління дорожнім рухом,системи управління дорожнім рухом,3,301504,системи управління дорожнім рухом,1.80,3.60,4.50,7.20
товари,безпека та захист,системи і засоби пожежної безпеки,блискавкозахист і заземлення,струмовідводи,4,300302,струмовідводи,1.13,2.25,2.81,4.50
товари,безпека та захист,системи охорони та оповіщення,тривожні кнопки і кнопки виходу,тривожні кнопки і кнопки виходу,3,302308,тривожні кнопки і кнопки виходу,1.26,2.53,3.16,5.05
товари,безпека та захист,засоби і системи сккд,турнікети,турнікети,3,301301,турнікети,2.21,4.43,5.53,8.85
товари,безпека та захист,засоби і системи сккд,шлюзові кабіни,шлюзові кабіни,3,301308,шлюзові кабіни,0.76,1.53,1.91,3.05
товари,безпека та захист,технічні засоби відеоспостереження,комплектуючі для систем відеоспостереження,ящики акб,4,301114,ящики акб,0.53,1.05,1.31,2.10
товари,будівництво,будівельна техніка та обладнання,вантажопідйомні будівельні машини та обладнання,автовишки,4,13040213,автовишки,2.70,5.40,6.75,10.80
товари,будівництво,будівельна техніка та обладнання,дорожньо-будівельні машини та обладнання,"автогрейдери, скрепери",4,132609,"автогрейдери, скрепери",1.95,3.90,4.88,7.80
товари,будівництво,будівельна техніка та обладнання,дорожньо-будівельні машини та обладнання,асфальтоукладальники,4,13040402,асфальтоукладальники,1.95,3.90,4.88,7.80
товари,будівництво,будівельна техніка та обладнання,машини та обладнання для бетонних робіт,"бетононасоси, розчинонасоси",4,132605,"бетононасоси, розчинонасоси",2.18,4.35,5.44,8.70
товари,будівництво,будівельні матеріали,дорожні матеріали,бруківка і тротуарна плитка,4,1313,бруківка і тротуарна плитка,0.86,1.71,2.14,3.43
товари,будівництво,будівельні матеріали,сипкі матеріали,будівельна глина,4,13070605,будівельна глина,2.70,5.40,6.75,10.80
товари,будівництво,будівельна техніка та обладнання,"будівельна техніка та обладнання, загальне","будівельна техніка та обладнання, загальне",3,130408,"будівельна техніка та обладнання, загальне",2.16,4.33,5.41,8.65
товари,будівництво,будівельна техніка та обладнання,риштування та інші конструкції для ремонтно-будівельних робіт,"будівельні риштування, загальне",4,13070705,"будівельні риштування, загальне",2.16,4.33,5.41,8.65
товари,будівництво,будівельні матеріали,будівельні сітки,будівельні сітки,3,130727,будівельні сітки,0.76,1.53,1.91,3.05
товари,будівництво,будівельна техніка та обладнання,машини та обладнання для земляних робіт,бульдозери,4,132602,бульдозери,2.40,4.80,6.00,9.60
товари,будівництво,будівельні матеріали,"в'яжучі матеріали, сухі будівельні суміші","в'яжучі матеріали, загальне",4,13070505,"в'яжучі матеріали, загальне",2.16,4.33,5.41,8.65
товари,будівництво,будівельні матеріали,пиломатеріали,вагонка,4,131102,вагонка,1.44,2.88,3.59,5.75
товари,будівництво,будівельні матеріали,"в'яжучі матеріали, сухі будівельні суміші",вапно,4,90905,вапно,0.86,1.71,2.14,3.43
товари,будівництво,будівельні матеріали,залізобетонні вироби,вентиляційні залізобетонні блоки,4,13070421,вентиляційні залізобетонні блоки,2.70,5.40,6.75,10.80
товари,будівництво,будівельна техніка та обладнання,машини та обладнання для бетонних робіт,віброрейки,4,13040504,віброрейки,2.18,4.35,5.44,8.70
товари,будівництво,будівельні матеріали,"ворота, огорожі, шлагбауми та комплектуючі",ворота,4,135602,ворота,2.70,5.40,6.75,10.80
товари,будівництво,будівельні матеріали,"ворота, огорожі, шлагбауми та комплектуючі","ворота, огорожі, шлагбауми та комплектуючі, загальне",4,13560904,"ворота, огорожі, шлагбауми та комплектуючі, загальне",2.16,4.33,5.41,8.65
товари,будівництво,будівельні матеріали,сипкі матеріали,"галька, щебінь, гравій",4,131209,"галька, щебінь, гравій",2.70,5.40,6.75,10.80
товари,будівництво,будівельні матеріали,дорожні матеріали,георешітки і габіони,4,13072902,георешітки і габіони,0.86,1.71,2.14,3.43
товари,будівництво,будівельна техніка та обладнання,вантажопідйомні будівельні машини та обладнання,гідроманіпулятори,4,13040211,гідроманіпулятори,2.70,5.40,6.75,10.80
товари,будівництво,будівельні матеріали,сипкі матеріали,"ґрунт, земля",4,13070601,"ґрунт, земля",2.70,5.40,6.75,10.80
товари,будівництво,будівельні матеріали,пиломатеріали,дерев'яні крокви,4,131126,дерев'яні крокви,1.44,2.88,3.59,5.75
товари,будівництво,будівельні матеріали,пиломатеріали,"дерев'яні таври, двотаври",4,131119,"дерев'яні таври, двотаври",1.44,2.88,3.59,5.75
товари,будівництво,будівельні матеріали,теплоізоляційні матеріали,"деревний утеплювач, ековата та камка",4,133417,"деревний утеплювач, ековата та камка",1.94,3.88,4.84,7.75
товари,будівництво,вентиляційні системи,обладнання для димовидалення,димососи,4,142208,димососи,2.44,4.88,6.09,9.75
товари,будівництво,будівельна техніка та обладнання,дорожньо-будівельні машини та обладнання,"дорожньо-будівельні машини та обладнання, загальне",4,13040403,"дорожньо-будівельні машини та обладнання, загальне",2.16,4.33,5.41,8.65
товари,будівництво,будівельні матеріали,пиломатеріали,дрова,4,131124,дрова,1.44,2.88,3.59,5.75
товари,будівництво,будівельна техніка та обладнання,машини та обладнання для земляних робіт,екскаватори,4,132606,екскаватори,2.40,4.80,6.00,9.60
товари,будівництво,будівельна техніка та обладнання,ліфтове обладнання,"ескалатори, траволатори",4,13041001,"ескалатори, траволатори",2.18,4.35,5.44,8.70
товари,будівництво,будівельні матеріали,залізобетонні вироби,"залізобетонні вироби, загальне",4,13070406,"залізобетонні вироби, загальне",2.16,4.33,5.41,8.65
товари,будівництво,будівельні матеріали,залізобетонні вироби,"залізобетонні кабельні, телефонні колодязі",4,13070414,"залізобетонні кабельні, телефонні колодязі",2.70,5.40,6.75,10.80
товари,будівництво,будівельні матеріали,залізобетонні вироби,"залізобетонні кільця, кришки і днища",4,13240505,"залізобетонні кільця, кришки і днища",2.70,5.40,6.75,10.80
товари,будівництво,будівельні матеріали,залізобетонні вироби,залізобетонні палі,4,13070408,залізобетонні палі,2.70,5.40,6.75,10.80
товари,будівництво,будівельні матеріали,залізобетонні вироби,залізобетонні перемички,4,13070412,залізобетонні перемички,2.70,5.40,6.75,10.80
товари,будівництво,будівельні матеріали,залізобетонні вироби,залізобетонні прогони,4,13070418,залізобетонні прогони,2.70,5.40,6.75,10.80
товари,будівництво,"водо-, газо-, теплозабезпечення",запірна арматура,"запірна арматура, загальне",4,13100604,"запірна арматура, загальне",2.16,4.33,5.41,8.65
товари,будівництво,"водо-, газо-, теплозабезпечення",запірна арматура,запірні вантузи,4,13100630,запірні вантузи,0.86,1.71,2.14,3.43
товари,будівництво,вентиляційні системи,збірники повітря,збірники повітря,3,142206,збірники повітря,1.94,3.88,4.84,7.75
товари,будівництво,будівельна техніка та обладнання,машини та обладнання для земляних робіт,"земснаряди, драги, землесоси",4,13040509,"земснаряди, драги, землесоси",2.40,4.80,6.00,9.60
товари,будівництво,"водо-, газо-, теплозабезпечення",опалювальне обладнання,калорифери,4,142204,калорифери,2.70,5.40,6.75,10.80
товари,будівництво,вентиляційні системи,обладнання для димовидалення,клапани димовидалення,4,133503,клапани димовидалення,2.44,4.88,6.09,9.75
товари,будівництво,будівельні матеріали,покрівельні матеріали,козирки та навіси,4,135004,козирки та навіси,0.76,1.53,1.91,3.05
товари,будівництво,"водо-, газо-, теплозабезпечення",запірна арматура,компенсатори,4,13100628,компенсатори,0.86,1.71,2.14,3.43
товари,будівництво,будівельна техніка та обладнання,комплектуючі для будівельного обладнання,"комплектуючі для будівельного обладнання, загальне",4,13040701,"комплектуючі для будівельного обладнання, загальне",2.16,4.33,5.41,8.65
товари,будівництво,будівельна техніка та обладнання,комплектуючі для будівельного обладнання,комплектуючі для вантажопідйомної техніки,4,13040702,комплектуючі для вантажопідйомної техніки,2.07,4.14,5.17,8.28
товари,будівництво,будівельні матеріали,"ворота, огорожі, шлагбауми та комплектуючі",комплектуючі для воріт,4,135611,комплектуючі для воріт,2.70,5.40,6.75,10.80
товари,будівництво,будівельна техніка та обладнання,комплектуючі для будівельного обладнання,комплектуючі для ескалаторів,4,1361,комплектуючі для ескалаторів,2.07,4.14,5.17,8.28
товари,будівництво,"водо-, газо-, теплозабезпечення",опалювальне обладнання,комплектуючі для опалювального обладнання,4,13240122,комплектуючі для опалювального обладнання,2.70,5.40,6.75,10.80
товари,будівництво,будівельні матеріали,пластикові будівельні матеріали,листові пластикові матеріали,4,131701,листові пластикові матеріали,0.76,1.53,1.91,3.05
товари,будівництво,будівельна техніка та обладнання,ліфтове обладнання,"ліфтове обладнання, загальне",4,13041004,"ліфтове обладнання, загальне",2.16,4.33,5.41,8.65
товари,будівництво,"водо-, газо-, теплозабезпечення","лічильники для водо-, газо-, теплозабезпечення (побутові)","лічильники для водо-, газо-, теплозабезпечення (побутові), загальне",4,13241501,"лічильники для водо-, газо-, теплозабезпечення (побутові), загальне",2.16,4.33,5.41,8.65
товари,будівництво,будівельні матеріали,стінові та мурувальні матеріали,магнезитові плити,4,13070209,магнезитові плити,1.26,2.53,3.16,5.05
товари,будівництво,будівельна техніка та обладнання,машини та обладнання для бетонних робіт,майданчикові вібратори,4,13040302,майданчикові вібратори,2.18,4.35,5.44,8.70
товари,будівництво,будівельна техніка та обладнання,машини та обладнання для бетонних робіт,машини для бетонних робіт,4,13040301,машини для бетонних робіт,2.18,4.35,5.44,8.70
товари,будівництво,будівельна техніка та обладнання,машини та обладнання для бетонних робіт,"машини та обладнання для бетонних робіт, загальне",4,13040306,"машини та обладнання для бетонних робіт, загальне",2.16,4.33,5.41,8.65
товари,будівництво,будівельна техніка та обладнання,машини та обладнання для земляних робіт,"машини та обладнання для земляних робіт, загальне",4,13040507,"машини та обладнання для земляних робіт, загальне",2.16,4.33,5.41,8.65
товари,будівництво,будівельна техніка та обладнання,машини та обладнання для оздоблювальних і покрівельних робіт,"машини та обладнання для оздоблювальних і покрівельних робіт, загальне",4,13040604,"машини та обладнання для оздоблювальних і покрівельних робіт, загальне",2.16,4.33,5.41,8.65
товари,будівництво,будівельні матеріали,будівельний металопрокат,металеві листи,4,420818,металеві листи,0.76,1.53,1.91,3.05
товари,будівництво,будівельні матеріали,будівельний металопрокат,металеві смуги,4,420811,металеві смуги,0.76,1.53,1.91,3.05
товари,будівництво,"водо-, газо-, теплозабезпечення",опалювальне обладнання,нагрівальні кабелі та мати,4,132410,нагрівальні кабелі та мати,2.70,5.40,6.75,10.80
товари,будівництво,"водо-, газо-, теплозабезпечення",опалювальне обладнання,насосні групи,4,13240131,насосні групи,2.70,5.40,6.75,10.80
товари,будівництво,будівельні матеріали,натуральний камінь,натуральний камінь,3,131202,натуральний камінь,2.70,5.40,6.75,10.80
товари,будівництво,"водо-, газо-, теплозабезпечення",обладнання для газопостачання,"обладнання для газопостачання, загальне",4,13240605,"обладнання для газопостачання, загальне",2.16,4.33,5.41,8.65
товари,будівництво,вентиляційні системи,обладнання для димовидалення,"обладнання для димовидалення, загальне",4,14221601,"обладнання для димовидалення, загальне",2.16,4.33,5.41,8.65
товари,будівництво,будівельні матеріали,фасадні матеріали,облицювальне каміння,4,13121102,облицювальне каміння,2.70,5.40,6.75,10.80
товари,будівництво,оздоблювальні матеріали,"оздоблювальні матеріали, загальне","оздоблювальні матеріали, загальне",3,13070104,"оздоблювальні матеріали, загальне",2.16,4.33,5.41,8.65
товари,будівництво,будівельна техніка та обладнання,вантажопідйомні будівельні машини та обладнання,перевантажувачі,4,13040212,перевантажувачі,2.70,5.40,6.75,10.80
товари,будівництво,будівельні матеріали,сходи та комплектуючі для сходів,перила та поручні,4,1348,перила та поручні,0.76,1.53,1.91,3.05
товари,будівництво,будівельні матеріали,сипкі матеріали,пісок,4,1351,пісок,2.70,5.40,6.75,10.80
товари,будівництво,будівельні матеріали,залізобетонні вироби,плити перекриття,4,13070403,плити перекриття,2.70,5.40,6.75,10.80
товари,будівництво,будівельні матеріали,покрівельні матеріали,покрівля даху,4,135001,покрівля даху,0.76,1.53,1.91,3.05
товари,будівництво,будівельні матеріали,залізобетонні вироби,портальні стінки,4,13070429,портальні стінки,2.70,5.40,6.75,10.80
товари,будівництво,вентиляційні системи,припливно-витяжні установки,припливно-витяжні установки,3,142209,припливно-витяжні установки,2.70,5.40,6.75,10.80
товари,будівництво,будівельні матеріали,сипкі матеріали,"сипкі матеріали, загальне",4,13070604,"сипкі матеріали, загальне",2.16,4.33,5.41,8.65
товари,будівництво,вентиляційні системи,системи автоматизованого керування вентиляцією,системи автоматизованого керування вентиляцією,3,142213,системи автоматизованого керування вентиляцією,1.04,2.08,2.59,4.15
товари,будівництво,будівельні матеріали,фасадні матеріали,системи вентильованих фасадів,4,13070306,системи вентильованих фасадів,2.70,5.40,6.75,10.80
товари,будівництво,будівельні матеріали,теплоізоляційні матеріали,склотканина,4,133407,склотканина,1.94,3.88,4.84,7.75
товари,будівництво,будівельні матеріали,стінові та мурувальні матеріали,"стінові та мурувальні матеріали, загальне",4,131499,"стінові та мурувальні матеріали, загальне",2.16,4.33,5.41,8.65
товари,будівництво,будівельна техніка та обладнання,риштування та інші конструкції для ремонтно-будівельних робіт,стропи,4,13070702,стропи,2.70,5.40,6.75,10.80
товари,будівництво,будівельні матеріали,сходи та комплектуючі для сходів,сходи,4,133001,сходи,0.76,1.53,1.91,3.05
товари,будівництво,будівельні матеріали,сходи та комплектуючі для сходів,сходинки для сходів,4,1359,сходинки для сходів,0.76,1.53,1.91,3.05
товари,будівництво,будівельні матеріали,теплоізоляційні матеріали,теплоізоляційна фольга,4,133410,теплоізоляційна фольга,1.94,3.88,4.84,7.75
товари,будівництво,будівельні матеріали,теплоізоляційні матеріали,"теплоізоляційне піноскло, пінобетон",4,133414,"теплоізоляційне піноскло, пінобетон",1.94,3.88,4.84,7.75
товари,будівництво,будівельні матеріали,теплоізоляційні матеріали,технічний войлок,4,133402,технічний войлок,1.94,3.88,4.84,7.75
товари,будівництво,"водо-, газо-, теплозабезпечення",опалювальне обладнання,транспортабельні (блочно-модульні) котельні установки,4,13240103,транспортабельні (блочно-модульні) котельні установки,2.70,5.40,6.75,10.80
товари,будівництво,"водо-, газо-, теплозабезпечення",труби,труби з полівінілхлориду,4,131018,труби з полівінілхлориду,2.51,5.03,6.28,10.05
товари,будівництво,"водо-, газо-, теплозабезпечення",труби,труби з поліетилену,4,131020,труби з поліетилену,2.51,5.03,6.28,10.05
товари,будівництво,"водо-, газо-, теплозабезпечення",труби,труби з поліпропілену,4,131019,труби з поліпропілену,2.51,5.03,6.28,10.05
товари,будівництво,будівельна техніка та обладнання,машини та обладнання для земляних робіт,установки для роботи з ґрунтом,4,1337,установки для роботи з ґрунтом,2.40,4.80,6.00,9.60
товари,будівництво,будівельна техніка та обладнання,машини та обладнання для оздоблювальних і покрівельних робіт,фарбувальний агрегат,4,13040605,фарбувальний агрегат,1.89,3.78,4.72,7.55
товари,будівництво,"водо-, газо-, теплозабезпечення",фітинги для труб,фланці,4,13100608,фланці,0.76,1.53,1.91,3.05
товари,будівництво,будівельна техніка та обладнання,дорожньо-будівельні машини та обладнання,фрезерні дорожні установки,4,1362,фрезерні дорожні установки,1.95,3.90,4.88,7.80
товари,будівництво,будівельна техніка та обладнання,машини та обладнання для оздоблювальних і покрівельних робіт,штукатурні станції та агрегати,4,13040601,штукатурні станції та агрегати,1.89,3.78,4.72,7.55
товари,будівництво,будівельні матеріали,штучний камінь,штучний камінь,3,130711,штучний камінь,0.76,1.53,1.91,3.05
товари,будівництво,вентиляційні системи,шумоглушники,шумоглушники,3,142205,шумоглушники,1.13,2.25,2.81,4.50
товари,"вантажівки, автобуси, спецтехніка","автобуси, мікроавтобуси",автобуси,автобуси,3,3409,автобуси,0.53,1.05,1.31,2.10
товари,"вантажівки, автобуси, спецтехніка",автозапчастини та комплектуючі,запчастини до вантажопідйомної спецтехніки,бортові ваги,4,341582,бортові ваги,2.16,4.33,5.41,8.65
товари,"вантажівки, автобуси, спецтехніка",вантажні автомобілі,вантажівки-цистерни,вантажівки-цистерни,3,34010304,вантажівки-цистерни,1.26,2.53,3.16,5.05
товари,"вантажівки, автобуси, спецтехніка",автозапчастини та комплектуючі,"кузова, кабіни, рами",вантажні решітки на бампери і радіатори,4,342212,вантажні решітки на бампери і радіатори,0.86,1.71,2.14,3.43
товари,"вантажівки, автобуси, спецтехніка",автозапчастини та комплектуючі,деталі пневмосистеми вантажних автомобілів,деталі пневмосистеми вантажних автомобілів,3,341634,деталі пневмосистеми вантажних автомобілів,0.76,1.53,1.91,3.05
товари,"вантажівки, автобуси, спецтехніка",автозапчастини та комплектуючі,запчастини до вантажопідйомної спецтехніки,електромагніти,4,508,електромагніти,2.16,4.33,5.41,8.65
товари,"вантажівки, автобуси, спецтехніка",автозапчастини та комплектуючі,запчастини для землерийної спецтехніки,запасні частини до бульдозерів,4,341512,запасні частини до бульдозерів,0.86,1.71,2.14,3.43
товари,"вантажівки, автобуси, спецтехніка",автозапчастини та комплектуючі,"запчастини до автотракторної, сільськогосподарської спецтехніки",запасні частини до комбайнів,4,341510,запасні частини до комбайнів,2.70,5.40,6.75,10.80
товари,"вантажівки, автобуси, спецтехніка",автозапчастини та комплектуючі,запчастини для землерийної спецтехніки,"запчастини для землерийної спецтехніки, загальне",4,341514,"запчастини для землерийної спецтехніки, загальне",2.16,4.33,5.41,8.65
товари,"вантажівки, автобуси, спецтехніка",автозапчастини та комплектуючі,запчастини до комунально-прибиральної техніки,запчастини до комунально-прибиральної техніки,3,341620,запчастини до комунально-прибиральної техніки,2.70,5.40,6.75,10.80
товари,"вантажівки, автобуси, спецтехніка",автозапчастини та комплектуючі,"запчастини до автотракторної, сільськогосподарської спецтехніки",комплектуючі для сільськогосподарської техніки,4,12803,комплектуючі для сільськогосподарської техніки,2.70,5.40,6.75,10.80
товари,"вантажівки, автобуси, спецтехніка",автозапчастини та комплектуючі,комплектуючі для спецтехніки,комплектуючі для спецтехніки,3,341637,комплектуючі для спецтехніки,0.76,1.53,1.91,3.05
товари,"вантажівки, автобуси, спецтехніка",автозапчастини та комплектуючі,"кузова, кабіни, рами",кузова вантажних автомобілів,4,341628,кузова вантажних автомобілів,0.86,1.71,2.14,3.43
товари,"вантажівки, автобуси, спецтехніка",автозапчастини та комплектуючі,"кузова, кабіни, рами","кузова, кабіни, рами, загальне",4,341615,"кузова, кабіни, рами, загальне",2.16,4.33,5.41,8.65
товари,"вантажівки, автобуси, спецтехніка",автозапчастини та комплектуючі,"запчастини до автотракторної, сільськогосподарської спецтехніки",лемехи плуга,4,341544,лемехи плуга,2.70,5.40,6.75,10.80
товари,"вантажівки, автобуси, спецтехніка","автобуси, мікроавтобуси",мікроавтобуси,мікроавтобуси,3,340102,мікроавтобуси,0.76,1.53,1.91,3.05
товари,"вантажівки, автобуси, спецтехніка",причепи та напівпричепи,"причепи та напівпричепи, загальне","причепи та напівпричепи, загальне",3,341301,"причепи та напівпричепи, загальне",2.16,4.33,5.41,8.65
товари,"вантажівки, автобуси, спецтехніка",вантажні автомобілі,спеціальні вантажівки,"спеціальні вантажівки, загальне",4,340111,"спеціальні вантажівки, загальне",2.16,4.33,5.41,8.65
товари,"вантажівки, автобуси, спецтехніка",спецтехніка,"спецтехніка, загальне","спецтехніка, загальне",3,342801,"спецтехніка, загальне",2.16,4.33,5.41,8.65
товари,"вантажівки, автобуси, спецтехніка",вантажні автомобілі,тягачі,тягачі,3,34010301,тягачі,2.70,5.40,6.75,10.80
товари,"вантажівки, автобуси, спецтехніка",автозапчастини та комплектуючі,"запчастини до автотракторної, сільськогосподарської спецтехніки",шестерні та зірочки для сільгосптехніки,4,341555,шестерні та зірочки для сільгосптехніки,2.70,5.40,6.75,10.80
товари,"вироби з металу, пластику, гуми",металовироби будівельного призначення,металоконструкції та промислові будівлі з лмк,битовки,4,420901,битовки,1.62,3.24,4.05,6.48
товари,"вироби з металу, пластику, гуми",металопрокат,плоский прокат,жерсть,4,420822,жерсть,2.70,5.40,6.75,10.80
товари,"вироби з металу, пластику, гуми",металовироби промислового призначення,закладні деталі,закладні деталі,3,421009,закладні деталі,2.21,4.41,5.52,8.83
товари,"вироби з металу, пластику, гуми",металопрокат,сортовий і фасонний прокат,катанка,4,421005,катанка,1.17,2.34,2.92,4.68
товари,"вироби з металу, пластику, гуми",металовироби будівельного призначення,металоконструкції та промислові будівлі з лмк,комплектуючі для металоконструкцій з лмк,4,420905,комплектуючі для металоконструкцій з лмк,1.62,3.24,4.05,6.48
товари,"вироби з металу, пластику, гуми",гумотехнічні вироби,манжети гумові,манжети гумові,3,801211,манжети гумові,0.76,1.53,1.91,3.05
товари,"вироби з металу, пластику, гуми",металовироби промислового призначення,металевий шріт,металевий шріт,3,421003,металевий шріт,2.03,4.05,5.06,8.10
товари,"вироби з металу, пластику, гуми",металопрокат,сортовий і фасонний прокат,металеві кутники,4,420804,металеві кутники,1.17,2.34,2.92,4.68
товари,"вироби з металу, пластику, гуми",металовироби будівельного призначення,металоконструкції та промислові будівлі з лмк,металеві опори леп,4,420906,металеві опори леп,1.62,3.24,4.05,6.48
товари,"вироби з металу, пластику, гуми",металовироби будівельного призначення,"металовироби будівельного призначення, загальне","металовироби будівельного призначення, загальне",3,421410,"металовироби будівельного призначення, загальне",2.16,4.33,5.41,8.65
товари,"вироби з металу, пластику, гуми",металовироби промислового призначення,"металовироби промислового призначення, загальне","металовироби промислового призначення, загальне",3,421006,"металовироби промислового призначення, загальне",2.16,4.33,5.41,8.65
товари,"вироби з металу, пластику, гуми",вироби з пластику,пластикові покриття,пластикові покриття,3,800508,пластикові покриття,0.76,1.53,1.91,3.05
товари,"вироби з металу, пластику, гуми",металопрокат,плоский прокат,"плоский прокат, загальне",4,420833,"плоский прокат, загальне",2.16,4.33,5.41,8.65
товари,"вироби з металу, пластику, гуми",металовироби промислового призначення,траверси,траверси,3,42020201,траверси,1.35,2.70,3.38,5.40
товари,"вироби з металу, пластику, гуми",металопрокат,трубний прокат,трубний прокат,3,131008,трубний прокат,1.98,3.96,4.95,7.93
послуги,ділові послуги,бухгалтерські та аудиторські послуги,"бухгалтерські та аудиторські послуги, загальне","бухгалтерські та аудиторські послуги, загальне",3,280403,"бухгалтерські та аудиторські послуги, загальне",2.16,4.33,5.41,8.65
послуги,ділові послуги,виготовлення печаток та штампів,виготовлення печаток та штампів,виготовлення печаток та штампів,2,280574,виготовлення печаток та штампів,1.80,3.60,4.50,7.20
послуги,ділові послуги,консалтингові послуги,консалтингові послуги,консалтингові послуги,2,280601,консалтингові послуги,0.76,1.53,1.91,3.05
послуги,ділові послуги,організація аукціонів та тендерів,організація аукціонів та тендерів,організація аукціонів та тендерів,2,282804,організація аукціонів та тендерів,0.76,1.53,1.91,3.05
послуги,ділові послуги,перекладацькі послуги,перекладацькі послуги,перекладацькі послуги,2,281102,перекладацькі послуги,0.63,1.26,1.58,2.53
послуги,ділові послуги,послуги лабораторій та сертифікація товарів,послуги лабораторій та сертифікація товарів,послуги лабораторій та сертифікація товарів,2,283401,послуги лабораторій та сертифікація товарів,1.26,2.53,3.16,5.05
послуги,ділові послуги,послуги у сфері екології,послуги у сфері екології,послуги у сфері екології,2,280582,послуги у сфері екології,2.16,4.33,5.41,8.65
послуги,ділові послуги,послуги фінансових установ,послуги фінансових установ,послуги фінансових установ,2,280506,послуги фінансових установ,0.86,1.71,2.14,3.43
послуги,ділові послуги,правові та юридичні послуги,правові та юридичні послуги,правові та юридичні послуги,2,284006,правові та юридичні послуги,1.13,2.25,2.81,4.50
товари,товари для дому,меблі,кухонні меблі,готові кухні,4,37035003,готові кухні,0.76,1.53,1.91,3.05
товари,товари для дому,меблі,м'які меблі,дивани,4,37034013,дивани,1.08,2.16,2.70,4.33
товари,товари для дому,сучасний будинок,кодонабірні клавіатури,кодонабірні клавіатури,3,301305,кодонабірні клавіатури,0.76,1.53,1.91,3.05
товари,товари для дому,меблі,м'які меблі,комплекти м'яких меблів,4,15030316,комплекти м'яких меблів,1.08,2.16,2.70,4.33
товари,"дача, сад і город",обладнання для саун і лазень,купелі для саун і лазень,купелі для саун і лазень,3,150509,купелі для саун і лазень,1.53,3.06,3.83,6.13
товари,товари для дому,меблі,ліжка та спальні гарнітури,ліжка,4,37032004,ліжка,1.26,2.53,3.16,5.05
товари,товари для дому,меблі,м'які меблі,"м'які меблі, загальне",4,15030320,"м'які меблі, загальне",2.16,4.33,5.41,8.65
товари,"дача, сад і город",мінісільгосптехніка,мінітрактори,мінітрактори,3,125031806,мінітрактори,1.04,2.08,2.59,4.15
товари,"дача, сад і город",обладнання для саун і лазень,мобільні лазні,мобільні лазні,3,150506,мобільні лазні,1.53,3.06,3.83,6.13
товари,товари для дому,текстиль,декорація вікон,римські штори,4,153807,римські штори,0.76,1.53,1.91,3.05
товари,товари для дому,меблі,ліжка та спальні гарнітури,спальні гарнітури,4,37032003,спальні гарнітури,1.26,2.53,3.16,5.05
товари,товари для дому,меблі,комплектуючі для меблів,стільниці та комплектуючі,4,37035002,стільниці та комплектуючі,0.99,1.98,2.47,3.95
товари,електрообладнання,електронні компоненти,активні компоненти,діоди,4,400101,діоди,1.17,2.34,2.92,4.68
товари,електрообладнання,монтажне обладнання,"дріт, кабель, системи з'єднання","дріт, кабель, системи з'єднання, загальне",4,14190499,"дріт, кабель, системи з'єднання, загальне",2.16,4.33,5.41,8.65
товари,електрообладнання,обладнання для електропостачання,"ізолятори, розрядники","ізолятори, розрядники",3,410515,"ізолятори, розрядники",1.17,2.34,2.92,4.68
товари,електрообладнання,монтажне обладнання,клавішні панелі,клавішні панелі,3,525,клавішні панелі,0.76,1.53,1.91,3.05
товари,електрообладнання,компоненти асутп,"комплектуючі для контакторів, пускачів","комплектуючі для контакторів, пускачів",3,51406,"комплектуючі для контакторів, пускачів",0.76,1.53,1.91,3.05
товари,електрообладнання,обладнання для електропостачання,трансформатори,комплектуючі для трансформаторів,4,14190710,комплектуючі для трансформаторів,1.71,3.43,4.28,6.85
товари,електрообладнання,монтажне обладнання,магістральні шинопроводи,магістральні шинопроводи,3,5092914,магістральні шинопроводи,0.63,1.26,1.58,2.53
товари,електрообладнання,"освітлення, електрика",опори зовнішнього освітлення,опори зовнішнього освітлення,3,150425,опори зовнішнього освітлення,2.70,5.40,6.75,10.80
товари,електрообладнання,"освітлення, електрика",промислове освітлення,промислове освітлення,3,150405,промислове освітлення,1.80,3.60,4.50,7.20
товари,електрообладнання,компоненти асутп,реле,радіатори для твердотільних реле,4,14190913,радіатори для твердотільних реле,0.86,1.71,2.14,3.43
товари,електрообладнання,компоненти асутп,регулятори співвідношення,регулятори співвідношення,3,51402,регулятори співвідношення,0.72,1.44,1.80,2.88
товари,електрообладнання,компоненти асутп,реле,реле швидкості,4,14190909,реле швидкості,0.86,1.71,2.14,3.43
товари,електрообладнання,компоненти асутп,реле,"реле, загальне",4,14190904,"реле, загальне",2.16,4.33,5.41,8.65
товари,електрообладнання,технічні вимикачі,роз'єднувачі,роз'єднувачі,3,410516,роз'єднувачі,1.84,3.69,4.61,7.38
товари,електрообладнання,технічні вимикачі,рубильники,рубильники,3,14190603,рубильники,0.76,1.53,1.91,3.05
товари,електрообладнання,технічні вимикачі,"технічні вимикачі, загальне","технічні вимикачі, загальне",3,410699,"технічні вимикачі, загальне",2.16,4.33,5.41,8.65
товари,електрообладнання,обладнання для електропостачання,трансформатори,трансформатори силові,4,14190706,трансформатори силові,1.71,3.43,4.28,6.85
товари,електрообладнання,обладнання для електропостачання,трансформатори,трансформатори струму,4,14190702,трансформатори струму,1.71,3.43,4.28,6.85
товари,електрообладнання,обладнання для електропостачання,трансформатори,"трансформатори, загальне",4,14190704,"трансформатори, загальне",2.16,4.33,5.41,8.65
послуги,захист навколишнього середовища,"захист навколишнього середовища, загальне","захист навколишнього середовища, загальне","захист навколишнього середовища, загальне",2,1107,"захист навколишнього середовища, загальне",2.16,4.33,5.41,8.65
послуги,захист навколишнього середовища,прийом та переробка вторсировини,прийом та переробка вторсировини,прийом та переробка вторсировини,2,110502,прийом та переробка вторсировини,0.63,1.26,1.58,2.53
послуги,захист навколишнього середовища,утилізація відходів,утилізація відходів,утилізація відходів,2,1104,утилізація відходів,1.66,3.33,4.16,6.65
послуги,інженерно-будівельні послуги,будівельно-ремонтні послуги,бетонні роботи,бетонні роботи,3,284164,бетонні роботи,1.39,2.79,3.48,5.58
послуги,інженерно-будівельні послуги,будівельно-ремонтні послуги,"будівельно ремонтні послуги, загальне","будівельно ремонтні послуги, загальне",3,28410107,"будівельно ремонтні послуги, загальне",2.16,4.33,5.41,8.65
послуги,інженерно-будівельні послуги,будівельно-ремонтні послуги,будівництво будинків,будівництво будинків,3,28410105,будівництво будинків,1.98,3.96,4.95,7.93
послуги,інженерно-будівельні послуги,будівельно-ремонтні послуги,"будівництво парканів, воріт і огорож","будівництво парканів, воріт і огорож",3,284153,"будівництво парканів, воріт і огорож",1.17,2.34,2.92,4.68
послуги,інженерно-будівельні послуги,будівельно-ремонтні послуги,будівництво та реконструкція промислових будівель і споруд,будівництво та реконструкція промислових будівель і споруд,3,284160,будівництво та реконструкція промислових будівель і споруд,2.16,4.33,5.41,8.65
послуги,інженерно-будівельні послуги,будівельно-ремонтні послуги,"будівництво та ремонт доріг, мостів тунелів","будівництво та ремонт доріг, мостів тунелів",3,284279,"будівництво та ремонт доріг, мостів тунелів",2.70,5.40,6.75,10.80
послуги,інженерно-будівельні послуги,будівельно-ремонтні послуги,"виготовлення і обслуговування камінів, печей, барбекю","виготовлення і обслуговування камінів, печей, барбекю",3,284115,"виготовлення і обслуговування камінів, печей, барбекю",0.86,1.71,2.14,3.43
послуги,інженерно-будівельні послуги,будівельно-ремонтні послуги,виготовлення сходів,виготовлення сходів,3,284117,виготовлення сходів,0.72,1.44,1.80,2.88
послуги,інженерно-будівельні послуги,будівельно-ремонтні послуги,"виготовлення, монтаж та ремонт вікон і дверей","виготовлення, монтаж та ремонт вікон і дверей",3,284300,"виготовлення, монтаж та ремонт вікон і дверей",2.16,4.33,5.41,8.65
послуги,інженерно-будівельні послуги,демонтажні роботи,демонтажні роботи,демонтажні роботи,2,28410108,демонтажні роботи,2.25,4.50,5.63,9.00
послуги,інженерно-будівельні послуги,"зварювальні роботи, контроль і діагностика","зварювальні роботи, контроль і діагностика","зварювальні роботи, контроль і діагностика",2,284110,"зварювальні роботи, контроль і діагностика",2.11,4.23,5.28,8.45
послуги,інженерно-будівельні послуги,будівельно-ремонтні послуги,комплексний ремонт приміщень,комплексний ремонт приміщень,3,284138,комплексний ремонт приміщень,2.70,5.40,6.75,10.80
послуги,інженерно-будівельні послуги,монтаж та обслуговування інженерних систем,монтаж систем блискавкозахисту та заземлення,монтаж систем блискавкозахисту та заземлення,3,284184,монтаж систем блискавкозахисту та заземлення,2.70,5.40,6.75,10.80
послуги,інженерно-будівельні послуги,монтаж та обслуговування інженерних систем,монтаж та обслуговування систем альтернативної енергетики,монтаж та обслуговування систем альтернативної енергетики,3,284283,монтаж та обслуговування систем альтернативної енергетики,1.35,2.70,3.38,5.40
послуги,інженерно-будівельні послуги,монтаж та обслуговування інженерних систем,монтаж та обслуговування системи газопостачання,монтаж та обслуговування системи газопостачання,3,284242,монтаж та обслуговування системи газопостачання,1.35,2.70,3.38,5.40
послуги,інженерно-будівельні послуги,монтаж та обслуговування інженерних систем,монтаж та обслуговування системи теплопостачання,монтаж та обслуговування системи теплопостачання,3,284239,монтаж та обслуговування системи теплопостачання,1.35,2.70,3.38,5.40
послуги,інженерно-будівельні послуги,монтаж та обслуговування інженерних систем,монтаж та обслуговування структурних кабельних мереж (скм),монтаж та обслуговування структурних кабельних мереж (скм),3,281410,монтаж та обслуговування структурних кабельних мереж (скм),0.90,1.80,2.25,3.60
послуги,інженерно-будівельні послуги,будівельно-ремонтні послуги,облаштування балконів та лоджій,облаштування балконів та лоджій,3,284155,облаштування балконів та лоджій,1.08,2.16,2.70,4.33
послуги,інженерно-будівельні послуги,"ландшафтний дизайн, озеленення і благоустрій",облаштування доріжок,облаштування доріжок,3,284152,облаштування доріжок,2.29,4.58,5.72,9.15
послуги,інженерно-будівельні послуги,"ландшафтний дизайн, озеленення і благоустрій",озеленення територій,озеленення територій,3,28410502,озеленення територій,1.80,3.60,4.50,7.20
послуги,інженерно-будівельні послуги,будівельно-ремонтні послуги,покрівельні роботи,покрівельні роботи,3,28410101,покрівельні роботи,2.70,5.40,6.75,10.80
послуги,інженерно-будівельні послуги,"послуги теплоізоляції, звукоізоляції, гідроізоляції","послуги теплоізоляції, звукоізоляції, гідроізоляції","послуги теплоізоляції, звукоізоляції, гідроізоляції",2,284266,"послуги теплоізоляції, звукоізоляції, гідроізоляції",2.70,5.40,6.75,10.80
послуги,інженерно-будівельні послуги,проектні послуги,"проектування будинків, житлових та громадських будівель","проектування будинків, житлових та громадських будівель",3,28410404,"проектування будинків, житлових та громадських будівель",1.17,2.34,2.92,4.68
послуги,інженерно-будівельні послуги,проектні послуги,"проектування об'єктів електроенергетики, ліній електропередач та електромереж","проектування об'єктів електроенергетики, ліній електропередач та електромереж",3,284194,"проектування об'єктів електроенергетики, ліній електропередач та електромереж",2.21,4.41,5.52,8.83
послуги,інженерно-будівельні послуги,проектні послуги,проектування об'єктів і обладнання альтернативної енергетики,проектування об'єктів і обладнання альтернативної енергетики,3,284289,проектування об'єктів і обладнання альтернативної енергетики,0.90,1.80,2.25,3.60
послуги,інженерно-будівельні послуги,будівельно-ремонтні послуги,фундаментні роботи,фундаментні роботи,3,284235,фундаментні роботи,1.89,3.78,4.72,7.55
товари,інструменти,будівельний інструмент,будівельний бензоінструмент,бензинові відбійні молотки,4,14200801,бензинові відбійні молотки,2.18,4.35,5.44,8.70
товари,інструменти,будівельний інструмент,будівельний бензоінструмент,бензобури,4,14201624,бензобури,2.18,4.35,5.44,8.70
товари,інструменти,будівельний інструмент,будівельний бензоінструмент,"бензоінструмент будівельний, загальне",4,14200802,"бензоінструмент будівельний, загальне",2.16,4.33,5.41,8.65
товари,інструменти,гідравлічний інструмент,гідравлічний трубогнучкий інструмент,гідравлічний трубогнучкий інструмент,3,14200905,гідравлічний трубогнучкий інструмент,2.70,5.40,6.75,10.80
товари,інструменти,гідравлічний інструмент,гідравлічні відбійні молотки,гідравлічні відбійні молотки,3,14200901,гідравлічні відбійні молотки,0.81,1.63,2.03,3.25
товари,інструменти,гідравлічний інструмент,гідравлічні гайкокрути,гідравлічні гайкокрути,3,14200910,гідравлічні гайкокрути,0.53,1.05,1.31,2.10
товари,інструменти,гідравлічний інструмент,гідравлічні ланцюгові пили,гідравлічні ланцюгові пили,3,14200914,гідравлічні ланцюгові пили,1.04,2.08,2.59,4.15
товари,інструменти,гідравлічний інструмент,гідравлічні маслостанції,гідравлічні маслостанції,3,14200913,гідравлічні маслостанції,2.03,4.05,5.06,8.10
товари,інструменти,гідравлічний інструмент,"гідравлічні ножиці, кусачки, арматурорез","гідравлічні ножиці, кусачки, арматурорез",3,14200911,"гідравлічні ножиці, кусачки, арматурорез",2.70,5.40,6.75,10.80
товари,інструменти,електроінструмент,електричні ручні трубогиби,електричні ручні трубогиби,3,141732,електричні ручні трубогиби,2.16,4.33,5.41,8.65
товари,інструменти,пневматичний інструмент,пневматичні відбійні молотки,пневматичні відбійні молотки,3,14200513,пневматичні відбійні молотки,0.76,1.53,1.91,3.05
товари,інструменти,пневматичний інструмент,пневматичні трамбувачі,пневматичні трамбувачі,3,14200509,пневматичні трамбувачі,0.76,1.53,1.91,3.05
товари,інструменти,електроінструмент,електричні пили,ручні електротруборези,4,14172705,ручні електротруборези,2.51,5.03,6.28,10.05
товари,інструменти,оснащення для інструменту,хонінгувальні головки,хонінгувальні головки,3,14201524,хонінгувальні головки,1.04,2.08,2.59,4.15
товари,інструменти,будівельний інструмент,будівельний бензоінструмент,"швонарізчики, бензорізи, електроріз",4,14201608,"швонарізчики, бензорізи, електроріз",2.18,4.35,5.44,8.70
товари,контрольно-вимірювальні прилади,"лабораторне, випробувальне обладнання",аналізатори,аналізатори води,4,15370117,аналізатори води,1.88,3.75,4.69,7.50
товари,контрольно-вимірювальні прилади,"лабораторне, випробувальне обладнання",аналізатори,"аналізатори, загальне",4,15370199,"аналізатори, загальне",2.16,4.33,5.41,8.65
товари,контрольно-вимірювальні прилади,"лабораторне, випробувальне обладнання",аналізатори,апарати для розгону нафтопродуктів,4,15370112,апарати для розгону нафтопродуктів,1.88,3.75,4.69,7.50
товари,контрольно-вимірювальні прилади,"лабораторне, випробувальне обладнання",аналізатори,білизномір,4,15370114,білизномір,1.88,3.75,4.69,7.50
товари,контрольно-вимірювальні прилади,вагове обладнання,ваги бункерні,ваги бункерні,3,15371110,ваги бункерні,2.29,4.58,5.72,9.15
товари,контрольно-вимірювальні прилади,вагове обладнання,ваги для зважування тварин,ваги для зважування тварин,3,15371106,ваги для зважування тварин,1.84,3.69,4.61,7.38
товари,контрольно-вимірювальні прилади,вагове обладнання,ваги чекодрукуючі,ваги чекодрукуючі,3,15371120,ваги чекодрукуючі,2.70,5.40,6.75,10.80
товари,контрольно-вимірювальні прилади,вагове обладнання,комплектуючі для ваг,ваговимірювальні датчики,4,15371115,ваговимірювальні датчики,2.70,5.40,6.75,10.80
товари,контрольно-вимірювальні прилади,прилади неруйнівного контролю,вимірювачі теплопровідності і теплового потоку,вимірювачі теплопровідності і теплового потоку,3,15370619,вимірювачі теплопровідності і теплового потоку,0.76,1.53,1.91,3.05
товари,контрольно-вимірювальні прилади,"лабораторне, випробувальне обладнання",випробувальне обладнання,випробувальне обладнання,3,153710,випробувальне обладнання,1.04,2.08,2.59,4.15
товари,контрольно-вимірювальні прилади,вимірювачі фізичних параметрів,віскозиметри і пікнометри,віскозиметри і пікнометри,3,15370621,віскозиметри і пікнометри,1.53,3.06,3.83,6.13
товари,контрольно-вимірювальні прилади,геодезичне обладнання,"геодезичне обладнання, загальне","геодезичне обладнання, загальне",3,153725,"геодезичне обладнання, загальне",2.16,4.33,5.41,8.65
товари,контрольно-вимірювальні прилади,вимірювачі фізичних параметрів,"гігрометри, психрометри","гігрометри, психрометри",3,15370606,"гігрометри, психрометри",1.04,2.08,2.59,4.15
товари,контрольно-вимірювальні прилади,прилади лінійно-кутових вимірювань,індикатори годинного типу,індикатори годинного типу,3,15373302,індикатори годинного типу,0.76,1.53,1.91,3.05
товари,контрольно-вимірювальні прилади,прилади для вимірювання тиску,комплектуючі для пристроїв вимірювання тиску,комплектуючі для пристроїв вимірювання тиску,3,15370807,комплектуючі для пристроїв вимірювання тиску,0.53,1.05,1.31,2.10
товари,контрольно-вимірювальні прилади,вагове обладнання,конвеєрні ваги та комплектуючі до них,конвеєрні ваги та комплектуючі до них,3,15371121,конвеєрні ваги та комплектуючі до них,0.76,1.53,1.91,3.05
товари,контрольно-вимірювальні прилади,"лабораторне, випробувальне обладнання",аналізатори,кондуктометри,4,15370113,кондуктометри,1.88,3.75,4.69,7.50
товари,контрольно-вимірювальні прилади,вимірювальний і калібрувальний інструмент,координатно-вимірювальні машини,координатно-вимірювальні машини,3,14200606,координатно-вимірювальні машини,0.76,1.53,1.91,3.05
товари,контрольно-вимірювальні прилади,вагове обладнання,кранові ваги,кранові ваги,3,15371119,кранові ваги,2.70,5.40,6.75,10.80
товари,контрольно-вимірювальні прилади,"лабораторне, випробувальне обладнання","лабораторне, випробувальне обладнання, загальне","лабораторне, випробувальне обладнання, загальне",3,15373201,"лабораторне, випробувальне обладнання, загальне",2.16,4.33,5.41,8.65
товари,контрольно-вимірювальні прилади,вимірювачі фізичних параметрів,метроштоки,метроштоки,3,15370622,метроштоки,0.99,1.98,2.47,3.95
товари,контрольно-вимірювальні прилади,прилади для вимірювання тиску,монітори тиску,монітори тиску,3,15370802,монітори тиску,0.76,1.53,1.91,3.05
товари,контрольно-вимірювальні прилади,прилади неруйнівного контролю,"обладнання для неруйнівного контролю, загальне","обладнання для неруйнівного контролю, загальне",3,15370611,"обладнання для неруйнівного контролю, загальне",2.16,4.33,5.41,8.65
товари,контрольно-вимірювальні прилади,"лабораторне, випробувальне обладнання",обладнання для пробопідготовки ,обладнання для пробопідготовки ,3,15373203,обладнання для пробопідготовки ,0.76,1.53,1.91,3.05
товари,контрольно-вимірювальні прилади,"лабораторне, випробувальне обладнання",аналізатори,овп-метри,4,15370115,овп-метри,1.88,3.75,4.69,7.50
товари,контрольно-вимірювальні прилади,електровимірювальні прилади,омметри,омметри,3,15370309,омметри,0.76,1.53,1.91,3.05
товари,контрольно-вимірювальні прилади,геодезичне обладнання,польові контролери,польові контролери,3,13040904,польові контролери,0.90,1.80,2.25,3.60
товари,контрольно-вимірювальні прилади,прилади для вимірювання тиску,"прилади для вимірювання тиску, загальне","прилади для вимірювання тиску, загальне",3,15370899,"прилади для вимірювання тиску, загальне",2.16,4.33,5.41,8.65
товари,контрольно-вимірювальні прилади,оптичні прилади і системи,рефрактометри,рефрактометри,3,15370708,рефрактометри,1.58,3.15,3.94,6.30
товари,контрольно-вимірювальні прилади,оптичні прилади і системи,спектрометри,спектрометри,3,15370709,спектрометри,1.44,2.88,3.59,5.75
товари,контрольно-вимірювальні прилади,вимірювачі фізичних параметрів,тахографи,тахографи,3,15370625,тахографи,0.53,1.05,1.31,2.10
товари,контрольно-вимірювальні прилади,геодезичне обладнання,теодоліти,теодоліти,3,13040901,теодоліти,0.76,1.53,1.91,3.05
товари,контрольно-вимірювальні прилади,"прилади вимірювання, регулювання температури",термометри опору,термометри опору,3,15373003,термометри опору,0.53,1.05,1.31,2.10
товари,контрольно-вимірювальні прилади,"прилади вимірювання, регулювання температури",терморегулятори промислові,терморегулятори промислові,3,15373002,терморегулятори промислові,0.72,1.44,1.80,2.88
послуги,логістичні та складські послуги,транспортні послуги,вантажні перевезення,вантажні перевезення,3,282405,вантажні перевезення,2.03,4.05,5.06,8.10
послуги,логістичні та складські послуги,"логістичні та складські послуги, загальне","логістичні та складські послуги, загальне","логістичні та складські послуги, загальне",2,280799,"логістичні та складські послуги, загальне",2.16,4.33,5.41,8.65
послуги,логістичні та складські послуги,транспортні послуги,пасажирські перевезення,пасажирські перевезення,3,282409,пасажирські перевезення,1.31,2.61,3.27,5.23
послуги,логістичні та складські послуги,транспортні послуги,послуги перегону транспортних засобів,послуги перегону транспортних засобів,3,282709,послуги перегону транспортних засобів,0.76,1.53,1.91,3.05
послуги,логістичні та складські послуги,транспортні послуги,"транспортні послуги, загальне","транспортні послуги, загальне",3,282708,"транспортні послуги, загальне",2.16,4.33,5.41,8.65
товари,матеріали для ремонту,скріплювальні вироби,такелаж,вантажопідйомні гаки,4,4203,вантажопідйомні гаки,1.58,3.15,3.94,6.30
товари,матеріали для ремонту,вікна та двері,вікна,вікна,3,135701,вікна,0.76,1.53,1.91,3.05
товари,матеріали для ремонту,підлогові покриття,вінілове і пвх покриття для підлоги,вінілове і пвх покриття для підлоги,3,130719,вінілове і пвх покриття для підлоги,0.76,1.53,1.91,3.05
товари,матеріали для ремонту,радіатори та обігрівачі,водяні конвектори,водяні конвектори,3,62610,водяні конвектори,0.76,1.53,1.91,3.05
товари,матеріали для ремонту,вікна та двері,вхідні двері,вхідні двері,3,130507,вхідні двері,0.76,1.53,1.91,3.05
товари,матеріали для ремонту,аксесуари та фурнітура для вікон і дверей,дверні накладки,дверні накладки,3,15380305,дверні накладки,0.76,1.53,1.91,3.05
товари,матеріали для ремонту,печі та каміни,камінні портали,камінні портали,3,13120707,камінні портали,0.76,1.53,1.91,3.05
товари,матеріали для ремонту,опалення та тепла підлога,опалювальні котли,комбіновані котли,4,13240120,комбіновані котли,0.86,1.71,2.14,3.43
товари,матеріали для ремонту,декор для стін,коркові покриття для стін,коркові покриття для стін,3,13261402,коркові покриття для стін,0.76,1.53,1.91,3.05
товари,матеріали для ремонту,опалення та тепла підлога,опалювальні котли,"котли опалення, загальне",4,810302,"котли опалення, загальне",2.16,4.33,5.41,8.65
товари,матеріали для ремонту,матеріали та комплектуючі для улаштування стель,матеріали для влаштування стель,матеріали для влаштування стель,3,134208,матеріали для влаштування стель,0.76,1.53,1.91,3.05
товари,матеріали для ремонту,підлогові покриття,матеріали для облаштування промислових підлог,матеріали для облаштування промислових підлог,3,13070506,матеріали для облаштування промислових підлог,0.76,1.53,1.91,3.05
товари,матеріали для ремонту,підлогові покриття,матеріали для пристрою фальшполов,матеріали для пристрою фальшполов,3,13073501,матеріали для пристрою фальшполов,0.76,1.53,1.91,3.05
товари,матеріали для ремонту,побутове водопостачання,побутове очищення води,"обладнання для водопостачання, загальне",4,13240407,"обладнання для водопостачання, загальне",2.16,4.33,5.41,8.65
товари,матеріали для ремонту,підлогові покриття,паркет та підлогова дошка,паркет та підлогова дошка,3,130712,паркет та підлогова дошка,0.76,1.53,1.91,3.05
товари,матеріали для ремонту,облицювальна плитка,плитка для підлоги і стін,плитка для підлоги і стін,3,13070110,плитка для підлоги і стін,0.76,1.53,1.91,3.05
товари,матеріали для ремонту,облицювальна плитка,"плитка, загальне","плитка, загальне",3,1346,"плитка, загальне",2.16,4.33,5.41,8.65
товари,матеріали для ремонту,підлогові покриття,пробкові підлоги,пробкові підлоги,3,130716,пробкові підлоги,0.76,1.53,1.91,3.05
товари,матеріали для ремонту,аксесуари та фурнітура для вікон і дверей,решітки на вікна та двері,решітки на вікна та двері,3,130733,решітки на вікна та двері,0.76,1.53,1.91,3.05
товари,матеріали для ремонту,матеріали та комплектуючі для улаштування стель,"стелі, загальне","стелі, загальне",3,134206,"стелі, загальне",2.16,4.33,5.41,8.65
товари,матеріали для ремонту,підлогові покриття,сухі суміші для стяжки підлоги,сухі суміші для стяжки підлоги,3,13070507,сухі суміші для стяжки підлоги,0.76,1.53,1.91,3.05
товари,матеріали для ремонту,побутове водопостачання,водонагрівачі та комплектуючі,теплові акумулятори,4,13241103,теплові акумулятори,2.70,5.40,6.75,10.80
товари,матеріали для ремонту,облицювальна плитка,фасадна плитка,фасадна плитка,3,13073201,фасадна плитка,0.76,1.53,1.91,3.05
товари,медикаменти та медичні товари,товари для людей з інвалідністю,вертикалізатори,вертикалізатори,3,400911,вертикалізатори,0.76,1.53,1.91,3.05
товари,медикаменти та медичні товари,товари для людей з інвалідністю,"товари для людей з обмеженими можливостями, загальне","товари для людей з обмеженими можливостями, загальне",3,1607,"товари для людей з обмеженими можливостями, загальне",2.16,4.33,5.41,8.65
товари,медичне обладнання та витратні матеріали,медичне обладнання,акушерське та гінекологічне обладнання,акушерське та гінекологічне обладнання,3,161108,акушерське та гінекологічне обладнання,2.03,4.05,5.06,8.10
товари,медичне обладнання та витратні матеріали,медичне обладнання,фізіотерапевтичне обладнання,апарати магнітотерапії,4,16110403,апарати магнітотерапії,2.21,4.41,5.52,8.83
товари,медичне обладнання та витратні матеріали,медичне обладнання,лабораторне обладнання,ваги лабораторні,4,15371104,ваги лабораторні,1.80,3.60,4.50,7.20
товари,медичне обладнання та витратні матеріали,медичне обладнання,витратні матеріали для медичного обладнання,витратні матеріали для фізіотерапевтичного обладнання,4,16110410,витратні матеріали для фізіотерапевтичного обладнання,1.17,2.34,2.92,4.68
товари,медичне обладнання та витратні матеріали,медичне обладнання,кисневе медичне обладнання,генератори кисню,4,16112304,генератори кисню,2.70,5.40,6.75,10.80
товари,медичне обладнання та витратні матеріали,медичне обладнання,діагностичне обладнання,"діагностичне обладнання, загальне",4,16111402,"діагностичне обладнання, загальне",2.16,4.33,5.41,8.65
товари,медичне обладнання та витратні матеріали,медичне обладнання,кардіологічне обладнання,електрокардіографи,4,16110901,електрокардіографи,2.03,4.05,5.06,8.10
товари,медичне обладнання та витратні матеріали,медичне обладнання,діагностичне обладнання,ендоскопічне обладнання,4,16111403,ендоскопічне обладнання,2.29,4.58,5.72,9.15
товари,медичне обладнання та витратні матеріали,медичне обладнання,кардіологічне обладнання,"кардіологічне обладнання, загальна",4,16110905,"кардіологічне обладнання, загальна",2.16,4.33,5.41,8.65
товари,медичне обладнання та витратні матеріали,медичне обладнання,кисневе медичне обладнання,"кисневе медичне обладнання, загальне",4,161113,"кисневе медичне обладнання, загальне",2.16,4.33,5.41,8.65
товари,медичне обладнання та витратні матеріали,медичне обладнання,кисневе медичне обладнання,комплектуючі для кисневого медичного обладнання,4,16112305,комплектуючі для кисневого медичного обладнання,2.70,5.40,6.75,10.80
товари,медичне обладнання та витратні матеріали,медичне обладнання,комплектуючі та запчастини для медичного обладнання,комплектуючі та запчастини для медичного обладнання,3,161131,комплектуючі та запчастини для медичного обладнання,0.76,1.53,1.91,3.05
товари,медичне обладнання та витратні матеріали,медичне обладнання,кисневе медичне обладнання,концентратори кисню,4,622,концентратори кисню,2.70,5.40,6.75,10.80
товари,медичне обладнання та витратні матеріали,медичне обладнання,кріохірургічне обладнання,кріохірургічне обладнання,3,161120,кріохірургічне обладнання,0.90,1.80,2.25,3.60
товари,медичне обладнання та витратні матеріали,медичне обладнання,лабораторне обладнання,"лабораторне обладнання, загальне",4,82699,"лабораторне обладнання, загальне",2.16,4.33,5.41,8.65
товари,медичне обладнання та витратні матеріали,медичне обладнання,лабораторне обладнання,лабораторні плити,4,82613,лабораторні плити,1.80,3.60,4.50,7.20
товари,медичне обладнання та витратні матеріали,медичне обладнання,лабораторне обладнання,"лабораторні штативи, затискачі",4,82611,"лабораторні штативи, затискачі",1.80,3.60,4.50,7.20
товари,медичне обладнання та витратні матеріали,медичне обладнання,лабораторне обладнання,ламінарні бокси,4,82616,ламінарні бокси,1.80,3.60,4.50,7.20
товари,медичне обладнання та витратні матеріали,медичне обладнання,масажне обладнання,"масажне обладнання, загальне",4,16111701,"масажне обладнання, загальне",2.16,4.33,5.41,8.65
товари,медичне обладнання та витратні матеріали,медичне обладнання,медичні ванни,медичні ванни,3,161128,медичні ванни,0.63,1.26,1.58,2.53
товари,медичне обладнання та витратні матеріали,медичне обладнання,медичні та лабораторні аналізатори,медичні та лабораторні аналізатори,3,161101,медичні та лабораторні аналізатори,2.48,4.95,6.19,9.90
товари,медичне обладнання та витратні матеріали,медичне обладнання,обладнання для утилізації медичних відходів,обладнання для утилізації медичних відходів,3,161126,обладнання для утилізації медичних відходів,2.70,5.40,6.75,10.80
товари,медичне обладнання та витратні матеріали,медичне обладнання,діагностичне обладнання,обладнання ультразвукової діагностики,4,16111401,обладнання ультразвукової діагностики,2.29,4.58,5.72,9.15
товари,медичне обладнання та витратні матеріали,медичне обладнання,операційне обладнання та інструмент,"операційне обладнання та інструмент, загальне",4,16111002,"операційне обладнання та інструмент, загальне",2.16,4.33,5.41,8.65
товари,медичне обладнання та витратні матеріали,медичне обладнання,фізіотерапевтичне обладнання,опромінювачі фізіотерапевтичні,4,16110408,опромінювачі фізіотерапевтичні,2.21,4.41,5.52,8.83
товари,медичне обладнання та витратні матеріали,медичне обладнання,лабораторне обладнання,перистальтичні насоси,4,82622,перистальтичні насоси,1.80,3.60,4.50,7.20
товари,медичне обладнання та витратні матеріали,медичне обладнання,діагностичне обладнання,прилади для комп'ютерної діагностики організму,4,16111406,прилади для комп'ютерної діагностики організму,2.29,4.58,5.72,9.15
товари,медичне обладнання та витратні матеріали,медичне обладнання,прилади для самодіагностики,прилади для самодіагностики,3,161102,прилади для самодіагностики,0.53,1.05,1.31,2.10
товари,медичне обладнання та витратні матеріали,медичне обладнання,фізіотерапевтичне обладнання,сипап апарати,4,16110411,сипап апарати,2.21,4.41,5.52,8.83
товари,медичне обладнання та витратні матеріали,стерилізаційне та мийне обладнання,стерилізаційне та мийне обладнання,стерилізаційне та мийне обладнання,2,16151702,стерилізаційне та мийне обладнання,1.84,3.69,4.61,7.38
товари,медичне обладнання та витратні матеріали,медичне обладнання,кардіологічне обладнання,стрес-тест системи,4,16110908,стрес-тест системи,2.03,4.05,5.06,8.10
товари,медичне обладнання та витратні матеріали,медичне обладнання,лабораторне обладнання,термостати лабораторні,4,82605,термостати лабораторні,1.80,3.60,4.50,7.20
товари,медичне обладнання та витратні матеріали,медичне обладнання,діагностичне обладнання,томографічне обладнання,4,16111404,томографічне обладнання,2.29,4.58,5.72,9.15
товари,медичне обладнання та витратні матеріали,медичні інструменти та витратні матеріали,хірургічні інструменти,хірургічні інструменти,3,161103,хірургічні інструменти,1.80,3.60,4.50,7.20
товари,медичне обладнання та витратні матеріали,медичне обладнання,холодильники медичні,холодильники медичні,3,400703,холодильники медичні,0.76,1.53,1.91,3.05
товари,медичне обладнання та витратні матеріали,медичне обладнання,лабораторне обладнання,хроматографічне обладнання,4,82601,хроматографічне обладнання,1.80,3.60,4.50,7.20
товари,нерухомість,житлові будівлі,житлові будівлі,житлові будівлі,2,3111,житлові будівлі,0.76,1.53,1.91,3.05
товари,нерухомість,"нерухомість, загальне","нерухомість, загальне","нерухомість, загальне",2,3109,"нерухомість, загальне",2.16,4.33,5.41,8.65
товари,обладнання та товари для надання послуг,"рекламне і виставкове обладнання, матеріали",pos-матеріали,"pos-матеріали, загальне",4,281977,"pos-матеріали, загальне",2.16,4.33,5.41,8.65
товари,обладнання та товари для надання послуг,обладнання для автосервісу,обладнання для автомийок,автомийні комплекси,4,12111402,автомийні комплекси,1.58,3.15,3.94,6.30
товари,обладнання та товари для надання послуг,обладнання для автосервісу,шиномонтажне обладнання,балансувальні верстати,4,121104,балансувальні верстати,1.62,3.24,4.05,6.48
товари,обладнання та товари для надання послуг,вендінгове і розважальне обладнання,інвентар для більярду,більярдні столи і стільці,4,203201,більярдні столи і стільці,1.17,2.34,2.92,4.68
товари,обладнання та товари для надання послуг,обладнання та матеріали для друкарні,післядрукарське та оздоблювальне устаткування,брошурувально-палітурне обладнання,4,23090303,брошурувально-палітурне обладнання,1.62,3.24,4.05,6.48
товари,обладнання та товари для надання послуг,комерційні меблі,офісні меблі,бухгалтерські та архівні шафи,4,15030415,бухгалтерські та архівні шафи,2.07,4.14,5.17,8.28
товари,обладнання та товари для надання послуг,обладнання для автосервісу,верстати для проточки дисків і барабанів,верстати для проточки дисків і барабанів,3,121116,верстати для проточки дисків і барабанів,0.53,1.05,1.31,2.10
товари,обладнання та товари для надання послуг,обладнання для автосервісу,шиномонтажне обладнання,верстати для рихтування дисків,4,12110103,верстати для рихтування дисків,1.62,3.24,4.05,6.48
товари,обладнання та товари для надання послуг,обладнання для автосервісу,обладнання для техогляду і контрольне обладнання,гальмівні стенди,4,12110605,гальмівні стенди,1.95,3.90,4.88,7.80
товари,обладнання та товари для надання послуг,обладнання для автосервісу,гідравлічні підлогові преси,гідравлічні підлогові преси,3,14200912,гідравлічні підлогові преси,2.18,4.35,5.44,8.70
товари,обладнання та товари для надання послуг,"рекламне і виставкове обладнання, матеріали",готові штендери,готові штендери,3,283036,готові штендери,2.29,4.58,5.72,9.15
товари,обладнання та товари для надання послуг,детектори брехні та поліграфи,детектори брехні та поліграфи,детектори брехні та поліграфи,2,3001,детектори брехні та поліграфи,0.99,1.98,2.47,3.95
товари,обладнання та товари для надання послуг,комерційні меблі,меблі для дошкільних установ,дитячі вішалки для рушників,4,15030815,дитячі вішалки для рушників,1.35,2.70,3.38,5.40
товари,обладнання та товари для надання послуг,обладнання для торгівлі,допоміжне обладнання та аксесуари для торгівлі,"допоміжне обладнання для торгівлі, загальне",4,283048,"допоміжне обладнання для торгівлі, загальне",2.16,4.33,5.41,8.65
товари,обладнання та товари для надання послуг,обладнання та матеріали для друкарні,друкарське устаткування,"друкарське устаткування, загальне",4,23090203,"друкарське устаткування, загальне",2.16,4.33,5.41,8.65
товари,обладнання та товари для надання послуг,банківське обладнання,запчастини і комплектуючі для банківського обладнання,запчастини і комплектуючі для банківського обладнання,3,51010,запчастини і комплектуючі для банківського обладнання,1.39,2.79,3.48,5.58
товари,обладнання та товари для надання послуг,релігійні і езотеричні товари,іконостаси,іконостаси,3,172403,іконостаси,1.17,2.34,2.92,4.68
товари,обладнання та товари для надання послуг,вендінгове і розважальне обладнання,інвентар для більярду,"інвентар для більярду, загальне",4,203213,"інвентар для більярду, загальне",2.16,4.33,5.41,8.65
товари,обладнання та товари для надання послуг,обладнання для автосервісу,шиномонтажне обладнання,інструменти для нарізки протектора,4,12110110,інструменти для нарізки протектора,1.62,3.24,4.05,6.48
товари,обладнання та товари для надання послуг,"рекламне і виставкове обладнання, матеріали",інтерактивне обладнання,інтерактивне обладнання,3,282970,інтерактивне обладнання,2.07,4.14,5.17,8.28
товари,обладнання та товари для надання послуг,обладнання для навчальних закладів,інформаційні стенди,інформаційні стенди,3,282917,інформаційні стенди,1.35,2.70,3.38,5.40
товари,обладнання та товари для надання послуг,вендінгове і розважальне обладнання,обладнання для заходів і клубів,караоке системи,4,283056,караоке системи,1.31,2.61,3.27,5.23
товари,обладнання та товари для надання послуг,обладнання для торгівлі,касове/прикасове обладнання,касові бокси,4,15031604,касові бокси,2.21,4.43,5.53,8.85
товари,обладнання та товари для надання послуг,обладнання та матеріали для друкарні,післядрукарське та оздоблювальне устаткування,клейові машини,4,230916,клейові машини,1.62,3.24,4.05,6.48
товари,обладнання та товари для надання послуг,обладнання та матеріали для друкарні,технічні засоби управління кольором,кольорокалібрувальне обладнання,4,6370606,кольорокалібрувальне обладнання,0.86,1.71,2.14,3.43
товари,обладнання та товари для надання послуг,обладнання та матеріали для друкарні,комплектуючі для друкарського обладнання,комплектуючі для друкарського обладнання,3,432422,комплектуючі для друкарського обладнання,1.84,3.69,4.61,7.38
товари,обладнання та товари для надання послуг,обладнання для торгівлі,касове/прикасове обладнання,комплектуючі для касового обладнання,4,283041,комплектуючі для касового обладнання,2.21,4.43,5.53,8.85
товари,обладнання та товари для надання послуг,вендінгове і розважальне обладнання,комплектуючі до вендингові обладнання та гральних автоматів,комплектуючі до вендингові обладнання та гральних автоматів,3,283029,комплектуючі до вендингові обладнання та гральних автоматів,0.72,1.44,1.80,2.88
товари,обладнання та товари для надання послуг,"рекламне і виставкове обладнання, матеріали",кріплення і аксесуари для рекламних конструкцій,кріплення і аксесуари для рекламних конструкцій,3,2501,кріплення і аксесуари для рекламних конструкцій,1.08,2.16,2.70,4.33
товари,обладнання та товари для надання послуг,комерційні меблі,меблі для салонів краси,лабораторії для салонів краси,4,15030826,лабораторії для салонів краси,1.53,3.06,3.83,6.13
товари,обладнання та товари для надання послуг,комерційні меблі,медичні меблі,лабораторні меблі,4,370220,лабораторні меблі,2.70,5.40,6.75,10.80
товари,обладнання та товари для надання послуг,комерційні меблі,меблі для установ,лавки для установ,4,15030118,лавки для установ,2.06,4.13,5.16,8.25
товари,обладнання та товари для надання послуг,комерційні меблі,медичні меблі,ліжка медичні для пацієнтів,4,37021001,ліжка медичні для пацієнтів,2.70,5.40,6.75,10.80
товари,обладнання та товари для надання послуг,horeca&fast-food,лінії роздачі,лінії роздачі,3,240624,лінії роздачі,0.90,1.80,2.25,3.60
товари,обладнання та товари для надання послуг,"професійне аудіо-, відео-, фото обладнання",масштабатори відеосигналу,масштабатори відеосигналу,3,6371803,масштабатори відеосигналу,0.76,1.53,1.91,3.05
товари,обладнання та товари для надання послуг,комерційні меблі,меблі для fast-food,"меблі для fast-food, загальне",4,15030126,"меблі для fast-food, загальне",2.16,4.33,5.41,8.65
товари,обладнання та товари для надання послуг,комерційні меблі,меблі для horeca,меблі для готелів,4,150390,меблі для готелів,2.06,4.13,5.16,8.25
товари,обладнання та товари для надання послуг,комерційні меблі,медичні меблі,мийки хірургічні,4,370212,мийки хірургічні,2.70,5.40,6.75,10.80
товари,обладнання та товари для надання послуг,обладнання для автосервісу,обладнання для заміни мастил та змащувачів,обладнання для заміни мастил та змащувачів,3,121108,обладнання для заміни мастил та змащувачів,1.84,3.69,4.61,7.38
товари,обладнання та товари для надання послуг,вендінгове і розважальне обладнання,обладнання для заходів і клубів,"обладнання для концертів та клубів, загальне",4,282916,"обладнання для концертів та клубів, загальне",2.16,4.33,5.41,8.65
товари,обладнання та товари для надання послуг,обладнання для автосервісу,обладнання для малярних цехів,обладнання для малярних цехів,3,121117,обладнання для малярних цехів,0.76,1.53,1.91,3.05
товари,обладнання та товари для надання послуг,обладнання для навчальних закладів,"обладнання для навчальних закладів, загальне","обладнання для навчальних закладів, загальне",3,282963,"обладнання для навчальних закладів, загальне",2.16,4.33,5.41,8.65
товари,обладнання та товари для надання послуг,обладнання для автосервісу,обладнання для ремонту ходової,обладнання для ремонту ходової,3,121119,обладнання для ремонту ходової,0.99,1.98,2.47,3.95
товари,обладнання та товари для надання послуг,вендінгове і розважальне обладнання,обладнання для сенсорних кімнат,"обладнання для сенсорних кімнат, загальне",4,283078,"обладнання для сенсорних кімнат, загальне",2.16,4.33,5.41,8.65
товари,обладнання та товари для надання послуг,обладнання для автосервісу,обладнання ремонту акпп,обладнання ремонту акпп,3,121120,обладнання ремонту акпп,0.76,1.53,1.91,3.05
товари,обладнання та товари для надання послуг,обладнання та засоби для клінінгу,обладнання та засоби для видалення запахів,обладнання та засоби для видалення запахів,3,283095,обладнання та засоби для видалення запахів,0.86,1.71,2.14,3.43
товари,обладнання та товари для надання послуг,обладнання та засоби для клінінгу,"обладнання та засоби для прибирання, загальне","обладнання та засоби для прибирання, загальне",3,283031,"обладнання та засоби для прибирання, загальне",2.16,4.33,5.41,8.65
товари,обладнання та товари для надання послуг,обладнання для автосервісу,шиномонтажне обладнання,обладнання та комплектуючі для відновлення шин,4,12110114,обладнання та комплектуючі для відновлення шин,1.62,3.24,4.05,6.48
товари,обладнання та товари для надання послуг,обладнання та матеріали для друкарні,"обладнання та матеріали для друкарні, загальне","обладнання та матеріали для друкарні, загальне",3,230904,"обладнання та матеріали для друкарні, загальне",2.16,4.33,5.41,8.65
товари,обладнання та товари для надання послуг,horeca&fast-food,електромеханічне обладнання horeca&fast-food,овочерізки та овочечистки професійні,4,240650,овочерізки та овочечистки професійні,1.80,3.60,4.50,7.20
товари,обладнання та товари для надання послуг,комерційні меблі,медичні меблі,операційні столи,4,37021006,операційні столи,2.70,5.40,6.75,10.80
товари,обладнання та товари для надання послуг,обладнання для автосервісу,інструменти для автосервісу,оправлення для випрессовкі/запрессовки,4,12110208,оправлення для випрессовкі/запрессовки,1.08,2.16,2.70,4.33
товари,обладнання та товари для надання послуг,horeca&fast-food,опромінювачі та рециркулятори приміщень,опромінювачі та рециркулятори приміщень,3,240663,опромінювачі та рециркулятори приміщень,0.76,1.53,1.91,3.05
товари,обладнання та товари для надання послуг,комерційні меблі,офісні меблі,перегородки для офісу та дому,4,37013007,перегородки для офісу та дому,2.07,4.14,5.17,8.28
товари,обладнання та товари для надання послуг,horeca&fast-food,теплове обладнання horeca&fast-food,печі ротаційні,4,240682,печі ротаційні,1.98,3.96,4.95,7.93
товари,обладнання та товари для надання послуг,horeca&fast-food,пивоварні для horeca,пивоварні для horeca,3,240660,пивоварні для horeca,1.44,2.88,3.59,5.75
товари,обладнання та товари для надання послуг,horeca&fast-food,електромеханічне обладнання horeca&fast-food,пилососи центральні,4,62710,пилососи центральні,1.80,3.60,4.50,7.20
товари,обладнання та товари для надання послуг,обладнання для автосервісу,підйомне устаткування,"підйомне устаткування, загальне",4,12110305,"підйомне устаткування, загальне",2.16,4.33,5.41,8.65
товари,обладнання та товари для надання послуг,обладнання для автосервісу,підйомне устаткування,підйомники автомобільні,4,12110301,підйомники автомобільні,2.25,4.50,5.63,9.00
товари,обладнання та товари для надання послуг,обладнання та засоби для клінінгу,підлогонатирачі,підлогонатирачі,3,147004,підлогонатирачі,0.76,1.53,1.91,3.05
товари,обладнання та товари для надання послуг,банківське обладнання,платіжні термінали,платіжні термінали,3,51007,платіжні термінали,0.76,1.53,1.91,3.05
товари,обладнання та товари для надання послуг,обладнання для торгівлі,теплове обладнання для вуличної торгівлі,пончикові апарати професійні,4,2200911,пончикові апарати професійні,0.99,1.98,2.47,3.95
товари,обладнання та товари для надання послуг,horeca&fast-food,електромеханічне обладнання horeca&fast-food,прес для піци,4,2200904,прес для піци,1.80,3.60,4.50,7.20
товари,обладнання та товари для надання послуг,обладнання для автосервісу,обладнання для техогляду і контрольне обладнання,прилади для перевірки і регулювання світла фар,4,12110608,прилади для перевірки і регулювання світла фар,1.95,3.90,4.88,7.80
товари,обладнання та товари для надання послуг,обладнання та матеріали для друкарні,друкарське устаткування,принтери пластикових карт,4,230929,принтери пластикових карт,1.17,2.34,2.92,4.68
товари,обладнання та товари для надання послуг,пральне обладнання,промислове прасувальне обладнання,промислове прасувальне обладнання,3,282921,промислове прасувальне обладнання,1.71,3.43,4.28,6.85
товари,обладнання та товари для надання послуг,комерційні меблі,промислові меблі,"промислові меблі, загальне",4,15030121,"промислові меблі, загальне",2.16,4.33,5.41,8.65
товари,обладнання та товари для надання послуг,"професійне аудіо-, відео-, фото обладнання",професійні рекордери,професійні рекордери,3,6371812,професійні рекордери,0.86,1.71,2.14,3.43
товари,обладнання та товари для надання послуг,товари для спортивної інфраструктури,професійні тренажери,"професійні тренажери, загальне",4,283067,"професійні тренажери, загальне",2.16,4.33,5.41,8.65
товари,обладнання та товари для надання послуг,"рекламне і виставкове обладнання, матеріали",рекламні екрани,рекламні екрани,3,4004,рекламні екрани,1.53,3.06,3.83,6.13
товари,обладнання та товари для надання послуг,релігійні і езотеричні товари,релігійні товари для буддистів і індуїстів,релігійні товари для буддистів і індуїстів,3,172412,релігійні товари для буддистів і індуїстів,0.53,1.05,1.31,2.10
товари,обладнання та товари для надання послуг,релігійні і езотеричні товари,релігійні товари для юдеїв,релігійні товари для юдеїв,3,172411,релігійні товари для юдеїв,0.76,1.53,1.91,3.05
товари,обладнання та товари для надання послуг,релігійні і езотеричні товари,"релігійні товари, загальне","релігійні товари, загальне",3,172401,"релігійні товари, загальне",2.16,4.33,5.41,8.65
товари,обладнання та товари для надання послуг,релігійні і езотеричні товари,ритуальні товари,ритуальна фурнітура,4,282614,ритуальна фурнітура,0.86,1.71,2.14,3.43
товари,обладнання та товари для надання послуг,horeca&fast-food,теплове обладнання horeca&fast-food,розстоєчні шафи,4,2200926,розстоєчні шафи,1.98,3.96,4.95,7.93
товари,обладнання та товари для надання послуг,обладнання для автосервісу,системи видалення вихлопних газів,системи видалення вихлопних газів,3,121113,системи видалення вихлопних газів,1.26,2.53,3.16,5.05
товари,обладнання та товари для надання послуг,horeca&fast-food,системи виклику персоналу,системи виклику персоналу,3,240604,системи виклику персоналу,2.70,5.40,6.75,10.80
товари,обладнання та товари для надання послуг,товари для офісу,обладнання для презентацій і конференцій,системи для конференц-зв'язку,4,212008,системи для конференц-зв'язку,1.31,2.61,3.27,5.23
товари,обладнання та товари для надання послуг,horeca&fast-food,санітарно-гігієнічне обладнання,станції гігієни,4,240669,станції гігієни,1.04,2.08,2.59,4.15
товари,обладнання та товари для надання послуг,horeca&fast-food,теплове обладнання horeca&fast-food,стерилізатори і шафи для підігріву посуду,4,240631,стерилізатори і шафи для підігріву посуду,1.98,3.96,4.95,7.93
товари,обладнання та товари для надання послуг,комерційні меблі,меблі для horeca,стійки барні,4,37011001,стійки барні,2.06,4.13,5.16,8.25
товари,обладнання та товари для надання послуг,"професійне аудіо-, відео-, фото обладнання",стійки для світлових приладів,стійки для світлових приладів,3,6371822,стійки для світлових приладів,0.53,1.05,1.31,2.10
товари,обладнання та товари для надання послуг,комерційні меблі,медичні меблі,стільці донорські,4,15030813,стільці донорські,2.70,5.40,6.75,10.80
товари,обладнання та товари для надання послуг,комерційні меблі,меблі для horeca,"столи, шафи, стелажі виробничі",4,240608,"столи, шафи, стелажі виробничі",2.06,4.13,5.16,8.25
товари,обладнання та товари для надання послуг,пральне обладнання,сушильне обладнання для одягу,сушильне обладнання для одягу,3,282920,сушильне обладнання для одягу,1.98,3.96,4.95,7.93
товари,обладнання та товари для надання послуг,обладнання для торгівлі,касове/прикасове обладнання,термінали збору даних,4,282959,термінали збору даних,2.21,4.43,5.53,8.85
товари,обладнання та товари для надання послуг,обладнання та матеріали для друкарні,післядрукарське та оздоблювальне устаткування,термобіндери,4,230914,термобіндери,1.62,3.24,4.05,6.48
товари,обладнання та товари для надання послуг,обладнання та матеріали для друкарні,технічні засоби управління кольором,"технічні засоби управління кольором, загальне",4,6370609,"технічні засоби управління кольором, загальне",2.16,4.33,5.41,8.65
товари,обладнання та товари для надання послуг,товари для офісу,"товари для офісу, загальне","товари для офісу, загальне",3,2115,"товари для офісу, загальне",2.16,4.33,5.41,8.65
товари,обладнання та товари для надання послуг,обладнання для торгівлі,презентаційне обладнання для торгівлі,торгові акваріуми,4,283000,торгові акваріуми,1.62,3.24,4.05,6.48
товари,обладнання та товари для надання послуг,комерційні меблі,торгові меблі,"торгові меблі, загальне",4,15030111,"торгові меблі, загальне",2.16,4.33,5.41,8.65
товари,обладнання та товари для надання послуг,обладнання для торгівлі,презентаційне обладнання для торгівлі,торгові стенди та аксесуари,4,282912,торгові стенди та аксесуари,1.62,3.24,4.05,6.48
товари,обладнання та товари для надання послуг,horeca&fast-food,електромеханічне обладнання horeca&fast-food,хліборізки професійні,4,240648,хліборізки професійні,1.80,3.60,4.50,7.20
товари,обладнання та товари для надання послуг,horeca&fast-food,холодильне обладнання horeca&fast-food,"холодильне обладнання horeca&fast-food, загальне",4,240656,"холодильне обладнання horeca&fast-food, загальне",2.16,4.33,5.41,8.65
товари,обладнання та товари для надання послуг,horeca&fast-food,холодильне обладнання horeca&fast-food,холодильне обладнання для horeca і торгівлі,4,2200902,холодильне обладнання для horeca і торгівлі,1.80,3.60,4.50,7.20
товари,обладнання та товари для надання послуг,вендінгове і розважальне обладнання,інвентар для більярду,чистячі засоби і інструменти для більярдного інвентарю,4,203214,чистячі засоби і інструменти для більярдного інвентарю,1.17,2.34,2.92,4.68
товари,обладнання та товари для надання послуг,комерційні меблі,меблі для дошкільних установ,шафи і стелажі для дитячих садків,4,15030807,шафи і стелажі для дитячих садків,1.35,2.70,3.38,5.40
товари,обладнання та товари для надання послуг,обладнання для автосервісу,шиномонтажне обладнання,шиномонтажні верстати,4,12110101,шиномонтажні верстати,1.62,3.24,4.05,6.48
товари,обладнання та товари для надання послуг,комерційні меблі,медичні меблі,ширми медичні,4,15030803,ширми медичні,2.70,5.40,6.75,10.80
товари,опалення,теплові насоси,теплові насоси,теплові насоси,2,141506,теплові насоси,1.88,3.75,4.69,7.50
послуги,"охоронні, аварійні і екстрені служби",аварійні та екстрені служби,аварійні та екстрені служби,аварійні та екстрені служби,2,301406,аварійні та екстрені служби,0.90,1.80,2.25,3.60
послуги,"охоронні, аварійні і екстрені служби","охоронні послуги, загальне","охоронні послуги, загальне","охоронні послуги, загальне",2,301405,"охоронні послуги, загальне",2.16,4.33,5.41,8.65
послуги,"охоронні, аварійні і екстрені служби",послуги охорони та забезпечення безпеки,послуги охорони та забезпечення безпеки,послуги охорони та забезпечення безпеки,2,301411,послуги охорони та забезпечення безпеки,0.53,1.05,1.31,2.10
послуги,"охоронні, аварійні і екстрені служби","проектування, монтаж та обслуговування систем безпеки","проектування, монтаж та обслуговування систем безпеки","проектування, монтаж та обслуговування систем безпеки",2,301402,"проектування, монтаж та обслуговування систем безпеки",2.21,4.43,5.53,8.85
послуги,побутові послуги,"побутові послуги, загальне","побутові послуги, загальне","побутові послуги, загальне",2,280108,"побутові послуги, загальне",2.16,4.33,5.41,8.65
послуги,побутові послуги,послуги фото- відеозйомки,послуги фото- відеозйомки,послуги фото- відеозйомки,2,280149,послуги фото- відеозйомки,0.76,1.53,1.91,3.05
послуги,поліграфічні та дизайнерські послуги,поліграфічні послуги,багатостороння поліграфія,багатостороння поліграфія,3,28080606,багатостороння поліграфія,1.84,3.69,4.61,7.38
послуги,поліграфічні та дизайнерські послуги,порізка та перемотування рулонних матеріалів,порізка та перемотування рулонних матеріалів,порізка та перемотування рулонних матеріалів,2,283101,порізка та перемотування рулонних матеріалів,1.04,2.08,2.59,4.15
послуги,поліграфічні та дизайнерські послуги,поліграфічні послуги,послуги ксерокопіювання та сканування,послуги ксерокопіювання та сканування,3,280810,послуги ксерокопіювання та сканування,0.63,1.26,1.58,2.53
послуги,"послуги дозвілля, відпочинку, культури",туристичні послуги,туристичні послуги,туристичні послуги,2,281004,туристичні послуги,0.63,1.26,1.58,2.53
послуги,послуги прокату і оренди,оренда медичної техніки та обладнання,оренда медичної техніки та обладнання,оренда медичної техніки та обладнання,2,282490,оренда медичної техніки та обладнання,1.80,3.60,4.50,7.20
послуги,послуги прокату і оренди,оренда одягу,оренда одягу,оренда одягу,2,282438,оренда одягу,0.81,1.63,2.03,3.25
послуги,послуги прокату і оренди,оренда спецтехніки,оренда спецтехніки,оренда спецтехніки,2,282414,оренда спецтехніки,2.70,5.40,6.75,10.80
послуги,послуги прокату і оренди,оренда товарів сфери обслуговування,оренда товарів сфери обслуговування,оренда товарів сфери обслуговування,2,280106,оренда товарів сфери обслуговування,2.16,4.33,5.41,8.65
послуги,"послуги у сфері медицини, здоров'я і краси",медичні послуги,масаж,масаж,3,280915,масаж,0.90,1.80,2.25,3.60
послуги,"послуги у сфері медицини, здоров'я і краси",медичні послуги,послуги профільних лікарів,послуги профільних лікарів,3,28090105,послуги профільних лікарів,0.76,1.53,1.91,3.05
послуги,"послуги у сфері медицини, здоров'я і краси",послуги спортивних установ,послуги спортивних установ,послуги спортивних установ,2,280905,послуги спортивних установ,0.76,1.53,1.91,3.05
послуги,"послуги у сфері освіти, тренінги",курси,курси з хобі,курси з хобі,3,281637,курси з хобі,0.53,1.05,1.31,2.10
послуги,"послуги у сфері освіти, тренінги",курси,"курси, загальне","курси, загальне",3,281525,"курси, загальне",2.16,4.33,5.41,8.65
послуги,"послуги у сфері освіти, тренінги",курси,освітні курси,освітні курси,3,281585,освітні курси,0.90,1.80,2.25,3.60
послуги,"послуги у сфері освіти, тренінги",курси,послуги навчальних закладів,послуги навчальних закладів,3,281506,послуги навчальних закладів,0.76,1.53,1.91,3.05
послуги,"послуги у сфері освіти, тренінги",курси,професійні курси,професійні курси,3,281582,професійні курси,1.13,2.25,2.81,4.50
послуги,"послуги, загальне","послуги, загальне","послуги, загальне","послуги, загальне",1,2825,"послуги, загальне",2.16,4.33,5.41,8.65
товари,"продукти харчування, напої",бакалія,харчові інгредієнти,екстракти для харчової промисловості,4,81913,екстракти для харчової промисловості,1.94,3.88,4.84,7.75
товари,"продукти харчування, напої",бакалія,харчові інгредієнти,регулятори кислотності,4,81901,регулятори кислотності,1.94,3.88,4.84,7.75
товари,"продукти харчування, напої",бакалія,харчові інгредієнти,ферменти,4,1605,ферменти,1.94,3.88,4.84,7.75
товари,промислова хімія,колоїдна хімія,адсорбенти,"адсорбенти, загальне",4,8320199,"адсорбенти, загальне",2.16,4.33,5.41,8.65
товари,промислова хімія,біопрепарати для очищення стічних вод,біопрепарати для очищення стічних вод,біопрепарати для очищення стічних вод,2,80329,біопрепарати для очищення стічних вод,1.13,2.25,2.81,4.50
товари,промислова хімія,біохімія,біохімія,біохімія,2,1606,біохімія,0.86,1.71,2.14,3.43
товари,промислова хімія,неорганічні сполуки,карбід кальцію,карбід кальцію,3,80101,карбід кальцію,1.08,2.16,2.70,4.33
товари,промислова хімія,хімічні реактиви,"каталізатори, інгібітори","каталізатори, інгібітори",3,831,"каталізатори, інгібітори",0.99,1.98,2.47,3.95
товари,промислова хімія,неорганічні сполуки,луги,луги,3,80202,луги,2.70,5.40,6.75,10.80
товари,промислова хімія,лакофарбові матеріали та покриття,матеріали для гумових покриттів,матеріали для гумових покриттів,3,81109,матеріали для гумових покриттів,0.76,1.53,1.91,3.05
товари,промислова хімія,органічні сполуки,меламін,меламін,3,80210,меламін,0.76,1.53,1.91,3.05
товари,промислова хімія,неорганічні сполуки,неорганічні кислоти,неорганічні кислоти,3,80201,неорганічні кислоти,2.70,5.40,6.75,10.80
товари,промислова хімія,неорганічні сполуки,оксиди,оксиди,3,8020410,оксиди,1.53,3.06,3.83,6.13
товари,промислова хімія,органічні сполуки,органічні солі,органічні солі,3,80301,органічні солі,2.70,5.40,6.75,10.80
товари,промислова хімія,органічні сполуки,"органічні хімічні сполуки, загальне","органічні хімічні сполуки, загальне",3,80312,"органічні хімічні сполуки, загальне",2.16,4.33,5.41,8.65
товари,промислова хімія,"пігменти, барвники","пігменти, барвники, загальне","пігменти, барвники, загальне",3,8032201,"пігменти, барвники, загальне",2.16,4.33,5.41,8.65
товари,промислова хімія,лакофарбові матеріали та покриття,промислові фарби,промислові фарби,3,81120,промислові фарби,1.71,3.43,4.28,6.85
товари,промислова хімія,сировина для лакофарбових матеріалів,сировина для лакофарбових матеріалів,сировина для лакофарбових матеріалів,2,80326,сировина для лакофарбових матеріалів,1.13,2.25,2.81,4.50
товари,промислова хімія,хімічні реактиви,тверді органічні та неорганічні реактиви,тверді органічні та неорганічні реактиви,3,81704,тверді органічні та неорганічні реактиви,1.89,3.78,4.72,7.55
товари,промислова хімія,неорганічні сполуки,технічний вуглець,технічний вуглець,3,83211,технічний вуглець,0.99,1.98,2.47,3.95
товари,промислова хімія,технічні гази,технічні гази,технічні гази,2,80320,технічні гази,1.08,2.16,2.70,4.33
товари,промислова хімія,технічні миючі та дезінфікуючі засоби,технічні миючі та дезінфікуючі засоби,технічні миючі та дезінфікуючі засоби,2,80314,технічні миючі та дезінфікуючі засоби,1.94,3.88,4.84,7.75
товари,промислове обладнання та верстати,виробниче обладнання,допоміжне обладнання,автоподавачі,4,143126,автоподавачі,1.26,2.53,3.16,5.05
товари,промислове обладнання та верстати,пакувальне та фасувальне обладнання,аксесуари для пакування,аксесуари для пакування,3,230716,аксесуари для пакування,1.66,3.33,4.16,6.65
товари,промислове обладнання та верстати,промислове кліматичне обладнання,теплові гармати та нагрівачі,аксесуари для теплових гармат,4,14150504,аксесуари для теплових гармат,0.86,1.71,2.14,3.43
товари,промислове обладнання та верстати,гідрообладнання,апарати надвисокого тиску,апарати надвисокого тиску,3,140316,апарати надвисокого тиску,0.53,1.05,1.31,2.10
товари,промислове обладнання та верстати,обладнання для харчової промисловості,апарати шокового заморожування,апарати шокового заморожування,3,145708,апарати шокового заморожування,0.76,1.53,1.91,3.05
товари,промислове обладнання та верстати,маркувальне обладнання,етикетувальне обладнання,аплікатори етикеток,4,14320402,аплікатори етикеток,1.66,3.33,4.16,6.65
товари,промислове обладнання та верстати,альтернативні джерела енергії,біогазові установки,біогазові установки для переробки органічних відходів,4,10100102,біогазові установки для переробки органічних відходів,0.86,1.71,2.14,3.43
товари,промислове обладнання та верстати,обладнання для харчової промисловості,обладнання для виробництва борошномельно-круп'яної продукції,борошнопросіювачі,4,2200702,борошнопросіювачі,0.86,1.71,2.14,3.43
товари,промислове обладнання та верстати,кранове обладнання,будівельно-монтажні крани,будівельно-монтажні крани,3,13040203,будівельно-монтажні крани,2.70,5.40,6.75,10.80
товари,промислове обладнання та верстати,обладнання для видобувної промисловості,бурове обладнання,бурові коронки,4,9150407,бурові коронки,0.86,1.71,2.14,3.43
товари,промислове обладнання та верстати,пакувальне та фасувальне обладнання,вакуумне пакувальне обладнання,вакуумне пакувальне обладнання,3,230733,вакуумне пакувальне обладнання,1.99,3.98,4.97,7.95
товари,промислове обладнання та верстати,виробниче обладнання,обладнання для виробництва меблів,вакуумні преси,4,370906,вакуумні преси,1.53,3.06,3.83,6.13
товари,промислове обладнання та верстати,технологічне обладнання,вакуумне обладнання,вакуумні прилади,4,142502,вакуумні прилади,1.08,2.16,2.70,4.33
товари,промислове обладнання та верстати,промислові насоси,вакуумні промислові насоси,вакуумні промислові насоси,3,142501,вакуумні промислові насоси,2.18,4.35,5.44,8.70
товари,промислове обладнання та верстати,виробниче обладнання,обладнання для виробництва меблів,верстати для виробництва постформінгу,4,370904,верстати для виробництва постформінгу,1.53,3.06,3.83,6.13
товари,промислове обладнання та верстати,виробниче обладнання,обладнання для виробництва та прокладання кабелю,верстати для перемотування кабелю,4,14190411,верстати для перемотування кабелю,1.04,2.08,2.59,4.15
товари,промислове обладнання та верстати,верстати,металообробні верстати,верстати для різання та згинання арматури,4,142601,верстати для різання та згинання арматури,2.07,4.14,5.17,8.28
товари,промислове обладнання та верстати,зварювальне та паяльне обладнання,випрямлячі зварювальні,випрямлячі зварювальні,3,14400102,випрямлячі зварювальні,0.76,1.53,1.91,3.05
товари,промислове обладнання та верстати,компресори,відцентрові компресори,відцентрові компресори,3,141006,відцентрові компресори,0.81,1.63,2.03,3.25
товари,промислове обладнання та верстати,обладнання для харчової промисловості,візки-шпильки,візки-шпильки,3,15031605,візки-шпильки,1.58,3.15,3.94,6.30
товари,промислове обладнання та верстати,альтернативні джерела енергії,вітряні електростанції,вітряні електростанції,3,14190201,вітряні електростанції,0.76,1.53,1.91,3.05
товари,промислове обладнання та верстати,водопідготовка,водопідготовка,водопідготовка,2,16151306,водопідготовка,2.25,4.50,5.63,9.00
товари,промислове обладнання та верстати,галтувальне обладнання,галтувальне обладнання,галтувальне обладнання,2,1475,галтувальне обладнання,1.84,3.69,4.61,7.38
товари,промислове обладнання та верстати,технологічне обладнання,"гідропневмоабразивне обладнання, загальне","гідропневмоабразивне обладнання, загальне",3,1443,"гідропневмоабразивне обладнання, загальне",2.16,4.33,5.41,8.65
товари,промислове обладнання та верстати,технологічне обладнання,гранулятори,гранулятори,3,147105,гранулятори,2.70,5.40,6.75,10.80
товари,промислове обладнання та верстати,обладнання для видобувної промисловості,гірниче обладнання,грохоти,4,91505,грохоти,1.98,3.96,4.95,7.93
товари,промислове обладнання та верстати,промислове кліматичне обладнання,промислові кондиціонери,дахові кондиціонери,4,14650202,дахові кондиціонери,2.70,5.40,6.75,10.80
товари,промислове обладнання та верстати,резервуари та баки,деаераторні баки,деаераторні баки,3,145004,деаераторні баки,1.98,3.96,4.95,7.93
товари,промислове обладнання та верстати,кранове обладнання,дистанційне керування кранами,дистанційне керування кранами,3,141103,дистанційне керування кранами,0.53,1.05,1.31,2.10
товари,промислове обладнання та верстати,обладнання для видобувної промисловості,гірниче обладнання,дробильне обладнання,4,91506,дробильне обладнання,1.98,3.96,4.95,7.93
товари,промислове обладнання та верстати,маркувальне обладнання,етикетувальне обладнання,етикетувальні машини,4,14320401,етикетувальні машини,1.66,3.33,4.16,6.65
товари,промислове обладнання та верстати,кранове обладнання,запасні частини та комплектуючі до кранового обладнання,запасні частини та комплектуючі до кранового обладнання,3,341517,запасні частини та комплектуючі до кранового обладнання,2.21,4.41,5.52,8.83
товари,промислове обладнання та верстати,верстати,запчастини та оснащення для верстатів,запчастини та оснащення для верстатів,3,432436,запчастини та оснащення для верстатів,1.80,3.60,4.50,7.20
товари,промислове обладнання та верстати,зварювальне та паяльне обладнання,захист при зварюванні,"захист при зварюванні, загальне",4,14401101,"захист при зварюванні, загальне",2.16,4.33,5.41,8.65
товари,промислове обладнання та верстати,зварювальне та паяльне обладнання,зварювальні апарати гарячого повітря,зварювальні апарати гарячого повітря,3,147104,зварювальні апарати гарячого повітря,1.95,3.90,4.88,7.80
товари,промислове обладнання та верстати,зварювальне та паяльне обладнання,зварювальні генератори,зварювальні генератори,3,14400107,зварювальні генератори,0.72,1.44,1.80,2.88
товари,промислове обладнання та верстати,зварювальне та паяльне обладнання,захист при зварюванні,зварювальні намети та штори,4,144010,зварювальні намети та штори,0.86,1.71,2.14,3.43
товари,промислове обладнання та верстати,зварювальне та паяльне обладнання,зварювальні осцилятори,зварювальні осцилятори,3,400104,зварювальні осцилятори,0.72,1.44,1.80,2.88
товари,промислове обладнання та верстати,зварювальне та паяльне обладнання,зварювальні реостати,зварювальні реостати,3,14400104,зварювальні реостати,0.76,1.53,1.91,3.05
товари,промислове обладнання та верстати,зварювальне та паяльне обладнання,зварювальні столи,зварювальні столи,3,144015,зварювальні столи,1.58,3.15,3.94,6.30
товари,промислове обладнання та верстати,зварювальне та паяльне обладнання,зварювальні трансформатори,зварювальні трансформатори,3,14400103,зварювальні трансформатори,0.72,1.44,1.80,2.88
товари,промислове обладнання та верстати,технологічне обладнання,сепаратори,зерноочисні сепаратори,4,142303,зерноочисні сепаратори,2.70,5.40,6.75,10.80
товари,промислове обладнання та верстати,хімічне обладнання,змішувальне обладнання,змішувальне обладнання,3,141607,змішувальне обладнання,1.35,2.70,3.38,5.40
товари,промислове обладнання та верстати,виробниче обладнання,обладнання для виробництва та прокладання кабелю,кабельні домкрати,4,14190434,кабельні домкрати,1.04,2.08,2.59,4.15
товари,промислове обладнання та верстати,виробниче обладнання,обладнання для виробництва та прокладання кабелю,кабельні панчохи,4,14190437,кабельні панчохи,1.04,2.08,2.59,4.15
товари,промислове обладнання та верстати,технологічне обладнання,кантувачі,кантувачі,3,4316,кантувачі,0.76,1.53,1.91,3.05
товари,промислове обладнання та верстати,альтернативні джерела енергії,біогазові установки,когенераційні установки,4,10100103,когенераційні установки,0.86,1.71,2.14,3.43
товари,промислове обладнання та верстати,кранове обладнання,козлові крани,козлові крани,3,13040208,козлові крани,1.13,2.25,2.81,4.50
товари,промислове обладнання та верстати,комплектуючі для промислового обладнання та верстатів,комплектуючі для гальванічного обладнання,комплектуючі для гальванічного обладнання,3,140113,комплектуючі для гальванічного обладнання,1.04,2.08,2.59,4.15
товари,промислове обладнання та верстати,гідрообладнання,комплектуючі для гідрообладнання,комплектуючі для гідрообладнання,3,140105,комплектуючі для гідрообладнання,1.94,3.88,4.84,7.75
товари,промислове обладнання та верстати,комплектуючі для промислового обладнання та верстатів,комплектуючі для гірничого обладнання,комплектуючі для гірничого обладнання,3,432420,комплектуючі для гірничого обладнання,0.90,1.80,2.25,3.60
товари,промислове обладнання та верстати,комплектуючі для промислового обладнання та верстатів,комплектуючі для енергообладнання,комплектуючі для енергообладнання,3,140110,комплектуючі для енергообладнання,0.63,1.26,1.58,2.53
товари,промислове обладнання та верстати,комплектуючі для промислового обладнання та верстатів,комплектуючі для ковальсько-пресового обладнання,комплектуючі для ковальсько-пресового обладнання,3,14260606,комплектуючі для ковальсько-пресового обладнання,1.08,2.16,2.70,4.33
товари,промислове обладнання та верстати,комплектуючі для промислового обладнання та верстатів,комплектуючі для компресорів,комплектуючі для компресорів,3,140109,комплектуючі для компресорів,1.44,2.88,3.59,5.75
товари,промислове обладнання та верстати,комплектуючі для промислового обладнання та верстатів,комплектуючі для конвеєрів і транспортерів,комплектуючі для конвеєрів і транспортерів,3,140106,комплектуючі для конвеєрів і транспортерів,2.70,5.40,6.75,10.80
товари,промислове обладнання та верстати,пакувальне та фасувальне обладнання,комплектуючі для пакувального обладнання,комплектуючі для пакувального обладнання,3,432421,комплектуючі для пакувального обладнання,0.86,1.71,2.14,3.43
товари,промислове обладнання та верстати,комплектуючі для промислового обладнання та верстатів,комплектуючі для промислових водонагрівачів,комплектуючі для промислових водонагрівачів,3,140114,комплектуючі для промислових водонагрівачів,1.71,3.43,4.28,6.85
товари,промислове обладнання та верстати,промислове кліматичне обладнання,комплектуючі для промислового кліматичного обладнання,комплектуючі для промислового кліматичного обладнання,3,140103,комплектуючі для промислового кліматичного обладнання,0.76,1.53,1.91,3.05
товари,промислове обладнання та верстати,комплектуючі для промислового обладнання та верстатів,комплектуючі для промислового прибирального обладнання,комплектуючі для промислового прибирального обладнання,3,140118,комплектуючі для промислового прибирального обладнання,0.63,1.26,1.58,2.53
товари,промислове обладнання та верстати,комплектуючі для промислового обладнання та верстатів,комплектуючі для складського обладнання,комплектуючі для складського обладнання,3,140135,комплектуючі для складського обладнання,1.26,2.53,3.16,5.05
товари,промислове обладнання та верстати,комплектуючі для промислового обладнання та верстатів,комплектуючі для текстильного обладнання,комплектуючі для текстильного обладнання,3,432411,комплектуючі для текстильного обладнання,1.04,2.08,2.59,4.15
товари,промислове обладнання та верстати,комплектуючі для промислового обладнання та верстатів,комплектуючі для целюлозно-паперового обладнання,комплектуючі для целюлозно-паперового обладнання,3,432428,комплектуючі для целюлозно-паперового обладнання,1.04,2.08,2.59,4.15
товари,промислове обладнання та верстати,комплектуючі для промислового обладнання та верстатів,комплектуючі для штампувального обладнання,комплектуючі для штампувального обладнання,3,14201513,комплектуючі для штампувального обладнання,0.81,1.63,2.03,3.25
товари,промислове обладнання та верстати,комплектуючі для промислового обладнання та верстатів,комплектуючі обладнання для виробництва паперових виробів,комплектуючі обладнання для виробництва паперових виробів,3,432429,комплектуючі обладнання для виробництва паперових виробів,0.81,1.63,2.03,3.25
товари,промислове обладнання та верстати,комплектуючі для промислового обладнання та верстатів,комплектуючі обладнання для виробництва пластикових виробів,комплектуючі обладнання для виробництва пластикових виробів,3,432432,комплектуючі обладнання для виробництва пластикових виробів,1.39,2.79,3.48,5.58
товари,промислове обладнання та верстати,комплектуючі для промислового обладнання та верстатів,комплектуючі обладнання для обробки скла,комплектуючі обладнання для обробки скла,3,432426,комплектуючі обладнання для обробки скла,0.63,1.26,1.58,2.53
товари,промислове обладнання та верстати,комплектуючі для промислового обладнання та верстатів,комплектуючі обладнання для роботи з гумою,комплектуючі обладнання для роботи з гумою,3,432433,комплектуючі обладнання для роботи з гумою,0.76,1.53,1.91,3.05
товари,промислове обладнання та верстати,комплектуючі для промислового обладнання та верстатів,комплектуючі обладнання для харчової промисловості,комплектуючі обладнання для харчової промисловості,3,432417,комплектуючі обладнання для харчової промисловості,2.25,4.50,5.63,9.00
товари,промислове обладнання та верстати,компресори,компресори високого тиску,компресори високого тиску,3,141012,компресори високого тиску,0.76,1.53,1.91,3.05
товари,промислове обладнання та верстати,компресори,компресорні станції,компресорні станції,3,141004,компресорні станції,1.98,3.96,4.95,7.93
товари,промислове обладнання та верстати,технологічне обладнання,конвеєрні стрічки,конвеєрні стрічки,3,145709,конвеєрні стрічки,2.70,5.40,6.75,10.80
товари,промислове обладнання та верстати,кранове обладнання,консольні крани,консольні крани,3,142901,консольні крани,1.17,2.34,2.92,4.68
товари,промислове обладнання та верстати,виробниче обладнання,обладнання для виробництва меблів,кромкооблицювальні верстати,4,370902,кромкооблицювальні верстати,1.53,3.06,3.83,6.13
товари,промислове обладнання та верстати,технологічне обладнання,лазерне обладнання,"лазерне обладнання, загальне",4,1447,"лазерне обладнання, загальне",2.16,4.33,5.41,8.65
товари,промислове обладнання та верстати,обладнання для харчової промисловості,обладнання для переробки овочів та фруктів,"лінії з передпродажної підготовки овочів, ягід, фруктів",4,2200103,"лінії з передпродажної підготовки овочів, ягід, фруктів",0.86,1.71,2.14,3.43
товари,промислове обладнання та верстати,обладнання для харчової промисловості,"обладнання для миття, розливу, фасувально-пакувальних і складських операцій",лінії розливу харчових рідин,4,2201803,лінії розливу харчових рідин,1.08,2.16,2.70,4.33
товари,промислове обладнання та верстати,технологічне обладнання,сепаратори,магнітні сепаратори,4,142302,магнітні сепаратори,2.70,5.40,6.75,10.80
товари,промислове обладнання та верстати,промислове прибиральне та очисне обладнання,машини для миття підлоги,машини для миття підлоги,3,147003,машини для миття підлоги,2.16,4.33,5.41,8.65
товари,промислове обладнання та верстати,промислове прибиральне та очисне обладнання,машини для прочищення труб,машини для прочищення труб,3,144803,машини для прочищення труб,0.81,1.63,2.03,3.25
товари,промислове обладнання та верстати,металургійне обладнання,"металургійне обладнання, загальне","металургійне обладнання, загальне",3,91401,"металургійне обладнання, загальне",2.16,4.33,5.41,8.65
товари,промислове обладнання та верстати,виробниче обладнання,обладнання для виробництва та прокладання кабелю,міні узк,4,14190438,міні узк,1.04,2.08,2.59,4.15
товари,промислове обладнання та верстати,кранове обладнання,мостові крани,мостові крани,3,13040209,мостові крани,1.84,3.69,4.61,7.38
товари,промислове обладнання та верстати,промислове кліматичне обладнання,промислові кондиціонери,мультизональні системи,4,14650207,мультизональні системи,2.70,5.40,6.75,10.80
товари,промислове обладнання та верстати,комплектуючі для промислового обладнання та верстатів,муфти мпвп та комплектуючі до них,муфти мпвп та комплектуючі до них,3,140116,муфти мпвп та комплектуючі до них,0.76,1.53,1.91,3.05
товари,промислове обладнання та верстати,промислові насоси,насоси-дозатори,насоси-дозатори,3,147603,насоси-дозатори,2.55,5.10,6.38,10.20
товари,промислове обладнання та верстати,виробниче обладнання,обладнання для обробки пластику та гуми,обладнання для видування пет тари,4,147108,обладнання для видування пет тари,1.53,3.06,3.83,6.13
товари,промислове обладнання та верстати,обладнання для харчової промисловості,обладнання для хлібобулочних та кондитерських виробів,обладнання для виробництва борошняних виробів,4,6430502,обладнання для виробництва борошняних виробів,0.90,1.80,2.25,3.60
товари,промислове обладнання та верстати,виробниче обладнання,обладнання для виробництва будівельних сумішей,обладнання для виробництва будівельних сумішей,3,431417,обладнання для виробництва будівельних сумішей,1.13,2.25,2.81,4.50
товари,промислове обладнання та верстати,обладнання для легкої промисловості,обладнання для виробництва взуття,устаткування для виготовлення взуття,4,34404,устаткування для виготовлення взуття,0.86,1.71,2.14,3.43
товари,промислове обладнання та верстати,виробниче обладнання,обладнання для виробництва вікон,обладнання для виробництва вікон,3,14312102,обладнання для виробництва вікон,1.04,2.08,2.59,4.15
товари,промислове обладнання та верстати,виробниче обладнання,обладнання для обробки пластику та гуми,обладнання для виробництва вікон пвх,4,4307,обладнання для виробництва вікон пвх,1.53,3.06,3.83,6.13
товари,промислове обладнання та верстати,виробниче обладнання,обладнання для виробництва та прокладання кабелю,обладнання для виробництва кабелю та дроту,4,14190404,обладнання для виробництва кабелю та дроту,1.04,2.08,2.59,4.15
товари,промислове обладнання та верстати,обладнання для харчової промисловості,обладнання для виробництва напівфабрикатів,обладнання для виробництва напівфабрикатів,3,22020,обладнання для виробництва напівфабрикатів,1.08,2.16,2.70,4.33
товари,промислове обладнання та верстати,обладнання для харчової промисловості,обладнання для виробництва олійно-жирової та крохмале-патокової продукції,обладнання для виробництва олійно-жирової та крохмале-патокової продукції,3,22003,обладнання для виробництва олійно-жирової та крохмале-патокової продукції,1.80,3.60,4.50,7.20
товари,промислове обладнання та верстати,виробниче обладнання,"обладнання для виробництва профілів, профнастилу та сендвіч-панелей","обладнання для виробництва профілів, профнастилу та сендвіч-панелей",3,431424,"обладнання для виробництва профілів, профнастилу та сендвіч-панелей",1.04,2.08,2.59,4.15
товари,промислове обладнання та верстати,виробниче обладнання,"обладнання для виробництва тепло-, звуко-, шумо-, гідроізоляційних матеріалів","обладнання для виробництва тепло-, звуко-, шумо-, гідроізоляційних матеріалів",3,431418,"обладнання для виробництва тепло-, звуко-, шумо-, гідроізоляційних матеріалів",1.17,2.34,2.92,4.68
товари,промислове обладнання та верстати,виробниче обладнання,"обладнання для виробництва, загальне","обладнання для виробництва, загальне",3,431499,"обладнання для виробництва, загальне",2.16,4.33,5.41,8.65
товари,промислове обладнання та верстати,обладнання для видобувної промисловості,обладнання для газовидобутку,"обладнання для газовидобутку, загальне",4,14620201,"обладнання для газовидобутку, загальне",2.16,4.33,5.41,8.65
товари,промислове обладнання та верстати,технологічне обладнання,лазерне обладнання,обладнання для лазерного різання,4,52001,обладнання для лазерного різання,2.21,4.41,5.52,8.83
товари,промислове обладнання та верстати,промислове прибиральне та очисне обладнання,обладнання для миття деталей,обладнання для миття деталей,3,147011,обладнання для миття деталей,1.58,3.15,3.94,6.30
товари,промислове обладнання та верстати,обладнання для харчової промисловості,"обладнання для миття, розливу, фасувально-пакувальних і складських операцій",обладнання для миття тари,4,2201802,обладнання для миття тари,1.08,2.16,2.70,4.33
товари,промислове обладнання та верстати,обладнання для харчової промисловості,"обладнання для миття, розливу, фасувально-пакувальних і складських операцій","обладнання для миття, розливу, фасувально-пакувальних і складських операцій, загальне",4,2201801,"обладнання для миття, розливу, фасувально-пакувальних і складських операцій, загальне",2.16,4.33,5.41,8.65
товари,промислове обладнання та верстати,виробниче обладнання,обладнання для обробки металів,обладнання для обробки металів,3,142603,обладнання для обробки металів,1.04,2.08,2.59,4.15
товари,промислове обладнання та верстати,обладнання для харчової промисловості,обладнання для переробки відходів птахофабрик і тваринництва,обладнання для переробки відходів птахофабрик і тваринництва,3,22016,обладнання для переробки відходів птахофабрик і тваринництва,2.07,4.14,5.17,8.28
товари,промислове обладнання та верстати,обладнання для харчової промисловості,"обладнання для переробки молока, виробництва молокопродуктів","обладнання для переробки молока, виробництва молокопродуктів",3,2200402,"обладнання для переробки молока, виробництва молокопродуктів",1.08,2.16,2.70,4.33
товари,промислове обладнання та верстати,обладнання для харчової промисловості,"обладнання для переробки м'яса, виробництва м'ясопродуктів",обладнання для переробки птиці,4,2200605,обладнання для переробки птиці,1.31,2.61,3.27,5.23
товари,промислове обладнання та верстати,промислове прибиральне та очисне обладнання,обладнання для переробки та утилізації відходів,обладнання для переробки та утилізації відходів,3,110402,обладнання для переробки та утилізації відходів,0.53,1.05,1.31,2.10
товари,промислове обладнання та верстати,обладнання для видобувної промисловості,обладнання для газовидобутку,обладнання для підігріву газу,4,13240603,обладнання для підігріву газу,0.86,1.71,2.14,3.43
товари,промислове обладнання та верстати,обладнання для видобувної промисловості,гірниче обладнання,обладнання для промивання та обробки відсівів дроблення,4,91509,обладнання для промивання та обробки відсівів дроблення,1.98,3.96,4.95,7.93
товари,промислове обладнання та верстати,промислове прибиральне та очисне обладнання,обладнання для сортування та переробки вторсировини,обладнання для сортування та переробки вторсировини,3,147010,обладнання для сортування та переробки вторсировини,1.63,3.26,4.08,6.53
товари,промислове обладнання та верстати,хімічне обладнання,обладнання для сушіння хімічних сполук,обладнання для сушіння хімічних сполук,3,141603,обладнання для сушіння хімічних сполук,1.26,2.53,3.16,5.05
товари,промислове обладнання та верстати,хімічне обладнання,обладнання для сховищ хімреактивів,обладнання для сховищ хімреактивів,3,141601,обладнання для сховищ хімреактивів,1.13,2.25,2.81,4.50
товари,промислове обладнання та верстати,обладнання для фарбування та нанесення покриттів,обладнання для фарбування та нанесення покриттів,обладнання для фарбування та нанесення покриттів,2,81101,обладнання для фарбування та нанесення покриттів,0.76,1.53,1.91,3.05
товари,промислове обладнання та верстати,виробниче обладнання,ковальсько-пресове обладнання,обтискні преси,4,14260607,обтискні преси,1.26,2.53,3.16,5.05
товари,промислове обладнання та верстати,енергообладнання,опалювальне та водонагрівальне обладнання,"опалювальне та водонагрівальне обладнання, загальне",4,142107,"опалювальне та водонагрівальне обладнання, загальне",2.16,4.33,5.41,8.65
товари,промислове обладнання та верстати,пакувальне та фасувальне обладнання,"пакувальне та фасувальне обладнання, загальне","пакувальне та фасувальне обладнання, загальне",3,230705,"пакувальне та фасувальне обладнання, загальне",2.16,4.33,5.41,8.65
товари,промислове обладнання та верстати,технологічне обладнання,панелі оператора,панелі оператора,3,1414,панелі оператора,1.17,2.34,2.92,4.68
товари,промислове обладнання та верстати,обладнання для харчової промисловості,пастеризаційно-охолоджувальне обладнання для харчових продуктів,пастеризаційно-охолоджувальне обладнання для харчових продуктів,3,22022,пастеризаційно-охолоджувальне обладнання для харчових продуктів,1.17,2.34,2.92,4.68
товари,промислове обладнання та верстати,зварювальне та паяльне обладнання,паяльне обладнання,паяльні печі,4,14400805,паяльні печі,0.53,1.05,1.31,2.10
товари,промислове обладнання та верстати,складське обладнання,перевантажувальне обладнання,перевантажувальне обладнання,4,14291804,перевантажувальне обладнання,2.25,4.50,5.63,9.00
товари,промислове обладнання та верстати,промислове прибиральне та очисне обладнання,промислові очищувачі повітря,"пиловловлювачі, аспіраційні установки",4,142212,"пиловловлювачі, аспіраційні установки",2.11,4.23,5.28,8.45
товари,промислове обладнання та верстати,кранове обладнання,"підйомники, лебідки, талі","підйомники, лебідки, талі",3,142907,"підйомники, лебідки, талі",2.70,5.40,6.75,10.80
товари,промислове обладнання та верстати,промислове прибиральне та очисне обладнання,підмітальні машини,підмітальні машини,3,147006,підмітальні машини,0.81,1.63,2.03,3.25
товари,промислове обладнання та верстати,технологічне обладнання,піскоструминне обладнання,піскоструминні камери,4,14171601,піскоструминні камери,1.44,2.88,3.59,5.75
товари,промислове обладнання та верстати,промислові насоси,пластинчасті промислові насоси,пластинчасті промислові насоси,3,14030104,пластинчасті промислові насоси,2.03,4.05,5.06,8.10
товари,промислове обладнання та верстати,верстати,деревообробні верстати,побутові верстати,4,143118,побутові верстати,1.26,2.53,3.16,5.05
товари,промислове обладнання та верстати,енергообладнання,охолоджувачі,повітроохолоджувачі,4,14240104,повітроохолоджувачі,1.58,3.15,3.94,6.30
товари,промислове обладнання та верстати,промислове кліматичне обладнання,повітряні теплові завіси,повітряні теплові завіси,3,14240203,повітряні теплові завіси,1.53,3.06,3.83,6.13
товари,промислове обладнання та верстати,кранове обладнання,портальні крани,портальні крани,3,141101,портальні крани,1.39,2.79,3.48,5.58
товари,промислове обладнання та верстати,промислові насоси,поршневі та плунжерні насоси,поршневі та плунжерні насоси,3,14030103,поршневі та плунжерні насоси,2.70,5.40,6.75,10.80
товари,промислове обладнання та верстати,верстати,деревообробні верстати,пресові верстати,4,14310307,пресові верстати,1.26,2.53,3.16,5.05
товари,промислове обладнання та верстати,промислове кліматичне обладнання,промислові кондиціонери,прецизійні кондиціонери,4,14650201,прецизійні кондиціонери,2.70,5.40,6.75,10.80
товари,промислове обладнання та верстати,верстати,деревообробні верстати,пристосування для деревообробних верстатів,4,14310322,пристосування для деревообробних верстатів,1.26,2.53,3.16,5.05
товари,промислове обладнання та верстати,промислове кліматичне обладнання,"промислове кліматичне обладнання, загальне","промислове кліматичне обладнання, загальне",3,145301,"промислове кліматичне обладнання, загальне",2.16,4.33,5.41,8.65
товари,промислове обладнання та верстати,промислове прибиральне та очисне обладнання,"промислове прибиральне та очисне обладнання, загальне","промислове прибиральне та очисне обладнання, загальне",3,144801,"промислове прибиральне та очисне обладнання, загальне",2.16,4.33,5.41,8.65
товари,промислове обладнання та верстати,енергообладнання,промислові вибухозахищені нагрівачі,промислові вибухозахищені нагрівачі,3,142403,промислові вибухозахищені нагрівачі,0.53,1.05,1.31,2.10
товари,промислове обладнання та верстати,енергообладнання,опалювальне та водонагрівальне обладнання,промислові водонагрівачі,4,142105,промислові водонагрівачі,2.70,5.40,6.75,10.80
товари,промислове обладнання та верстати,гідрообладнання,промислові гідроциліндри,промислові гідроциліндри,3,140318,промислові гідроциліндри,1.39,2.79,3.48,5.58
товари,промислове обладнання та верстати,енергообладнання,промислові димові труби,промислові димові труби,3,142108,промислові димові труби,1.84,3.69,4.61,7.38
товари,промислове обладнання та верстати,промислове прибиральне та очисне обладнання,промислові очищувачі повітря,промислові зволожувачі повітря,4,140202,промислові зволожувачі повітря,2.11,4.23,5.28,8.45
товари,промислове обладнання та верстати,промислове кліматичне обладнання,промислові кондиціонери,"промислові кондиціонери, загальне",4,14650208,"промислові кондиціонери, загальне",2.16,4.33,5.41,8.65
товари,промислове обладнання та верстати,енергообладнання,опалювальне та водонагрівальне обладнання,промислові котли,4,142101,промислові котли,2.70,5.40,6.75,10.80
товари,промислове обладнання та верстати,промислове прибиральне та очисне обладнання,промислові очищувачі повітря,"промислові очищувачі повітря, загальне",4,14020103,"промислові очищувачі повітря, загальне",2.16,4.33,5.41,8.65
товари,промислове обладнання та верстати,енергообладнання,промислові парогенератори,промислові парогенератори,3,145905,промислові парогенератори,2.21,4.43,5.53,8.85
товари,промислове обладнання та верстати,промислове прибиральне та очисне обладнання,промислові пилососи,промислові пилососи,3,147002,промислові пилососи,2.16,4.33,5.41,8.65
товари,промислове обладнання та верстати,промислове прибиральне та очисне обладнання,промислові системи туманоутворення,промислові системи туманоутворення,3,147007,промислові системи туманоутворення,1.71,3.43,4.28,6.85
товари,промислове обладнання та верстати,технологічне обладнання,промислові установки для вирощування кристалів,промислові установки для вирощування кристалів,3,1464,промислові установки для вирощування кристалів,1.89,3.79,4.73,7.58
товари,промислове обладнання та верстати,енергообладнання,холодильне промислове обладнання,промислові холодильні та морозильні камери,4,14240102,промислові холодильні та морозильні камери,1.39,2.79,3.48,5.58
товари,промислове обладнання та верстати,обладнання для легкої промисловості,швейне обладнання,промислові швейні та вишивальні машини,4,329,промислові швейні та вишивальні машини,1.58,3.15,3.94,6.30
товари,промислове обладнання та верстати,складське обладнання,промислово-складські ваги,"промислово-складські ваги, загальне",4,14292001,"промислово-складські ваги, загальне",2.16,4.33,5.41,8.65
товари,промислове обладнання та верстати,резервуари та баки,резервуари для зберігання води,резервуари для зберігання води,3,1430,резервуари для зберігання води,1.71,3.43,4.28,6.85
товари,промислове обладнання та верстати,резервуари та баки,резервуари для зберігання пмм,резервуари для зберігання пмм,3,1419,резервуари для зберігання пмм,2.70,5.40,6.75,10.80
товари,промислове обладнання та верстати,резервуари та баки,резервуари та баки для харчової промисловості,резервуари та баки для харчової промисловості,3,145002,резервуари та баки для харчової промисловості,1.17,2.34,2.92,4.68
товари,промислове обладнання та верстати,резервуари та баки,"резервуари та баки, загальне","резервуари та баки, загальне",3,145001,"резервуари та баки, загальне",2.16,4.33,5.41,8.65
товари,промислове обладнання та верстати,промислові насоси,роторно-поршневі промислові насоси,роторно-поршневі промислові насоси,3,14030107,роторно-поршневі промислові насоси,1.89,3.78,4.72,7.55
товари,промислове обладнання та верстати,обладнання для харчової промисловості,обладнання для виробництва напоїв,сатуратори,4,23102,сатуратори,1.13,2.25,2.81,4.50
товари,промислове обладнання та верстати,верстати,деревообробні верстати,свердлильні та довбальні верстати по дереву,4,14310303,свердлильні та довбальні верстати по дереву,1.26,2.53,3.16,5.05
товари,промислове обладнання та верстати,енергообладнання,холодильне промислове обладнання,сервісне обладнання та аксесуари для холодильної техніки,4,14590301,сервісне обладнання та аксесуари для холодильної техніки,1.39,2.79,3.48,5.58
товари,промислове обладнання та верстати,електрогенератори та електродвигуни,синхронні генератори,синхронні генератори,3,14190206,синхронні генератори,0.76,1.53,1.91,3.05
товари,промислове обладнання та верстати,зварювальне та паяльне обладнання,системи видалення зварювальних газів,системи видалення зварювальних газів,3,144012,системи видалення зварювальних газів,1.80,3.60,4.50,7.20
товари,промислове обладнання та верстати,складське обладнання,складські контейнери,складські контейнери,3,142909,складські контейнери,1.13,2.25,2.81,4.50
товари,промислове обладнання та верстати,складське обладнання,складські навантажувачі,складські навантажувачі,3,142913,складські навантажувачі,2.70,5.40,6.75,10.80
товари,промислове обладнання та верстати,альтернативні джерела енергії,"системи, які використовують сонячну енергію",сонячні водонагрівальні спліт-системи,4,100701,сонячні водонагрівальні спліт-системи,0.76,1.53,1.91,3.05
товари,промислове обладнання та верстати,компресори,спіральні компресори,спіральні компресори,3,141011,спіральні компресори,0.76,1.53,1.91,3.05
товари,промислове обладнання та верстати,верстати,металообробні верстати,стрічкопильні верстати по металу та комплектуючі до них,4,142613,стрічкопильні верстати по металу та комплектуючі до них,2.07,4.14,5.17,8.28
товари,промислове обладнання та верстати,обладнання для харчової промисловості,сушильне обладнання для харчової промисловості,сушильне обладнання для харчової промисловості,3,22011,сушильне обладнання для харчової промисловості,1.58,3.15,3.94,6.30
товари,промислове обладнання та верстати,енергообладнання,теплові пункти,теплові пункти,3,145907,теплові пункти,1.31,2.61,3.27,5.23
товари,промислове обладнання та верстати,енергообладнання,теплообмінне обладнання,теплообмінники,4,14240201,теплообмінники,1.94,3.88,4.84,7.75
товари,промислове обладнання та верстати,технологічне обладнання,"технологічне обладнання, загальне","технологічне обладнання, загальне",3,144502,"технологічне обладнання, загальне",2.16,4.33,5.41,8.65
товари,промислове обладнання та верстати,верстати,металообробні верстати,токарні верстати,4,14209802,токарні верстати,2.07,4.14,5.17,8.28
товари,промислове обладнання та верстати,верстати,деревообробні верстати,торцювальні верстати,4,143108,торцювальні верстати,1.26,2.53,3.16,5.05
товари,промислове обладнання та верстати,верстати,металообробні верстати,трубонарізні верстати,4,141708,трубонарізні верстати,2.07,4.14,5.17,8.28
товари,промислове обладнання та верстати,виробниче обладнання,універсальні дробарки для малих виробництв,універсальні дробарки для малих виробництв,3,431433,універсальні дробарки для малих виробництв,1.35,2.70,3.38,5.40
товари,промислове обладнання та верстати,обладнання для видобувної промисловості,обладнання для газовидобутку,установки випарні для скрапленого газу,4,14620204,установки випарні для скрапленого газу,0.86,1.71,2.14,3.43
товари,промислове обладнання та верстати,пакувальне та фасувальне обладнання,фасувально-дозувальне обладнання,фасувально-дозувальне обладнання,3,230709,фасувально-дозувальне обладнання,2.70,5.40,6.75,10.80
товари,промислове обладнання та верстати,промислове прибиральне та очисне обладнання,фільтрувальні матеріали,"фільтрувальні матеріали, загальне",4,143399,"фільтрувальні матеріали, загальне",2.16,4.33,5.41,8.65
товари,промислове обладнання та верстати,виробниче обладнання,обладнання для виробництва меблів,форматно-розкрійні верстати,4,370901,форматно-розкрійні верстати,1.53,3.06,3.83,6.13
товари,промислове обладнання та верстати,технологічне обладнання,форсунки для промислового обладнання,форсунки для промислового обладнання,3,141804,форсунки для промислового обладнання,1.13,2.25,2.81,4.50
товари,промислове обладнання та верстати,верстати,деревообробні верстати,фугувально-рейсмусові верстати,4,4305,фугувально-рейсмусові верстати,1.26,2.53,3.16,5.05
товари,промислове обладнання та верстати,промислові насоси,харчові насоси,харчові насоси,3,147602,харчові насоси,1.44,2.88,3.59,5.75
товари,промислове обладнання та верстати,енергообладнання,холодильне промислове обладнання,"холодильне промислове обладнання, загальне",4,14240108,"холодильне промислове обладнання, загальне",2.16,4.33,5.41,8.65
товари,промислове обладнання та верстати,енергообладнання,холодильне промислове обладнання,холодильні агрегати,4,14240101,холодильні агрегати,1.39,2.79,3.48,5.58
товари,промислове обладнання та верстати,промислові насоси,циркуляційні промислові насоси,циркуляційні промислові насоси,3,140307,циркуляційні промислові насоси,1.44,2.88,3.59,5.75
товари,промислове обладнання та верстати,промислове кліматичне обладнання,промислові кондиціонери,чилери,4,14650205,чилери,2.70,5.40,6.75,10.80
товари,промислове обладнання та верстати,верстати,деревообробні верстати,чотиристоронні верстати,4,143107,чотиристоронні верстати,1.26,2.53,3.16,5.05
товари,промислове обладнання та верстати,промислове кліматичне обладнання,промислові кондиціонери,шафові кондиціонери,4,14650203,шафові кондиціонери,2.70,5.40,6.75,10.80
товари,промислове обладнання та верстати,обладнання для видобувної промисловості,гірниче обладнання,шахтна автоматика,4,91502,шахтна автоматика,1.98,3.96,4.95,7.93
товари,промислове обладнання та верстати,верстати,металообробні верстати,шліфувальні верстати по металу,4,14209822,шліфувальні верстати по металу,2.07,4.14,5.17,8.28
товари,промислове обладнання та верстати,виробниче обладнання,ковальсько-пресове обладнання,"штампувальне обладнання, преси",4,14260602,"штампувальне обладнання, преси",1.26,2.53,3.16,5.05
послуги,промислові послуги,виробництво гумотехнічних виробів,виробництво гумотехнічних виробів,виробництво гумотехнічних виробів,2,282090,виробництво гумотехнічних виробів,0.53,1.05,1.31,2.10
послуги,промислові послуги,гравірувальні роботи,гравірувальні роботи,гравірувальні роботи,2,282034,гравірувальні роботи,1.66,3.33,4.16,6.65
послуги,промислові послуги,послуги деревообробки,послуги деревообробки,послуги деревообробки,2,282031,послуги деревообробки,1.35,2.70,3.38,5.40
послуги,промислові послуги,послуги з обробки каменю,послуги з обробки каменю,послуги з обробки каменю,2,284220,послуги з обробки каменю,1.13,2.25,2.81,4.50
послуги,промислові послуги,послуги обробки композитних матеріалів,послуги обробки композитних матеріалів,послуги обробки композитних матеріалів,2,282041,послуги обробки композитних матеріалів,1.08,2.16,2.70,4.33
послуги,промислові послуги,послуги обробки пластмас,послуги обробки пластмас,послуги обробки пластмас,2,282039,послуги обробки пластмас,1.53,3.06,3.83,6.13
послуги,промислові послуги,послуги обробки скла,послуги обробки скла,послуги обробки скла,2,282067,послуги обробки скла,0.90,1.80,2.25,3.60
послуги,промислові послуги,послуги підприємств харчової промисловості,послуги підприємств харчової промисловості,послуги підприємств харчової промисловості,2,282071,послуги підприємств харчової промисловості,0.86,1.71,2.14,3.43
послуги,промислові послуги,послуги піскоструминної і гідроструменевої обробки поверхонь,послуги піскоструминної і гідроструменевої обробки поверхонь,послуги піскоструминної і гідроструменевої обробки поверхонь,2,280259,послуги піскоструминної і гідроструменевої обробки поверхонь,2.21,4.41,5.52,8.83
послуги,промислові послуги,токарно-фрезерні роботи по металу,токарно-фрезерні роботи по металу,токарно-фрезерні роботи по металу,2,282012,токарно-фрезерні роботи по металу,2.70,5.40,6.75,10.80
послуги,"реклама, маркетинг, pr",копірайтинг і рерайтинг,копірайтинг і рерайтинг,копірайтинг і рерайтинг,2,281964,копірайтинг і рерайтинг,1.31,2.61,3.27,5.23
послуги,"реклама, маркетинг, pr","рекламні послуги, загальне","рекламні послуги, загальне","рекламні послуги, загальне",2,281918,"рекламні послуги, загальне",2.16,4.33,5.41,8.65
послуги,ремонт і обслуговування техніки та обладнання,ремонт та технічне обслуговування автотранспорту,діагностика та ремонт двигуна,діагностика та ремонт двигуна,3,282310,діагностика та ремонт двигуна,1.39,2.79,3.48,5.58
послуги,ремонт і обслуговування техніки та обладнання,ремонт та технічне обслуговування автотранспорту,діагностика та ремонт ходової,діагностика та ремонт ходової,3,282313,діагностика та ремонт ходової,1.94,3.88,4.84,7.75
послуги,ремонт і обслуговування техніки та обладнання,ремонт та технічне обслуговування автотранспорту,кузовні та малярні роботи,кузовні та малярні роботи,3,282311,кузовні та малярні роботи,1.44,2.88,3.59,5.75
послуги,ремонт і обслуговування техніки та обладнання,ремонт та технічне обслуговування автотранспорту,мийка автомобілів,мийка автомобілів,3,282319,мийка автомобілів,0.90,1.80,2.25,3.60
послуги,ремонт і обслуговування техніки та обладнання,ремонт та технічне обслуговування автотранспорту,послуги автоелектрика,послуги автоелектрика,3,282379,послуги автоелектрика,1.31,2.61,3.27,5.23
послуги,ремонт і обслуговування техніки та обладнання,ремонт та технічне обслуговування автотранспорту,ремонт автомобільної паливної системи,ремонт автомобільної паливної системи,3,282377,ремонт автомобільної паливної системи,1.94,3.88,4.84,7.75
послуги,ремонт і обслуговування техніки та обладнання,ремонт та технічне обслуговування автотранспорту,ремонт вихлопної системи,ремонт вихлопної системи,3,282390,ремонт вихлопної системи,1.08,2.16,2.70,4.33
послуги,ремонт і обслуговування техніки та обладнання,ремонт та технічне обслуговування автотранспорту,ремонт гальмівної системи,ремонт гальмівної системи,3,282393,ремонт гальмівної системи,1.13,2.25,2.81,4.50
послуги,ремонт і обслуговування техніки та обладнання,ремонт і обслуговування побутової техніки,ремонт і обслуговування побутової техніки,ремонт і обслуговування побутової техніки,2,282326,ремонт і обслуговування побутової техніки,2.11,4.23,5.28,8.45
послуги,ремонт і обслуговування техніки та обладнання,ремонт і технічне обслуговування мото-вело транспорту,ремонт і технічне обслуговування мото-вело транспорту,ремонт і технічне обслуговування мото-вело транспорту,2,282302,ремонт і технічне обслуговування мото-вело транспорту,0.72,1.44,1.80,2.88
послуги,ремонт і обслуговування техніки та обладнання,ремонт та технічне обслуговування автотранспорту,ремонт систем охолодження та опалення автотранспорту,ремонт систем охолодження та опалення автотранспорту,3,282509,ремонт систем охолодження та опалення автотранспорту,0.53,1.05,1.31,2.10
послуги,ремонт і обслуговування техніки та обладнання,ремонт та технічне обслуговування автотранспорту,ремонт трансмісії та кпп,ремонт трансмісії та кпп,3,282315,ремонт трансмісії та кпп,2.70,5.40,6.75,10.80
товари,сировина та матеріали,паливно-енергетична сировина,нафта та нафтопродукти,бітум,4,100105,бітум,0.99,1.98,2.47,3.95
товари,сировина та матеріали,сировина для важкої промисловості,гумова сировина,гумова сировина,3,80809,гумова сировина,2.11,4.23,5.28,8.45
товари,сировина та матеріали,паливно-енергетична сировина,тверде паливо,паливні пелети та брикети,4,1006,паливні пелети та брикети,2.70,5.40,6.75,10.80
товари,сировина та матеріали,сировина для важкої промисловості,полімерна сировина,полівінілхлорид,4,807020,полівінілхлорид,2.11,4.23,5.28,8.45
товари,сировина та матеріали,сировина для важкої промисловості,полімерна сировина,"полімерна сировина, загальне",4,807099,"полімерна сировина, загальне",2.16,4.33,5.41,8.65
товари,сировина та матеріали,сировина для важкої промисловості,полімерна сировина,поліпропілен,4,807015,поліпропілен,2.11,4.23,5.28,8.45
товари,сировина та матеріали,шпонкові матеріали,шпонкові матеріали,шпонкові матеріали,2,421007,шпонкові матеріали,2.48,4.95,6.19,9.90
товари,"сільгосппродукція, техніка та обладнання",сільськогосподарське обладнання,обладнання для тваринництва,аналізатори молока,4,15370108,аналізатори молока,1.94,3.88,4.84,7.75
товари,"сільгосппродукція, техніка та обладнання",тваринництво,вермікультура,вермікультура,3,127,вермікультура,0.53,1.05,1.31,2.10
товари,"сільгосппродукція, техніка та обладнання",сільськогосподарське обладнання,обладнання для рослинництва,гідропонні установки,4,12821,гідропонні установки,1.71,3.43,4.28,6.85
товари,"сільгосппродукція, техніка та обладнання",сільськогосподарське обладнання,обладнання для тваринництва,гноєзбиральні транспортери,4,13121,гноєзбиральні транспортери,1.94,3.88,4.84,7.75
товари,"сільгосппродукція, техніка та обладнання",сільськогосподарська техніка,навісне та причіпне сільгоспобладнання,грунтообробні котки,4,1280806,грунтообробні котки,1.88,3.75,4.69,7.50
товари,"сільгосппродукція, техніка та обладнання",сільськогосподарське обладнання,елеватори та зерносховища,елеватори,4,120801,елеватори,2.70,5.40,6.75,10.80
товари,"сільгосппродукція, техніка та обладнання",сільськогосподарське обладнання,елеватори та зерносховища,"елеватори та зерносховища, загальне",4,120805,"елеватори та зерносховища, загальне",2.16,4.33,5.41,8.65
товари,"сільгосппродукція, техніка та обладнання",сільськогосподарське обладнання,обладнання для вирощування та переробки зерна,запчастини до зерноочисної техніки,4,1281005,запчастини до зерноочисної техніки,2.48,4.95,6.19,9.90
товари,"сільгосппродукція, техніка та обладнання",сільськогосподарське обладнання,елеватори та зерносховища,зерносушарки,4,120804,зерносушарки,2.70,5.40,6.75,10.80
товари,"сільгосппродукція, техніка та обладнання",сільськогосподарське обладнання,елеватори та зерносховища,зерносховища,4,120802,зерносховища,2.70,5.40,6.75,10.80
товари,"сільгосппродукція, техніка та обладнання",сільськогосподарська техніка,навісне та причіпне сільгоспобладнання,картоплекопалки,4,1280504,картоплекопалки,1.88,3.75,4.69,7.50
товари,"сільгосппродукція, техніка та обладнання",сільськогосподарське обладнання,обладнання для тваринництва,керування мікрокліматом на фермах,4,13110,керування мікрокліматом на фермах,1.94,3.88,4.84,7.75
товари,"сільгосппродукція, техніка та обладнання",компостне обладнання,компостне обладнання,компостне обладнання,2,169,компостне обладнання,1.08,2.16,2.70,4.33
товари,"сільгосппродукція, техніка та обладнання",тваринництво,сільськогосподарські корми,корми рослинного походження,4,11308,корми рослинного походження,0.76,1.53,1.91,3.05
товари,"сільгосппродукція, техніка та обладнання",тваринництво,сільськогосподарські корми,корми тваринного походження,4,11301,корми тваринного походження,0.76,1.53,1.91,3.05
товари,"сільгосппродукція, техніка та обладнання",сільськогосподарська техніка,навісне та причіпне сільгоспобладнання,кормороздавачі,4,13114,кормороздавачі,1.88,3.75,4.69,7.50
товари,"сільгосппродукція, техніка та обладнання",сільськогосподарське обладнання,обладнання для вирощування та переробки зерна,лабораторне обладнання для зернової промисловості,4,120806,лабораторне обладнання для зернової промисловості,2.48,4.95,6.19,9.90
товари,"сільгосппродукція, техніка та обладнання",сільськогосподарська техніка,навісне та причіпне сільгоспобладнання,лущильники,4,1280804,лущильники,1.88,3.75,4.69,7.50
товари,"сільгосппродукція, техніка та обладнання",сільськогосподарська техніка,навісне та причіпне сільгоспобладнання,навісні культиватори,4,1280802,навісні культиватори,1.88,3.75,4.69,7.50
товари,"сільгосппродукція, техніка та обладнання",сільськогосподарська техніка,навісне та причіпне сільгоспобладнання,навісні та причіпні сівалки,4,1280901,навісні та причіпні сівалки,1.88,3.75,4.69,7.50
товари,"сільгосппродукція, техніка та обладнання",рослинництво,польові культури,насіння бобових культур,4,10101,насіння бобових культур,0.76,1.53,1.91,3.05
товари,"сільгосппродукція, техніка та обладнання",сільськогосподарське обладнання,обладнання для вирощування та переробки зерна,"обладнання для вирощування та переробки зерна, загальне",4,1281002,"обладнання для вирощування та переробки зерна, загальне",2.16,4.33,5.41,8.65
товари,"сільгосппродукція, техніка та обладнання",сільськогосподарське обладнання,обладнання для тваринництва,обладнання для птахівництва,4,11101,обладнання для птахівництва,1.94,3.88,4.84,7.75
товари,"сільгосппродукція, техніка та обладнання",сільськогосподарське обладнання,обладнання для рибних господарств,обладнання для рибних господарств,3,13006,обладнання для рибних господарств,1.31,2.61,3.27,5.23
товари,"сільгосппродукція, техніка та обладнання",сільськогосподарська техніка,навісне та причіпне сільгоспобладнання,обладнання для розчищення посівних площ,4,1281106,обладнання для розчищення посівних площ,1.88,3.75,4.69,7.50
товари,"сільгосппродукція, техніка та обладнання",сільськогосподарське обладнання,обладнання для тваринництва,обладнання для свинарства,4,13105,обладнання для свинарства,1.94,3.88,4.84,7.75
товари,"сільгосппродукція, техніка та обладнання",сільськогосподарська техніка,навісне та причіпне сільгоспобладнання,обмотувачі рулонів для заготівлі кормів,4,1280605,обмотувачі рулонів для заготівлі кормів,1.88,3.75,4.69,7.50
товари,"сільгосппродукція, техніка та обладнання",сільськогосподарське обладнання,обладнання для тваринництва,опалення та системи мікроклімату для тваринництва і птахівництва,4,12815,опалення та системи мікроклімату для тваринництва і птахівництва,1.94,3.88,4.84,7.75
товари,"сільгосппродукція, техніка та обладнання",сільськогосподарська техніка,навісне та причіпне сільгоспобладнання,посівні комплекси,4,1280903,посівні комплекси,1.88,3.75,4.69,7.50
товари,"сільгосппродукція, техніка та обладнання",рибництво,"рибництво, загальне","рибництво, загальне",3,12601,"рибництво, загальне",2.16,4.33,5.41,8.65
товари,"сільгосппродукція, техніка та обладнання",сільськогосподарська техніка,навісне та причіпне сільгоспобладнання,розкидачі добрив,4,1281107,розкидачі добрив,1.88,3.75,4.69,7.50
товари,"сільгосппродукція, техніка та обладнання",сільськогосподарське обладнання,елеватори та зерносховища,самопливне обладнання,4,120809,самопливне обладнання,2.70,5.40,6.75,10.80
товари,"сільгосппродукція, техніка та обладнання",сільськогосподарська техніка,навісне та причіпне сільгоспобладнання,системи контролю висіву,4,1280905,системи контролю висіву,1.88,3.75,4.69,7.50
товари,"сільгосппродукція, техніка та обладнання",сільськогосподарська техніка,системи точного землеробства,системи точного землеробства,3,12818,системи точного землеробства,0.76,1.53,1.91,3.05
товари,"сільгосппродукція, техніка та обладнання",сільськогосподарська техніка,сільськогосподарські напівпричепи та причепи,сільськогосподарські напівпричепи та причепи,3,1281103,сільськогосподарські напівпричепи та причепи,0.76,1.53,1.91,3.05
товари,"сільгосппродукція, техніка та обладнання",сільськогосподарське обладнання,сортувальне сільськогосподарське обладнання,сортувальне сільськогосподарське обладнання,3,12817,сортувальне сільськогосподарське обладнання,1.66,3.33,4.16,6.65
послуги,сільськогосподарські послуги,сільськогосподарські послуги,сільськогосподарські послуги,сільськогосподарські послуги,1,2851,сільськогосподарські послуги,1.49,2.99,3.73,5.98
товари,спорт і відпочинок,велосипеди та аксесуари,електровелосипеди,електровелосипеди,3,182104,електровелосипеди,2.33,4.65,5.81,9.30
товари,тара та упаковка,пакувальні матеріали,металеві пакувальні матеріали,аерозольні балони,4,230601,аерозольні балони,0.86,1.71,2.14,3.43
товари,тара та упаковка,упаковка для транспортування,бочки та кеги,бочки та кеги,3,232009,бочки та кеги,0.76,1.53,1.91,3.05
товари,тара та упаковка,пакувальні матеріали,мотузкові вироби,будівельні шнури,4,230657,будівельні шнури,1.26,2.53,3.16,5.05
товари,тара та упаковка,етикетки та бирки,етикетки та бирки,етикетки та бирки,2,2305,етикетки та бирки,2.11,4.23,5.28,8.45
товари,тара та упаковка,контейнери морські та комплектуючі до них,контейнери морські та комплектуючі до них,контейнери морські та комплектуючі до них,2,1205,контейнери морські та комплектуючі до них,1.08,2.16,2.70,4.33
товари,тара та упаковка,пакувальні матеріали,металеві пакувальні матеріали,"металеві пакувальні матеріали, загальне",4,230630,"металеві пакувальні матеріали, загальне",2.16,4.33,5.41,8.65
товари,тара та упаковка,упаковка для транспортування,палети,палети,3,232003,палети,2.21,4.43,5.53,8.85
товари,тара та упаковка,паперова продукція та упаковка,"папір, загальне","папір, загальне",3,230108,"папір, загальне",2.16,4.33,5.41,8.65
товари,тара та упаковка,пакувальні матеріали,пластикові ємності,"пластикові ємності, загальне",4,230612,"пластикові ємності, загальне",2.16,4.33,5.41,8.65
товари,тара та упаковка,пакувальні матеріали,пакувальні плівки,повітряно-пухирчаста плівка,4,230647,повітряно-пухирчаста плівка,1.35,2.70,3.38,5.40
товари,тара та упаковка,"тара та упаковка, загальне","тара та упаковка, загальне","тара та упаковка, загальне",2,2313,"тара та упаковка, загальне",2.16,4.33,5.41,8.65
товари,тара та упаковка,промислова упаковка,упаковка для медичних товарів,упаковка для медичних товарів,3,231904,упаковка для медичних товарів,0.72,1.44,1.80,2.88
товари,тара та упаковка,упаковка для транспортування,"упаковка для транспортування, загальне","упаковка для транспортування, загальне",3,232011,"упаковка для транспортування, загальне",2.16,4.33,5.41,8.65
товари,телекомунікації та зв'язок,серверне обладнання,аксесуари та комплектуючі для серверного обладнання,аксесуари та комплектуючі для серверного обладнання,3,70308,аксесуари та комплектуючі для серверного обладнання,0.76,1.53,1.91,3.05
товари,телекомунікації та зв'язок,телефонія,"атс, міні-атс","атс, міні-атс",3,5090102,"атс, міні-атс",0.53,1.05,1.31,2.10
товари,телекомунікації та зв'язок,багатофункціональні апаратні,"багатофункціональні апаратні, загальне","багатофункціональні апаратні, загальне",3,5090901,"багатофункціональні апаратні, загальне",2.16,4.33,5.41,8.65
товари,телекомунікації та зв'язок,пасивне мережеве обладнання,оптоволоконне обладнання,витратні матеріали та інструменти для оптоволокна,4,5092009,витратні матеріали та інструменти для оптоволокна,0.86,1.71,2.14,3.43
товари,телекомунікації та зв'язок,телефонія,відеофони та комплектуючі,відеофони та комплектуючі,3,50917,відеофони та комплектуючі,0.76,1.53,1.91,3.05
товари,телекомунікації та зв'язок,активне мережеве обладнання,генератори шуму,генератори шуму,3,300407,генератори шуму,0.53,1.05,1.31,2.10
товари,телекомунікації та зв'язок,обладнання для телебачення,головні станції кабельного телебачення,головні станції кабельного телебачення,3,5093602,головні станції кабельного телебачення,0.76,1.53,1.91,3.05
товари,телекомунікації та зв'язок,телефонія,"комплектуючі для атс, міні-атс","комплектуючі для атс, міні-атс",3,5090106,"комплектуючі для атс, міні-атс",0.53,1.05,1.31,2.10
товари,телекомунікації та зв'язок,пасивне мережеве обладнання,оптоволоконне обладнання,модулі gbic та sfp,4,5092007,модулі gbic та sfp,0.86,1.71,2.14,3.43
товари,телекомунікації та зв'язок,багатофункціональні апаратні,"модулі, плати вводу/виводу","модулі, плати вводу/виводу",3,5090903,"модулі, плати вводу/виводу",0.76,1.53,1.91,3.05
товари,телекомунікації та зв'язок,активне мережеве обладнання,мультиплексори,мультиплексори,3,50923,мультиплексори,0.76,1.53,1.91,3.05
товари,телекомунікації та зв'язок,активне мережеве обладнання,обладнання для мереж isdn,обладнання для мереж isdn,3,50926,обладнання для мереж isdn,0.76,1.53,1.91,3.05
товари,телекомунікації та зв'язок,обладнання для телебачення,"обладнання для телебачення, загальне","обладнання для телебачення, загальне",3,5093601,"обладнання для телебачення, загальне",2.16,4.33,5.41,8.65
товари,телекомунікації та зв'язок,пасивне мережеве обладнання,оптоволоконне обладнання,оптико-волоконні адаптери та конектори,4,5092003,оптико-волоконні адаптери та конектори,0.86,1.71,2.14,3.43
товари,телекомунікації та зв'язок,пасивне мережеве обладнання,оптоволоконне обладнання,оптико-волоконні муфти,4,5092005,оптико-волоконні муфти,0.86,1.71,2.14,3.43
товари,телекомунікації та зв'язок,пасивне мережеве обладнання,оптоволоконне обладнання,оптичні панелі та бокси,4,5092004,оптичні панелі та бокси,0.86,1.71,2.14,3.43
товари,телекомунікації та зв'язок,пасивне мережеве обладнання,оптоволоконне обладнання,"оптоволоконне обладнання, загальне",4,5092002,"оптоволоконне обладнання, загальне",2.16,4.33,5.41,8.65
товари,телекомунікації та зв'язок,серверне обладнання,промислові комп'ютери,промислові комп'ютери,3,70307,промислові комп'ютери,1.08,2.16,2.70,4.33
товари,телекомунікації та зв'язок,серверне обладнання,сервери,сервери,3,70302,сервери,1.58,3.15,3.94,6.30
товари,техніка та електроніка,комп'ютерна техніка та пз,програмне забезпечення (пз),науково-технічне пз,4,28420307,науково-технічне пз,1.98,3.96,4.95,7.93
товари,техніка та електроніка,tv та відеотехніка,"супутникове, кабельне телебачення",супутникові антени,4,6371704,супутникові антени,0.76,1.53,1.91,3.05
товари,товари для дітей,дитячі меблі,дитячі та підліткові ліжка,дитячі та підліткові ліжка,3,371301,дитячі та підліткові ліжка,1.94,3.88,4.84,7.75